thesis_id,person_name_raw,person_name_standardized,relationship_category,evidence_snippet,pdf_page_number,printed_page_number,source_pdf_url,extraction_date
MIT-2020-001,Professor Vincent W. S. Chan,"Chan, Vincent W. S.",advisor,"my research advisor, Professor Vincent W. S. Chan, for his knowledge, expertise, support, and patience",5,5,https://dspace.mit.edu/server/api/core/bitstreams/391cff7e-710e-45b5-9dec-78af25cfe869/content,2026-08-06
MIT-2020-001,Dr. Richard Barry,"Barry, Richard",committee,carving out time to join my thesis committee,5,5,https://dspace.mit.edu/server/api/core/bitstreams/391cff7e-710e-45b5-9dec-78af25cfe869/content,2026-08-06
MIT-2020-001,Professor Vivienne Sze,"Sze, Vivienne",committee,carving out time to join my thesis committee,5,5,https://dspace.mit.edu/server/api/core/bitstreams/391cff7e-710e-45b5-9dec-78af25cfe869/content,2026-08-06
MIT-2020-001,Lei Zhang,"Zhang, Lei",labmate,my fellow group mates,5,5,https://dspace.mit.edu/server/api/core/bitstreams/391cff7e-710e-45b5-9dec-78af25cfe869/content,2026-08-06
MIT-2020-001,Henna Huang,"Huang, Henna",labmate,my fellow group mates,5,5,https://dspace.mit.edu/server/api/core/bitstreams/391cff7e-710e-45b5-9dec-78af25cfe869/content,2026-08-06
MIT-2020-001,Matthew Carey,"Carey, Matthew",labmate,my fellow group mates,5,5,https://dspace.mit.edu/server/api/core/bitstreams/391cff7e-710e-45b5-9dec-78af25cfe869/content,2026-08-06
MIT-2020-001,Manishika Agaskar,"Agaskar, Manishika",labmate,my fellow group mates,5,5,https://dspace.mit.edu/server/api/core/bitstreams/391cff7e-710e-45b5-9dec-78af25cfe869/content,2026-08-06
MIT-2020-001,Shane Fink,"Fink, Shane",labmate,my fellow group mates,5,5,https://dspace.mit.edu/server/api/core/bitstreams/391cff7e-710e-45b5-9dec-78af25cfe869/content,2026-08-06
MIT-2020-001,Arman Rezaee,"Rezaee, Arman",labmate,my fellow group mates,5,5,https://dspace.mit.edu/server/api/core/bitstreams/391cff7e-710e-45b5-9dec-78af25cfe869/content,2026-08-06
MIT-2020-001,John Metzger,"Metzger, John",labmate,my fellow group mates,5,5,https://dspace.mit.edu/server/api/core/bitstreams/391cff7e-710e-45b5-9dec-78af25cfe869/content,2026-08-06
MIT-2020-001,Antonia Feffer,"Feffer, Antonia",labmate,my fellow group mates,5,5,https://dspace.mit.edu/server/api/core/bitstreams/391cff7e-710e-45b5-9dec-78af25cfe869/content,2026-08-06
MIT-2020-001,Esther Jang,"Jang, Esther",labmate,my fellow group mates,5,5,https://dspace.mit.edu/server/api/core/bitstreams/391cff7e-710e-45b5-9dec-78af25cfe869/content,2026-08-06
MIT-2020-001,Andrew Song,"Song, Andrew",labmate,my fellow group mates,5,5,https://dspace.mit.edu/server/api/core/bitstreams/391cff7e-710e-45b5-9dec-78af25cfe869/content,2026-08-06
MIT-2020-001,Junior Weerachai Neeranartvong,"Neeranartvong, Weerachai (Junior)",labmate,my fellow group mates,5,5,https://dspace.mit.edu/server/api/core/bitstreams/391cff7e-710e-45b5-9dec-78af25cfe869/content,2026-08-06
MIT-2020-002,Dirk Englund,"Englund, Dirk",advisor,"my thesis advisor, Dirk Englund, for giving me the opportunity to conduct research in his lab",5,5,https://dspace.mit.edu/server/api/core/bitstreams/83254bff-5377-4e3a-ae84-5d0c67c49f50/content,2026-08-06
MIT-2020-002,Karl Berggren,"Berggren, Karl",committee,"other members of my thesis committee, Karl Berggren and Paola Cappellaro",5,5,https://dspace.mit.edu/server/api/core/bitstreams/83254bff-5377-4e3a-ae84-5d0c67c49f50/content,2026-08-06
MIT-2020-002,Paola Cappellaro,"Cappellaro, Paola",committee,"other members of my thesis committee, Karl Berggren and Paola Cappellaro",5,5,https://dspace.mit.edu/server/api/core/bitstreams/83254bff-5377-4e3a-ae84-5d0c67c49f50/content,2026-08-06
MIT-2020-002,Tim Schröder,"Schröder, Tim",other,"special shout-out to my mentor, Tim Schröder, who helped me navigate entry into the lab",5,5,https://dspace.mit.edu/server/api/core/bitstreams/83254bff-5377-4e3a-ae84-5d0c67c49f50/content,2026-08-06
MIT-2020-002,Luozhou Li,"Li, Luozhou",labmate,help from our diamond fab team,5,5,https://dspace.mit.edu/server/api/core/bitstreams/83254bff-5377-4e3a-ae84-5d0c67c49f50/content,2026-08-06
MIT-2020-002,Jiabao Zheng,"Zheng, Jiabao",labmate,help from our diamond fab team,5,5,https://dspace.mit.edu/server/api/core/bitstreams/83254bff-5377-4e3a-ae84-5d0c67c49f50/content,2026-08-06
MIT-2020-002,Sara Mouradian,"Mouradian, Sara",labmate,help from our diamond fab team,5,5,https://dspace.mit.edu/server/api/core/bitstreams/83254bff-5377-4e3a-ae84-5d0c67c49f50/content,2026-08-06
MIT-2020-002,Noel Wan,"Wan, Noel",labmate,help from our diamond fab team,5,5,https://dspace.mit.edu/server/api/core/bitstreams/83254bff-5377-4e3a-ae84-5d0c67c49f50/content,2026-08-06
MIT-2020-002,Kevin Chen,"Chen, Kevin",labmate,help from our diamond fab team,5,5,https://dspace.mit.edu/server/api/core/bitstreams/83254bff-5377-4e3a-ae84-5d0c67c49f50/content,2026-08-06
MIT-2020-002,Eric Bersin,"Bersin, Eric",labmate,truly crucial member who helped bring the team together,5,5,https://dspace.mit.edu/server/api/core/bitstreams/83254bff-5377-4e3a-ae84-5d0c67c49f50/content,2026-08-06
MIT-2020-002,Professor Ruonan Han,"Han, Ruonan",collaborator,"who has been a valued collaborator, and taught me the design of cutting-edge CMOS technology",5,5,https://dspace.mit.edu/server/api/core/bitstreams/83254bff-5377-4e3a-ae84-5d0c67c49f50/content,2026-08-06
MIT-2020-003,Lucia,Lucia,partner,I would like to thank my wonderful wife Lucia,4,4,https://dspace.mit.edu/server/api/core/bitstreams/2e7d8276-d958-4b57-96e9-662fc3cf4461/content,2026-08-06
MIT-2020-004,Prof. Karl Berggren,"Berggren, Karl",advisor,"My advisor, Prof. Karl Berggren, for his encouragement and guidance",5,5,https://dspace.mit.edu/server/api/core/bitstreams/3b92a227-d089-40f5-8bc1-c1f1798e5b5b/content,2026-08-06
MIT-2020-004,Adam McCaughan,"McCaughan, Adam",other,for their invaluable mentorship during my first two years of graduate school,5,5,https://dspace.mit.edu/server/api/core/bitstreams/3b92a227-d089-40f5-8bc1-c1f1798e5b5b/content,2026-08-06
MIT-2020-004,Qing-Yuan Zhao,"Zhao, Qing-Yuan",other,for their invaluable mentorship during my first two years of graduate school,5,5,https://dspace.mit.edu/server/api/core/bitstreams/3b92a227-d089-40f5-8bc1-c1f1798e5b5b/content,2026-08-06
MIT-2020-004,Dorothy Fleischer,"Fleischer, Dorothy",other,for their generosity and for keeping all of us organized,5,5,https://dspace.mit.edu/server/api/core/bitstreams/3b92a227-d089-40f5-8bc1-c1f1798e5b5b/content,2026-08-06
MIT-2020-004,Lara Ranieri,"Ranieri, Lara",other,for their generosity and for keeping all of us organized,5,5,https://dspace.mit.edu/server/api/core/bitstreams/3b92a227-d089-40f5-8bc1-c1f1798e5b5b/content,2026-08-06
MIT-2020-004,Qing Hu,"Hu, Qing",other,for his mentorship and support throughout my time in graduate school,5,5,https://dspace.mit.edu/server/api/core/bitstreams/3b92a227-d089-40f5-8bc1-c1f1798e5b5b/content,2026-08-06
MIT-2020-004,Ken Segall,"Segall, Ken",other,sharing their knowledge with me and providing invaluable advice about technical aspects,5,5,https://dspace.mit.edu/server/api/core/bitstreams/3b92a227-d089-40f5-8bc1-c1f1798e5b5b/content,2026-08-06
MIT-2020-004,Tom Ohki,"Ohki, Tom",other,sharing their knowledge with me and providing invaluable advice about technical aspects,5,5,https://dspace.mit.edu/server/api/core/bitstreams/3b92a227-d089-40f5-8bc1-c1f1798e5b5b/content,2026-08-06
MIT-2020-004,Nancy Lynch,"Lynch, Nancy",other,sharing their knowledge with me and providing invaluable advice about technical aspects,5,5,https://dspace.mit.edu/server/api/core/bitstreams/3b92a227-d089-40f5-8bc1-c1f1798e5b5b/content,2026-08-06
MIT-2020-004,Graham Rowlands,"Rowlands, Graham",collaborator,My collaborators at Raytheon BBN Technologies,5,5,https://dspace.mit.edu/server/api/core/bitstreams/3b92a227-d089-40f5-8bc1-c1f1798e5b5b/content,2026-08-06
MIT-2020-004,Andrew Wagner,"Wagner, Andrew",collaborator,My collaborators at Raytheon BBN Technologies,5,5,https://dspace.mit.edu/server/api/core/bitstreams/3b92a227-d089-40f5-8bc1-c1f1798e5b5b/content,2026-08-06
MIT-2020-004,Guilhem Ribeill,"Ribeill, Guilhem",collaborator,My collaborators at Raytheon BBN Technologies,5,5,https://dspace.mit.edu/server/api/core/bitstreams/3b92a227-d089-40f5-8bc1-c1f1798e5b5b/content,2026-08-06
MIT-2020-004,Minh-Hai Nguyen,"Nguyen, Minh-Hai",collaborator,My collaborators at Raytheon BBN Technologies,5,5,https://dspace.mit.edu/server/api/core/bitstreams/3b92a227-d089-40f5-8bc1-c1f1798e5b5b/content,2026-08-06
MIT-2020-004,James Daley,"Daley, James",other,technical assistance and for cheering up even the most distressing days in the cleanroom,5,5,https://dspace.mit.edu/server/api/core/bitstreams/3b92a227-d089-40f5-8bc1-c1f1798e5b5b/content,2026-08-06
MIT-2020-004,Mark Mondol,"Mondol, Mark",other,technical assistance and for cheering up even the most distressing days in the cleanroom,5,5,https://dspace.mit.edu/server/api/core/bitstreams/3b92a227-d089-40f5-8bc1-c1f1798e5b5b/content,2026-08-06
MIT-2020-004,Leslie Kolodziejski,"Kolodziejski, Leslie",other,for being the heart and soul of this department,5,5,https://dspace.mit.edu/server/api/core/bitstreams/3b92a227-d089-40f5-8bc1-c1f1798e5b5b/content,2026-08-06
MIT-2020-004,Navid Abedzadeh,"Abedzadeh, Navid",friend,"for being my friend, confidant, and fellow artist since our first day at MIT together",5,5,https://dspace.mit.edu/server/api/core/bitstreams/3b92a227-d089-40f5-8bc1-c1f1798e5b5b/content,2026-08-06
MIT-2020-004,Simon Vecchioni,"Vecchioni, Simon",collaborator,starting me off on this whole career path since our first project together seven years ago,5,5,https://dspace.mit.edu/server/api/core/bitstreams/3b92a227-d089-40f5-8bc1-c1f1798e5b5b/content,2026-08-06
MIT-2020-004,Marco Colangelo,"Colangelo, Marco",collaborator,for embarking on numerous projects with me and for making the research process more enjoyable,5,5,https://dspace.mit.edu/server/api/core/bitstreams/3b92a227-d089-40f5-8bc1-c1f1798e5b5b/content,2026-08-06
MIT-2020-005,Stefanie Jegelka,"Jegelka, Stefanie",advisor,"I will start by thanking my advisor, Stefanie Jegelka",5,5,https://dspace.mit.edu/server/api/core/bitstreams/f05ce200-7d30-4cad-996a-7623404468b4/content,2026-08-06
MIT-2020-005,John Tsitsiklis,"Tsitsiklis, John",committee,"my other committee members, John Tsitsiklis and Andreas Krause",5,5,https://dspace.mit.edu/server/api/core/bitstreams/f05ce200-7d30-4cad-996a-7623404468b4/content,2026-08-06
MIT-2020-005,Andreas Krause,"Krause, Andreas",committee,"my other committee members, John Tsitsiklis and Andreas Krause",5,5,https://dspace.mit.edu/server/api/core/bitstreams/f05ce200-7d30-4cad-996a-7623404468b4/content,2026-08-06
MIT-2020-005,Suvrit Sra,"Sra, Suvrit",collaborator,wonderful senior collaborators and mentors,5,5,https://dspace.mit.edu/server/api/core/bitstreams/f05ce200-7d30-4cad-996a-7623404468b4/content,2026-08-06
MIT-2020-005,Justin Solomon,"Solomon, Justin",collaborator,wonderful senior collaborators and mentors,5,5,https://dspace.mit.edu/server/api/core/bitstreams/f05ce200-7d30-4cad-996a-7623404468b4/content,2026-08-06
MIT-2020-005,Bryan Wilder,"Wilder, Bryan",collaborator,great student collaborators and also great friends,5,5,https://dspace.mit.edu/server/api/core/bitstreams/f05ce200-7d30-4cad-996a-7623404468b4/content,2026-08-06
MIT-2020-005,Sebastian Claici,"Claici, Sebastian",collaborator,great student collaborators and also great friends,5,5,https://dspace.mit.edu/server/api/core/bitstreams/f05ce200-7d30-4cad-996a-7623404468b4/content,2026-08-06
MIT-2020-005,Sashank Reddi,"Reddi, Sashank",collaborator,for their guidance and for hosting me for a fruitful summer at Google Research,5,5,https://dspace.mit.edu/server/api/core/bitstreams/f05ce200-7d30-4cad-996a-7623404468b4/content,2026-08-06
MIT-2020-005,Satyen Kale,"Kale, Satyen",collaborator,for their guidance and for hosting me for a fruitful summer at Google Research,5,5,https://dspace.mit.edu/server/api/core/bitstreams/f05ce200-7d30-4cad-996a-7623404468b4/content,2026-08-06
MIT-2020-005,Sanjiv Kumar,"Kumar, Sanjiv",collaborator,for their guidance and for hosting me for a fruitful summer at Google Research,5,5,https://dspace.mit.edu/server/api/core/bitstreams/f05ce200-7d30-4cad-996a-7623404468b4/content,2026-08-06
MIT-2020-005,James Kirpes,"Kirpes, James",other,for nurturing my love for math in my formative years,5,5,https://dspace.mit.edu/server/api/core/bitstreams/f05ce200-7d30-4cad-996a-7623404468b4/content,2026-08-06
MIT-2020-005,Bernard Widrow,"Widrow, Bernard",other,helping guide a bushy-tailed undergraduate interested in applying math,5,5,https://dspace.mit.edu/server/api/core/bitstreams/f05ce200-7d30-4cad-996a-7623404468b4/content,2026-08-06
MIT-2020-005,Brad Osgood,"Osgood, Brad",other,helping guide a bushy-tailed undergraduate interested in applying math,5,5,https://dspace.mit.edu/server/api/core/bitstreams/f05ce200-7d30-4cad-996a-7623404468b4/content,2026-08-06
MIT-2020-005,Jindong Cai,"Cai, Jindong",other,for helping that undergraduate stay well-rounded,5,5,https://dspace.mit.edu/server/api/core/bitstreams/f05ce200-7d30-4cad-996a-7623404468b4/content,2026-08-06
MIT-2020-005,Sheila Melvin,"Melvin, Sheila",other,for helping that undergraduate stay well-rounded,5,5,https://dspace.mit.edu/server/api/core/bitstreams/f05ce200-7d30-4cad-996a-7623404468b4/content,2026-08-06
MIT-2020-005,Thomas Moscibroda,"Moscibroda, Thomas",other,"for hosting me at MSR Asia, for what was one of my first real doses of academic research",5,5,https://dspace.mit.edu/server/api/core/bitstreams/f05ce200-7d30-4cad-996a-7623404468b4/content,2026-08-06
MIT-2020-005,Nic Lane,"Lane, Nic",other,"for hosting me at MSR Asia, for what was one of my first real doses of academic research",5,5,https://dspace.mit.edu/server/api/core/bitstreams/f05ce200-7d30-4cad-996a-7623404468b4/content,2026-08-06
MIT-2020-005,Div,Div,other,"thanks to Div, Jin, and the team at Two Sigma for teaching",5,5,https://dspace.mit.edu/server/api/core/bitstreams/f05ce200-7d30-4cad-996a-7623404468b4/content,2026-08-06
MIT-2020-005,Jin,Jin,other,"thanks to Div, Jin, and the team at Two Sigma for teaching",5,5,https://dspace.mit.edu/server/api/core/bitstreams/f05ce200-7d30-4cad-996a-7623404468b4/content,2026-08-06
MIT-2020-006,Munther Dahleh,"Dahleh, Munther",advisor,I would like to begin by thanking my advisor Munther Dahleh,7,7,https://dspace.mit.edu/server/api/core/bitstreams/a5410ca7-3484-4166-bcbe-6ec098f38daa/content,2026-08-06
MIT-2020-006,Sasha Rakhlin,"Rakhlin, Sasha",collaborator,fortuitous that I happened to collaborate with Sasha Rakhlin,7,7,https://dspace.mit.edu/server/api/core/bitstreams/a5410ca7-3484-4166-bcbe-6ec098f38daa/content,2026-08-06
MIT-2020-006,Mardavij Roozbehani,"Roozbehani, Mardavij",committee,I thank my doctoral committee members: Mardavij Roozbehani and Yury Polyanskiy,7,7,https://dspace.mit.edu/server/api/core/bitstreams/a5410ca7-3484-4166-bcbe-6ec098f38daa/content,2026-08-06
MIT-2020-006,Yury Polyanskiy,"Polyanskiy, Yury",committee,I thank my doctoral committee members: Mardavij Roozbehani and Yury Polyanskiy,7,7,https://dspace.mit.edu/server/api/core/bitstreams/a5410ca7-3484-4166-bcbe-6ec098f38daa/content,2026-08-06
MIT-2020-007,Prof. Shafi Goldwasser,"Goldwasser, Shafi",advisor,"my thesis supervisor, Prof. Shafi Goldwasser for her unending guidance and support",5,5,https://dspace.mit.edu/server/api/core/bitstreams/b039f325-a7dc-4a39-8ec3-19dd0d7a1c5b/content,2026-08-06
MIT-2020-007,Prof. Mike Sipser,"Sipser, Mike",committee,"other members of my thesis committee, Prof. Mike Sipser and Prof. Vinod Vaikuntanathan",5,5,https://dspace.mit.edu/server/api/core/bitstreams/b039f325-a7dc-4a39-8ec3-19dd0d7a1c5b/content,2026-08-06
MIT-2020-007,Prof. Vinod Vaikuntanathan,"Vaikuntanathan, Vinod",committee,"other members of my thesis committee, Prof. Mike Sipser and Prof. Vinod Vaikuntanathan",5,5,https://dspace.mit.edu/server/api/core/bitstreams/b039f325-a7dc-4a39-8ec3-19dd0d7a1c5b/content,2026-08-06
MIT-2020-007,Siddhartha Jayanti,"Jayanti, Siddhartha",collaborator,I would like to thank my collaborators for this work,5,5,https://dspace.mit.edu/server/api/core/bitstreams/b039f325-a7dc-4a39-8ec3-19dd0d7a1c5b/content,2026-08-06
MIT-2020-007,Ranjit Kumaresan,"Kumaresan, Ranjit",collaborator,I would like to thank my collaborators for this work,5,5,https://dspace.mit.edu/server/api/core/bitstreams/b039f325-a7dc-4a39-8ec3-19dd0d7a1c5b/content,2026-08-06
MIT-2020-007,Adam Sealfon,"Sealfon, Adam",collaborator,I would like to thank my collaborators for this work,5,5,https://dspace.mit.edu/server/api/core/bitstreams/b039f325-a7dc-4a39-8ec3-19dd0d7a1c5b/content,2026-08-06
MIT-2020-007,Nikhil Vyas,"Vyas, Nikhil",collaborator,I would like to thank my collaborators for this work,5,5,https://dspace.mit.edu/server/api/core/bitstreams/b039f325-a7dc-4a39-8ec3-19dd0d7a1c5b/content,2026-08-06
MIT-2020-007,Janet Fischer,"Fischer, Janet",other,for being a terrific graduate administrator,5,5,https://dspace.mit.edu/server/api/core/bitstreams/b039f325-a7dc-4a39-8ec3-19dd0d7a1c5b/content,2026-08-06
MIT-2020-008,Elchanan Mossel,"Mossel, Elchanan",advisor,"The foremost person I need to thank is my adviser, Elchanan Mossel",5,,https://dspace.mit.edu/server/api/core/bitstreams/1ac912b3-f1e7-4bf3-bd48-324331277413/content,2026-08-06
MIT-2020-008,Yael Kalai,"Kalai, Yael",committee,worked with me for years of my PhD; also on my thesis committee,5,,https://dspace.mit.edu/server/api/core/bitstreams/1ac912b3-f1e7-4bf3-bd48-324331277413/content,2026-08-06
MIT-2020-008,Dana Moshkovitz,"Moshkovitz, Dana",other,my adviser during my Master's thesis,5,,https://dspace.mit.edu/server/api/core/bitstreams/1ac912b3-f1e7-4bf3-bd48-324331277413/content,2026-08-06
MIT-2020-008,Ronitt Rubinfeld,"Rubinfeld, Ronitt",committee,who agreed to join my committee with short notice,5,,https://dspace.mit.edu/server/api/core/bitstreams/1ac912b3-f1e7-4bf3-bd48-324331277413/content,2026-08-06
MIT-2020-008,Gireeja Ranade,"Ranade, Gireeja",collaborator,my amazing coauthors,5,,https://dspace.mit.edu/server/api/core/bitstreams/1ac912b3-f1e7-4bf3-bd48-324331277413/content,2026-08-06
MIT-2020-008,Anant Sahai,"Sahai, Anant",collaborator,my amazing coauthors,5,,https://dspace.mit.edu/server/api/core/bitstreams/1ac912b3-f1e7-4bf3-bd48-324331277413/content,2026-08-06
MIT-2020-008,Henry Yuen,"Yuen, Henry",collaborator,my amazing coauthors,5,,https://dspace.mit.edu/server/api/core/bitstreams/1ac912b3-f1e7-4bf3-bd48-324331277413/content,2026-08-06
MIT-2020-008,Tom Gur,"Gur, Tom",collaborator,my amazing coauthors,5,,https://dspace.mit.edu/server/api/core/bitstreams/1ac912b3-f1e7-4bf3-bd48-324331277413/content,2026-08-06
MIT-2020-008,Ron Rothblum,"Rothblum, Ron",collaborator,my amazing coauthors,5,,https://dspace.mit.edu/server/api/core/bitstreams/1ac912b3-f1e7-4bf3-bd48-324331277413/content,2026-08-06
MIT-2020-008,Ran Gelles,"Gelles, Ran",collaborator,my amazing coauthors,5,,https://dspace.mit.edu/server/api/core/bitstreams/1ac912b3-f1e7-4bf3-bd48-324331277413/content,2026-08-06
MIT-2020-008,Ran Canetti,"Canetti, Ran",collaborator,my amazing coauthors,5,,https://dspace.mit.edu/server/api/core/bitstreams/1ac912b3-f1e7-4bf3-bd48-324331277413/content,2026-08-06
MIT-2020-008,Aloni Cohen,"Cohen, Aloni",collaborator,my amazing coauthors,5,,https://dspace.mit.edu/server/api/core/bitstreams/1ac912b3-f1e7-4bf3-bd48-324331277413/content,2026-08-06
MIT-2020-008,Nishanth Dikkala,"Dikkala, Nishanth",collaborator,my amazing coauthors,5,,https://dspace.mit.edu/server/api/core/bitstreams/1ac912b3-f1e7-4bf3-bd48-324331277413/content,2026-08-06
MIT-2020-008,Sarah Scheffler,"Scheffler, Sarah",collaborator,my amazing coauthors,5,,https://dspace.mit.edu/server/api/core/bitstreams/1ac912b3-f1e7-4bf3-bd48-324331277413/content,2026-08-06
MIT-2020-008,Adam Smith,"Smith, Adam",collaborator,my amazing coauthors,5,,https://dspace.mit.edu/server/api/core/bitstreams/1ac912b3-f1e7-4bf3-bd48-324331277413/content,2026-08-06
MIT-2020-008,Yan Jin,"Jin, Yan",collaborator,my amazing coauthors,5,,https://dspace.mit.edu/server/api/core/bitstreams/1ac912b3-f1e7-4bf3-bd48-324331277413/content,2026-08-06
MIT-2020-008,Younhun Kim,"Kim, Younhun",collaborator,my amazing coauthors,5,,https://dspace.mit.edu/server/api/core/bitstreams/1ac912b3-f1e7-4bf3-bd48-324331277413/content,2026-08-06
MIT-2020-008,Frederic Koehler,"Koehler, Frederic",collaborator,my amazing coauthors,5,,https://dspace.mit.edu/server/api/core/bitstreams/1ac912b3-f1e7-4bf3-bd48-324331277413/content,2026-08-06
MIT-2020-008,Ankur Moitra,"Moitra, Ankur",collaborator,my amazing coauthors,5,,https://dspace.mit.edu/server/api/core/bitstreams/1ac912b3-f1e7-4bf3-bd48-324331277413/content,2026-08-06
MIT-2020-008,Jan Hązła,"Hązła, Jan",collaborator,my amazing coauthors,5,,https://dspace.mit.edu/server/api/core/bitstreams/1ac912b3-f1e7-4bf3-bd48-324331277413/content,2026-08-06
MIT-2020-008,Paxton Turner,"Turner, Paxton",collaborator,my amazing coauthors,5,,https://dspace.mit.edu/server/api/core/bitstreams/1ac912b3-f1e7-4bf3-bd48-324331277413/content,2026-08-06
MIT-2020-009,Professor Lizhong Zheng,"Zheng, Lizhong",advisor,"I want to thank my advisor, Professor Lizhong Zheng, for his wonderful guidance",5,5,https://dspace.mit.edu/server/api/core/bitstreams/b198591f-0e70-49e5-a8a9-ad5bdd1b88be/content,2026-08-06
MIT-2020-009,Professor Gregory Wornell,"Wornell, Gregory",committee,"my committee members, Professor Gregory Wornell and Professor Guy Bresler",5,5,https://dspace.mit.edu/server/api/core/bitstreams/b198591f-0e70-49e5-a8a9-ad5bdd1b88be/content,2026-08-06
MIT-2020-009,Professor Guy Bresler,"Bresler, Guy",committee,"my committee members, Professor Gregory Wornell and Professor Guy Bresler",5,5,https://dspace.mit.edu/server/api/core/bitstreams/b198591f-0e70-49e5-a8a9-ad5bdd1b88be/content,2026-08-06
MIT-2020-010,Venkataramana Ajjanagadde,"Ajjanagadde, Venkataramana",parent,"I thank my parents, Venkataramana and Vijaya Ajjanagadde",5,5,https://dspace.mit.edu/server/api/core/bitstreams/588a29aa-bfb9-4501-91e7-8e6572a11301/content,2026-08-06
MIT-2020-010,Vijaya Ajjanagadde,"Ajjanagadde, Vijaya",parent,"I thank my parents, Venkataramana and Vijaya Ajjanagadde",5,5,https://dspace.mit.edu/server/api/core/bitstreams/588a29aa-bfb9-4501-91e7-8e6572a11301/content,2026-08-06
MIT-2020-010,Prof. Gregory Wornell,"Wornell, Gregory",advisor,"I thank my thesis advisers, Profs. Gregory Wornell and Henry Cohn",5,5,https://dspace.mit.edu/server/api/core/bitstreams/588a29aa-bfb9-4501-91e7-8e6572a11301/content,2026-08-06
MIT-2020-010,Prof. Henry Cohn,"Cohn, Henry",advisor,"I thank my thesis advisers, Profs. Gregory Wornell and Henry Cohn",5,5,https://dspace.mit.edu/server/api/core/bitstreams/588a29aa-bfb9-4501-91e7-8e6572a11301/content,2026-08-06
MIT-2020-010,Prof. Yury Polyanskiy,"Polyanskiy, Yury",committee,my thesis committee member,5,5,https://dspace.mit.edu/server/api/core/bitstreams/588a29aa-bfb9-4501-91e7-8e6572a11301/content,2026-08-06
MIT-2020-010,Prof. Guy Bresler,"Bresler, Guy",other,several professors with whom I have had stimulating interactions,5,5,https://dspace.mit.edu/server/api/core/bitstreams/588a29aa-bfb9-4501-91e7-8e6572a11301/content,2026-08-06
MIT-2020-010,Prof. Polina Golland,"Golland, Polina",other,several professors with whom I have had stimulating interactions,5,5,https://dspace.mit.edu/server/api/core/bitstreams/588a29aa-bfb9-4501-91e7-8e6572a11301/content,2026-08-06
MIT-2020-010,Prof. Alexandre Megretski,"Megretski, Alexandre",other,several professors with whom I have had stimulating interactions,5,5,https://dspace.mit.edu/server/api/core/bitstreams/588a29aa-bfb9-4501-91e7-8e6572a11301/content,2026-08-06
MIT-2020-010,Prof. Elchanan Mossel,"Mossel, Elchanan",other,several professors with whom I have had stimulating interactions,5,5,https://dspace.mit.edu/server/api/core/bitstreams/588a29aa-bfb9-4501-91e7-8e6572a11301/content,2026-08-06
MIT-2020-010,Prof. John Tsitsiklis,"Tsitsiklis, John",other,several professors with whom I have had stimulating interactions,5,5,https://dspace.mit.edu/server/api/core/bitstreams/588a29aa-bfb9-4501-91e7-8e6572a11301/content,2026-08-06
MIT-2020-010,Prof. George Verghese,"Verghese, George",other,several professors with whom I have had stimulating interactions,5,5,https://dspace.mit.edu/server/api/core/bitstreams/588a29aa-bfb9-4501-91e7-8e6572a11301/content,2026-08-06
MIT-2020-010,Prof. Alan Willsky,"Willsky, Alan",other,several professors with whom I have had stimulating interactions,5,5,https://dspace.mit.edu/server/api/core/bitstreams/588a29aa-bfb9-4501-91e7-8e6572a11301/content,2026-08-06
MIT-2020-010,Prof. Lizhong Zheng,"Zheng, Lizhong",other,several professors with whom I have had stimulating interactions,5,5,https://dspace.mit.edu/server/api/core/bitstreams/588a29aa-bfb9-4501-91e7-8e6572a11301/content,2026-08-06
MIT-2020-010,Mohamed AlHajri,"AlHajri, Mohamed",friend,friends who have served as a bedrock during my time here at MIT,5,5,https://dspace.mit.edu/server/api/core/bitstreams/588a29aa-bfb9-4501-91e7-8e6572a11301/content,2026-08-06
MIT-2020-010,Nirav Bhan,"Bhan, Nirav",friend,friends who have served as a bedrock during my time here at MIT,5,5,https://dspace.mit.edu/server/api/core/bitstreams/588a29aa-bfb9-4501-91e7-8e6572a11301/content,2026-08-06
MIT-2020-010,Kishor Bhat,"Bhat, Kishor",friend,friends who have served as a bedrock during my time here at MIT,5,5,https://dspace.mit.edu/server/api/core/bitstreams/588a29aa-bfb9-4501-91e7-8e6572a11301/content,2026-08-06
MIT-2020-010,Austin Collins,"Collins, Austin",friend,friends who have served as a bedrock during my time here at MIT,5,5,https://dspace.mit.edu/server/api/core/bitstreams/588a29aa-bfb9-4501-91e7-8e6572a11301/content,2026-08-06
MIT-2020-010,Matthew de Courcy-Ireland,"de Courcy-Ireland, Matthew",friend,friends who have served as a bedrock during my time here at MIT,5,5,https://dspace.mit.edu/server/api/core/bitstreams/588a29aa-bfb9-4501-91e7-8e6572a11301/content,2026-08-06
MIT-2020-010,Igor Kadota,"Kadota, Igor",friend,friends who have served as a bedrock during my time here at MIT,5,5,https://dspace.mit.edu/server/api/core/bitstreams/588a29aa-bfb9-4501-91e7-8e6572a11301/content,2026-08-06
MIT-2020-010,Pranav Kaundinya,"Kaundinya, Pranav",friend,friends who have served as a bedrock during my time here at MIT,5,5,https://dspace.mit.edu/server/api/core/bitstreams/588a29aa-bfb9-4501-91e7-8e6572a11301/content,2026-08-06
MIT-2020-010,Joshua Ka-Wing Lee,"Lee, Joshua Ka-Wing",friend,friends who have served as a bedrock during my time here at MIT,5,5,https://dspace.mit.edu/server/api/core/bitstreams/588a29aa-bfb9-4501-91e7-8e6572a11301/content,2026-08-06
MIT-2020-010,Eren Kizildag,"Kizildag, Eren",friend,friends who have served as a bedrock during my time here at MIT,5,5,https://dspace.mit.edu/server/api/core/bitstreams/588a29aa-bfb9-4501-91e7-8e6572a11301/content,2026-08-06
MIT-2020-010,Suhas Kowshik,"Kowshik, Suhas",friend,friends who have served as a bedrock during my time here at MIT,5,5,https://dspace.mit.edu/server/api/core/bitstreams/588a29aa-bfb9-4501-91e7-8e6572a11301/content,2026-08-06
MIT-2020-010,Fabián Kozynski,"Kozynski, Fabián",friend,friends who have served as a bedrock during my time here at MIT,5,5,https://dspace.mit.edu/server/api/core/bitstreams/588a29aa-bfb9-4501-91e7-8e6572a11301/content,2026-08-06
MIT-2020-010,Pavitra Krishnaswamy,"Krishnaswamy, Pavitra",friend,friends who have served as a bedrock during my time here at MIT,5,5,https://dspace.mit.edu/server/api/core/bitstreams/588a29aa-bfb9-4501-91e7-8e6572a11301/content,2026-08-06
MIT-2020-010,Ashwin Kumar,"Kumar, Ashwin",friend,friends who have served as a bedrock during my time here at MIT,5,5,https://dspace.mit.edu/server/api/core/bitstreams/588a29aa-bfb9-4501-91e7-8e6572a11301/content,2026-08-06
MIT-2020-010,Tarek Lahlou,"Lahlou, Tarek",friend,friends who have served as a bedrock during my time here at MIT,5,5,https://dspace.mit.edu/server/api/core/bitstreams/588a29aa-bfb9-4501-91e7-8e6572a11301/content,2026-08-06
MIT-2020-010,Bhavesh Lalwani,"Lalwani, Bhavesh",friend,friends who have served as a bedrock during my time here at MIT,5,5,https://dspace.mit.edu/server/api/core/bitstreams/588a29aa-bfb9-4501-91e7-8e6572a11301/content,2026-08-06
MIT-2020-010,Anuran Makur,"Makur, Anuran",friend,friends who have served as a bedrock during my time here at MIT,5,5,https://dspace.mit.edu/server/api/core/bitstreams/588a29aa-bfb9-4501-91e7-8e6572a11301/content,2026-08-06
MIT-2020-010,Dheeraj Nagaraj,"Nagaraj, Dheeraj",friend,friends who have served as a bedrock during my time here at MIT,5,5,https://dspace.mit.edu/server/api/core/bitstreams/588a29aa-bfb9-4501-91e7-8e6572a11301/content,2026-08-06
MIT-2020-010,Deepak Narayanan,"Narayanan, Deepak",friend,friends who have served as a bedrock during my time here at MIT,5,5,https://dspace.mit.edu/server/api/core/bitstreams/588a29aa-bfb9-4501-91e7-8e6572a11301/content,2026-08-06
MIT-2020-011,Professor Joel Voldman,"Voldman, Joel",advisor,"my advisor, Professor Joel Voldman, for giving me the opportunity to join his group",4,4,https://dspace.mit.edu/server/api/core/bitstreams/668dcb10-3eeb-40c3-833d-481d5d1896c5/content,2026-08-06
MIT-2020-011,Sarvesh Varma,"Varma, Sarvesh",labmate,fellow lab mates in the Voldman group,4,4,https://dspace.mit.edu/server/api/core/bitstreams/668dcb10-3eeb-40c3-833d-481d5d1896c5/content,2026-08-06
MIT-2020-011,Dan Wu,"Wu, Dan",labmate,fellow lab mates in the Voldman group,4,4,https://dspace.mit.edu/server/api/core/bitstreams/668dcb10-3eeb-40c3-833d-481d5d1896c5/content,2026-08-06
MIT-2020-011,Haowei Su,"Su, Haowei",labmate,fellow lab mates in the Voldman group,4,4,https://dspace.mit.edu/server/api/core/bitstreams/668dcb10-3eeb-40c3-833d-481d5d1896c5/content,2026-08-06
MIT-2020-011,Burak Dura,"Dura, Burak",labmate,fellow lab mates in the Voldman group,4,4,https://dspace.mit.edu/server/api/core/bitstreams/668dcb10-3eeb-40c3-833d-481d5d1896c5/content,2026-08-06
MIT-2020-011,Aalap Dighe,"Dighe, Aalap",labmate,fellow lab mates in the Voldman group,4,4,https://dspace.mit.edu/server/api/core/bitstreams/668dcb10-3eeb-40c3-833d-481d5d1896c5/content,2026-08-06
MIT-2020-011,Per Augustsson,"Augustsson, Per",labmate,fellow lab mates in the Voldman group,4,4,https://dspace.mit.edu/server/api/core/bitstreams/668dcb10-3eeb-40c3-833d-481d5d1896c5/content,2026-08-06
MIT-2020-011,Ismail Degani,"Degani, Ismail",labmate,fellow lab mates in the Voldman group,4,4,https://dspace.mit.edu/server/api/core/bitstreams/668dcb10-3eeb-40c3-833d-481d5d1896c5/content,2026-08-06
MIT-2020-011,Jaemyon Lee,"Lee, Jaemyon",labmate,fellow lab mates in the Voldman group,4,4,https://dspace.mit.edu/server/api/core/bitstreams/668dcb10-3eeb-40c3-833d-481d5d1896c5/content,2026-08-06
MIT-2020-011,Alex Jaffe,"Jaffe, Alex",labmate,bringing colorful uniqueness and joy to my everyday at school,4,4,https://dspace.mit.edu/server/api/core/bitstreams/668dcb10-3eeb-40c3-833d-481d5d1896c5/content,2026-08-06
MIT-2020-011,Kruthika Kikkeri,"Kikkeri, Kruthika",labmate,bringing colorful uniqueness and joy to my everyday at school,4,4,https://dspace.mit.edu/server/api/core/bitstreams/668dcb10-3eeb-40c3-833d-481d5d1896c5/content,2026-08-06
MIT-2020-011,Wei Liao,"Liao, Wei",labmate,bringing colorful uniqueness and joy to my everyday at school,4,4,https://dspace.mit.edu/server/api/core/bitstreams/668dcb10-3eeb-40c3-833d-481d5d1896c5/content,2026-08-06
MIT-2020-011,Yu Ting Chow (Bill),"Chow, Yu Ting (Bill)",labmate,bringing colorful uniqueness and joy to my everyday at school,4,4,https://dspace.mit.edu/server/api/core/bitstreams/668dcb10-3eeb-40c3-833d-481d5d1896c5/content,2026-08-06
MIT-2020-011,Dohyun Lee,"Lee, Dohyun",labmate,bringing colorful uniqueness and joy to my everyday at school,4,4,https://dspace.mit.edu/server/api/core/bitstreams/668dcb10-3eeb-40c3-833d-481d5d1896c5/content,2026-08-06
MIT-2020-011,Mahdi Aeinehvand,"Aeinehvand, Mahdi",labmate,bringing colorful uniqueness and joy to my everyday at school,4,4,https://dspace.mit.edu/server/api/core/bitstreams/668dcb10-3eeb-40c3-833d-481d5d1896c5/content,2026-08-06
MIT-2020-011,Dousabel May Yi Tay,"Tay, Dousabel May Yi",labmate,bringing colorful uniqueness and joy to my everyday at school,4,4,https://dspace.mit.edu/server/api/core/bitstreams/668dcb10-3eeb-40c3-833d-481d5d1896c5/content,2026-08-06
MIT-2020-011,Dennis Ward,"Ward, Dennis",other,outstanding MTL staff and specialists ... for teaching me how to use the cleanroom equipment,4,4,https://dspace.mit.edu/server/api/core/bitstreams/668dcb10-3eeb-40c3-833d-481d5d1896c5/content,2026-08-06
MIT-2020-011,Dave Terry,"Terry, Dave",other,outstanding MTL staff and specialists ... for teaching me how to use the cleanroom equipment,4,4,https://dspace.mit.edu/server/api/core/bitstreams/668dcb10-3eeb-40c3-833d-481d5d1896c5/content,2026-08-06
MIT-2020-011,Kurt Broderick,"Broderick, Kurt",other,outstanding MTL staff and specialists ... for teaching me how to use the cleanroom equipment,4,4,https://dspace.mit.edu/server/api/core/bitstreams/668dcb10-3eeb-40c3-833d-481d5d1896c5/content,2026-08-06
MIT-2020-011,Chukiat Phonsom,"Phonsom, Chukiat",partner,"I also thank my fiancé, Chukiat Phonsom, for being my rock, my safe place",4,4,https://dspace.mit.edu/server/api/core/bitstreams/668dcb10-3eeb-40c3-833d-481d5d1896c5/content,2026-08-06
MIT-2020-012,Prof. George Barbastathis,"Barbastathis, George",advisor,"thank my research supervisor, Prof. George Barbastathis, for the incredible patience",5,5,https://dspace.mit.edu/server/api/core/bitstreams/30298951-5cc4-4288-afbc-cfb4d1fa8a99/content,2026-08-06
MIT-2020-012,Prof. Rajeev Ram,"Ram, Rajeev",committee,thank Prof. Rajeev Ram ... for being on my thesis committee,5,5,https://dspace.mit.edu/server/api/core/bitstreams/30298951-5cc4-4288-afbc-cfb4d1fa8a99/content,2026-08-06
MIT-2020-012,Prof. Frédo Durand,"Durand, Frédo",committee,Prof. Frédo Durand for being on my thesis committee,5,5,https://dspace.mit.edu/server/api/core/bitstreams/30298951-5cc4-4288-afbc-cfb4d1fa8a99/content,2026-08-06
MIT-2020-012,Shuai Li,"Li, Shuai",labmate,peer colleagues in the MIT 3D optical systems lab,5,5,https://dspace.mit.edu/server/api/core/bitstreams/30298951-5cc4-4288-afbc-cfb4d1fa8a99/content,2026-08-06
MIT-2020-012,Alexandre Goy,"Goy, Alexandre",labmate,"big brother/second mentor, for countless insightful discussions",5,5,https://dspace.mit.edu/server/api/core/bitstreams/30298951-5cc4-4288-afbc-cfb4d1fa8a99/content,2026-08-06
MIT-2020-012,Iksung Kang,"Kang, Iksung",labmate,diligent and reliable collaborator on the experimental side,5,5,https://dspace.mit.edu/server/api/core/bitstreams/30298951-5cc4-4288-afbc-cfb4d1fa8a99/content,2026-08-06
MIT-2020-012,Kwabena Arthur,"Arthur, Kwabena",labmate,for your help on many of my manuscripts,5,5,https://dspace.mit.edu/server/api/core/bitstreams/30298951-5cc4-4288-afbc-cfb4d1fa8a99/content,2026-08-06
MIT-2020-012,Subeen Pang (a.k.a. Fresnel Gibbs),"Pang, Subeen",labmate,for the discussions on the scattering theory,5,5,https://dspace.mit.edu/server/api/core/bitstreams/30298951-5cc4-4288-afbc-cfb4d1fa8a99/content,2026-08-06
MIT-2020-012,Zhengyun Zhang,"Zhang, Zhengyun",labmate,on the Singapore side ... for taking care of me during the summer of 2018,5,5,https://dspace.mit.edu/server/api/core/bitstreams/30298951-5cc4-4288-afbc-cfb4d1fa8a99/content,2026-08-06
MIT-2020-012,Maciej Baranski,"Baranski, Maciej",labmate,on the Singapore side ... taking care of me during the summer of 2018,5,5,https://dspace.mit.edu/server/api/core/bitstreams/30298951-5cc4-4288-afbc-cfb4d1fa8a99/content,2026-08-06
MIT-2020-012,Weina Li,"Li, Weina",labmate,on the Singapore side ... taking care of me during the summer of 2018,5,5,https://dspace.mit.edu/server/api/core/bitstreams/30298951-5cc4-4288-afbc-cfb4d1fa8a99/content,2026-08-06
MIT-2020-012,Prof. Peter So,"So, Peter",collaborator,"collaborators outside our lab, including Prof. Peter So",5,5,https://dspace.mit.edu/server/api/core/bitstreams/30298951-5cc4-4288-afbc-cfb4d1fa8a99/content,2026-08-06
MIT-2020-012,Baoliang Ge,"Ge, Baoliang",collaborator,his student Baoliang Ge at MIT,5,5,https://dspace.mit.edu/server/api/core/bitstreams/30298951-5cc4-4288-afbc-cfb4d1fa8a99/content,2026-08-06
MIT-2020-012,Prof. Renjie Zhou,"Zhou, Renjie",collaborator,Prof. Renjie Zhou and his student at the Chinese University of Hong Kong,5,5,https://dspace.mit.edu/server/api/core/bitstreams/30298951-5cc4-4288-afbc-cfb4d1fa8a99/content,2026-08-06
MIT-2020-012,Yanping He,"He, Yanping",collaborator,his student Yanping He at the Chinese University of Hong Kong,5,5,https://dspace.mit.edu/server/api/core/bitstreams/30298951-5cc4-4288-afbc-cfb4d1fa8a99/content,2026-08-06
MIT-2020-012,Prof. Demba Ba,"Ba, Demba",collaborator,collaborators outside our lab ... Prof. Demba Ba at Harvard,5,5,https://dspace.mit.edu/server/api/core/bitstreams/30298951-5cc4-4288-afbc-cfb4d1fa8a99/content,2026-08-06
MIT-2020-012,Bahareh Tolooshams,"Tolooshams, Bahareh",collaborator,his graduate students Bahareh Tolooshams and Andrew Song,5,5,https://dspace.mit.edu/server/api/core/bitstreams/30298951-5cc4-4288-afbc-cfb4d1fa8a99/content,2026-08-06
MIT-2020-012,Andrew Song,"Song, Andrew",collaborator,his graduate students Bahareh Tolooshams and Andrew Song,5,5,https://dspace.mit.edu/server/api/core/bitstreams/30298951-5cc4-4288-afbc-cfb4d1fa8a99/content,2026-08-06
MIT-2020-013,Justin Solomon,"Solomon, Justin",advisor,"I thank my advisor, Justin Solomon, for his neverending patience",4,4,https://dspace.mit.edu/server/api/core/bitstreams/0e7fa176-3776-4ff5-b1c5-77f3dfdfceba/content,2026-08-06
MIT-2020-013,Edward Chien,"Chien, Edward",collaborator,"fortunate to work with collaborators ... Edward Chien, Matthew Staib",4,4,https://dspace.mit.edu/server/api/core/bitstreams/0e7fa176-3776-4ff5-b1c5-77f3dfdfceba/content,2026-08-06
MIT-2020-013,Matthew Staib,"Staib, Matthew",collaborator,fortunate to work with collaborators ... Matthew Staib,4,4,https://dspace.mit.edu/server/api/core/bitstreams/0e7fa176-3776-4ff5-b1c5-77f3dfdfceba/content,2026-08-06
MIT-2020-013,Mikhail Bessmeltsev,"Bessmeltsev, Mikhail",collaborator,fortunate to work with collaborators ... Mikhail Bessmeltsev,4,4,https://dspace.mit.edu/server/api/core/bitstreams/0e7fa176-3776-4ff5-b1c5-77f3dfdfceba/content,2026-08-06
MIT-2020-013,Scott Schaeffer,"Schaeffer, Scott",collaborator,fortunate to work with collaborators ... Scott Schaeffer,4,4,https://dspace.mit.edu/server/api/core/bitstreams/0e7fa176-3776-4ff5-b1c5-77f3dfdfceba/content,2026-08-06
MIT-2020-013,Stefanie Jegelka,"Jegelka, Stefanie",collaborator,fortunate to work with collaborators ... Stefanie Jegelka,4,4,https://dspace.mit.edu/server/api/core/bitstreams/0e7fa176-3776-4ff5-b1c5-77f3dfdfceba/content,2026-08-06
MIT-2020-013,Hugo Lavenant,"Lavenant, Hugo",collaborator,fortunate to work with collaborators ... Hugo Lavenant,4,4,https://dspace.mit.edu/server/api/core/bitstreams/0e7fa176-3776-4ff5-b1c5-77f3dfdfceba/content,2026-08-06
MIT-2020-013,Mikhail Yurochkin,"Yurochkin, Mikhail",collaborator,fortunate to work with collaborators ... Mikhail Yurochkin,4,4,https://dspace.mit.edu/server/api/core/bitstreams/0e7fa176-3776-4ff5-b1c5-77f3dfdfceba/content,2026-08-06
MIT-2020-013,Farzaneh Mirzazadeh,"Mirzazadeh, Farzaneh",collaborator,fortunate to work with collaborators ... Farzaneh Mirzazadeh,4,4,https://dspace.mit.edu/server/api/core/bitstreams/0e7fa176-3776-4ff5-b1c5-77f3dfdfceba/content,2026-08-06
MIT-2020-013,Pierre Monteillier,"Monteillier, Pierre",collaborator,fortunate to work with collaborators ... Pierre Monteillier,4,4,https://dspace.mit.edu/server/api/core/bitstreams/0e7fa176-3776-4ff5-b1c5-77f3dfdfceba/content,2026-08-06
MIT-2020-013,Aude Genevay,"Genevay, Aude",collaborator,fortunate to work with collaborators ... Aude Genevay,4,4,https://dspace.mit.edu/server/api/core/bitstreams/0e7fa176-3776-4ff5-b1c5-77f3dfdfceba/content,2026-08-06
MIT-2020-013,Soumya Ghosh,"Ghosh, Soumya",collaborator,fortunate to work with collaborators ... and Soumya Ghosh,4,4,https://dspace.mit.edu/server/api/core/bitstreams/0e7fa176-3776-4ff5-b1c5-77f3dfdfceba/content,2026-08-06
MIT-2020-013,my sister Sabina,Sabina,sibling,I thank my sister Sabina ... for keeping me happy,4,4,https://dspace.mit.edu/server/api/core/bitstreams/0e7fa176-3776-4ff5-b1c5-77f3dfdfceba/content,2026-08-06
MIT-2020-013,my mother Camelia,Camelia,parent,my mother Camelia ... for keeping me happy at the worst of times,4,4,https://dspace.mit.edu/server/api/core/bitstreams/0e7fa176-3776-4ff5-b1c5-77f3dfdfceba/content,2026-08-06
MIT-2020-013,"my father, Dorin",Dorin,parent,"my father, Dorin, for keeping me happy at the worst of times",4,4,https://dspace.mit.edu/server/api/core/bitstreams/0e7fa176-3776-4ff5-b1c5-77f3dfdfceba/content,2026-08-06
MIT-2020-013,my partner Catherine,Catherine,partner,I thank my partner Catherine for the constant support,4,4,https://dspace.mit.edu/server/api/core/bitstreams/0e7fa176-3776-4ff5-b1c5-77f3dfdfceba/content,2026-08-06
MIT-2020-014,Prof. Jeffrey H. Shapiro,"Shapiro, Jeffrey H.",advisor,"thank my advisor, Prof. Jeffrey H. Shapiro, for his irreplaceable contributions",5,5,https://dspace.mit.edu/server/api/core/bitstreams/c60813fb-2bf2-4e8d-8d08-38ebe79867d2/content,2026-08-06
MIT-2020-014,Prof. Gregory W. Wornell,"Wornell, Gregory W.",committee,"committee members, Prof. Gregory W. Wornell for their helpful questions and comments",5,5,https://dspace.mit.edu/server/api/core/bitstreams/c60813fb-2bf2-4e8d-8d08-38ebe79867d2/content,2026-08-06
MIT-2020-014,Dr. Franco N. C. Wong,"Wong, Franco N. C.",committee,"and Dr. Franco N. C. Wong, for their helpful questions and comments",5,5,https://dspace.mit.edu/server/api/core/bitstreams/c60813fb-2bf2-4e8d-8d08-38ebe79867d2/content,2026-08-06
MIT-2020-014,Ravi Athale,"Athale, Ravi",collaborator,"REVEAL government team, especially Ravi Athale for helpful discussions",5,5,https://dspace.mit.edu/server/api/core/bitstreams/c60813fb-2bf2-4e8d-8d08-38ebe79867d2/content,2026-08-06
MIT-2020-014,Jeremy Teichman,"Teichman, Jeremy",collaborator,"especially Ravi Athale and Jeremy Teichman, for helpful discussions",5,5,https://dspace.mit.edu/server/api/core/bitstreams/c60813fb-2bf2-4e8d-8d08-38ebe79867d2/content,2026-08-06
MIT-2020-015,Costis Daskalakis,"Daskalakis, Costis",advisor,"thank my advisor, Costis Daskalakis for his constant guidance and patience",5,5,https://dspace.mit.edu/server/api/core/bitstreams/a62a4fec-fc02-4abc-929a-bb1b379b94f2/content,2026-08-06
MIT-2020-015,Éva Tardos,"Tardos, Éva",collaborator,summer collaboration with Éva Tardos ... opportunity to work with and learn from her,5,5,https://dspace.mit.edu/server/api/core/bitstreams/a62a4fec-fc02-4abc-929a-bb1b379b94f2/content,2026-08-06
MIT-2020-015,Supratik Chakraborty,"Chakraborty, Supratik",other,from IIT Bombay who was my mentor as I started my foray into research,5,5,https://dspace.mit.edu/server/api/core/bitstreams/a62a4fec-fc02-4abc-929a-bb1b379b94f2/content,2026-08-06
MIT-2020-015,Pushpak Bhattacharya,"Bhattacharya, Pushpak",other,for introducing me to the field of Machine Learning through the lens of NLP,5,5,https://dspace.mit.edu/server/api/core/bitstreams/a62a4fec-fc02-4abc-929a-bb1b379b94f2/content,2026-08-06
MIT-2020-015,Arnd Poetzsch-Heffter,"Poetzsch-Heffter, Arnd",other,provided a research opportunity to me at TU Kaiserslautern,5,5,https://dspace.mit.edu/server/api/core/bitstreams/a62a4fec-fc02-4abc-929a-bb1b379b94f2/content,2026-08-06
MIT-2020-015,Nageshwara Rao,"Rao, Nageshwara",other,"schooling ... lectures on Physics, Mathematics and Chemistry had a big influence",5,5,https://dspace.mit.edu/server/api/core/bitstreams/a62a4fec-fc02-4abc-929a-bb1b379b94f2/content,2026-08-06
MIT-2020-015,Umadhar Patnaik,"Patnaik, Umadhar",other,schooling ... lectures ... big influence on my decision to pursue scientific research,5,5,https://dspace.mit.edu/server/api/core/bitstreams/a62a4fec-fc02-4abc-929a-bb1b379b94f2/content,2026-08-06
MIT-2020-015,Sadanand Moses,"Moses, Sadanand",other,schooling ... lectures ... big influence on my decision to pursue scientific research,5,5,https://dspace.mit.edu/server/api/core/bitstreams/a62a4fec-fc02-4abc-929a-bb1b379b94f2/content,2026-08-06
MIT-2020-015,Kishore,Kishore,other,schooling ... lectures ... big influence on my decision to pursue scientific research,5,5,https://dspace.mit.edu/server/api/core/bitstreams/a62a4fec-fc02-4abc-929a-bb1b379b94f2/content,2026-08-06
MIT-2020-015,Chiranjeevi Reddy,"Reddy, Chiranjeevi",other,schooling ... lectures ... big influence on my decision to pursue scientific research,5,5,https://dspace.mit.edu/server/api/core/bitstreams/a62a4fec-fc02-4abc-929a-bb1b379b94f2/content,2026-08-06
MIT-2020-015,Chenna Reddy,"Reddy, Chenna",other,schooling ... lectures ... big influence on my decision to pursue scientific research,5,5,https://dspace.mit.edu/server/api/core/bitstreams/a62a4fec-fc02-4abc-929a-bb1b379b94f2/content,2026-08-06
MIT-2020-015,Vipul Singh,"Singh, Vipul",collaborator,thank all my co-authors along my academic journey so far: Vipul Singh,5,5,https://dspace.mit.edu/server/api/core/bitstreams/a62a4fec-fc02-4abc-929a-bb1b379b94f2/content,2026-08-06
MIT-2020-015,Hedyeh Beyhaghi,"Beyhaghi, Hedyeh",collaborator,co-authors along my academic journey ... Hedyeh Beyhaghi,5,5,https://dspace.mit.edu/server/api/core/bitstreams/a62a4fec-fc02-4abc-929a-bb1b379b94f2/content,2026-08-06
MIT-2020-015,Christos Tzamos,"Tzamos, Christos",collaborator,co-authors along my academic journey ... Christos Tzamos,5,5,https://dspace.mit.edu/server/api/core/bitstreams/a62a4fec-fc02-4abc-929a-bb1b379b94f2/content,2026-08-06
MIT-2020-015,Arturs Backurs,"Backurs, Arturs",collaborator,co-authors along my academic journey ... Arturs Backurs,5,5,https://dspace.mit.edu/server/api/core/bitstreams/a62a4fec-fc02-4abc-929a-bb1b379b94f2/content,2026-08-06
MIT-2020-015,Gautam Kamath,"Kamath, Gautam",collaborator,co-authors along my academic journey ... Gautam Kamath,5,5,https://dspace.mit.edu/server/api/core/bitstreams/a62a4fec-fc02-4abc-929a-bb1b379b94f2/content,2026-08-06
MIT-2020-015,Nick Gravin,"Gravin, Nick",collaborator,co-authors along my academic journey ... Nick Gravin,5,5,https://dspace.mit.edu/server/api/core/bitstreams/a62a4fec-fc02-4abc-929a-bb1b379b94f2/content,2026-08-06
MIT-2020-015,Siddhartha Jayanti,"Jayanti, Siddhartha",collaborator,co-authors along my academic journey ... Siddhartha Jayanti,5,5,https://dspace.mit.edu/server/api/core/bitstreams/a62a4fec-fc02-4abc-929a-bb1b379b94f2/content,2026-08-06
MIT-2020-015,Yuval Dagan,"Dagan, Yuval",collaborator,co-authors along my academic journey ... Yuval Dagan,5,5,https://dspace.mit.edu/server/api/core/bitstreams/a62a4fec-fc02-4abc-929a-bb1b379b94f2/content,2026-08-06
MIT-2020-015,Ioannis Panageas,"Panageas, Ioannis",collaborator,co-authors along my academic journey ... Ioannis Panageas,5,5,https://dspace.mit.edu/server/api/core/bitstreams/a62a4fec-fc02-4abc-929a-bb1b379b94f2/content,2026-08-06
MIT-2020-015,Vardis Kandiros,"Kandiros, Vardis",collaborator,co-authors along my academic journey ... Vardis Kandiros,5,5,https://dspace.mit.edu/server/api/core/bitstreams/a62a4fec-fc02-4abc-929a-bb1b379b94f2/content,2026-08-06
MIT-2020-015,Ran Canetti,"Canetti, Ran",collaborator,co-authors along my academic journey ... Ran Canetti,5,5,https://dspace.mit.edu/server/api/core/bitstreams/a62a4fec-fc02-4abc-929a-bb1b379b94f2/content,2026-08-06
MIT-2020-015,Adam Smith,"Smith, Adam",collaborator,co-authors along my academic journey ... Adam Smith,5,5,https://dspace.mit.edu/server/api/core/bitstreams/a62a4fec-fc02-4abc-929a-bb1b379b94f2/content,2026-08-06
MIT-2020-015,Govind Ramnarayan,"Ramnarayan, Govind",collaborator,co-authors along my academic journey ... Govind Ramnarayan,5,5,https://dspace.mit.edu/server/api/core/bitstreams/a62a4fec-fc02-4abc-929a-bb1b379b94f2/content,2026-08-06
MIT-2020-015,Sarah Scheffler,"Scheffler, Sarah",collaborator,co-authors along my academic journey ... Sarah Scheffler,5,5,https://dspace.mit.edu/server/api/core/bitstreams/a62a4fec-fc02-4abc-929a-bb1b379b94f2/content,2026-08-06
MIT-2020-015,Aloni Cohen,"Cohen, Aloni",collaborator,co-authors along my academic journey ... Aloni Cohen,5,5,https://dspace.mit.edu/server/api/core/bitstreams/a62a4fec-fc02-4abc-929a-bb1b379b94f2/content,2026-08-06
MIT-2020-016,Carl Sagan,"Sagan, Carl",other,"acknowledge Carl Sagan, whose calm voice pushed a young mind to explore science",5,5,https://dspace.mit.edu/server/api/core/bitstreams/07b34e93-93a8-4a49-b701-8cf0654e94f3/content,2026-08-06
MIT-2020-016,Dr. Houston,Houston,other,"high school physics teacher, Dr. Houston, who encouraged me to pursue physics",5,5,https://dspace.mit.edu/server/api/core/bitstreams/07b34e93-93a8-4a49-b701-8cf0654e94f3/content,2026-08-06
MIT-2020-016,Kurt Broderick,"Broderick, Kurt",other,thank Kurt Broderick and James Dayley for teaching me fabrication skills,5,5,https://dspace.mit.edu/server/api/core/bitstreams/07b34e93-93a8-4a49-b701-8cf0654e94f3/content,2026-08-06
MIT-2020-016,James Dayley,"Dayley, James",other,thank Kurt Broderick and James Dayley for teaching me fabrication skills,5,5,https://dspace.mit.edu/server/api/core/bitstreams/07b34e93-93a8-4a49-b701-8cf0654e94f3/content,2026-08-06
MIT-2020-016,David L Lewis,"Lewis, David L",other,at the Cypress Machine Shop. His help in learning machining was invaluable,5,5,https://dspace.mit.edu/server/api/core/bitstreams/07b34e93-93a8-4a49-b701-8cf0654e94f3/content,2026-08-06
MIT-2020-016,Matt Trusheim,"Trusheim, Matt",labmate,colleagues within the Quantum Photonics Group,5,5,https://dspace.mit.edu/server/api/core/bitstreams/07b34e93-93a8-4a49-b701-8cf0654e94f3/content,2026-08-06
MIT-2020-016,Sinan Karaveli,"Karaveli, Sinan",labmate,shared an optical table ... glad to consider him a friend,5,5,https://dspace.mit.edu/server/api/core/bitstreams/07b34e93-93a8-4a49-b701-8cf0654e94f3/content,2026-08-06
MIT-2020-016,Florian Dolde,"Dolde, Florian",labmate,also gave significant help (Quantum Photonics Group),5,5,https://dspace.mit.edu/server/api/core/bitstreams/07b34e93-93a8-4a49-b701-8cf0654e94f3/content,2026-08-06
MIT-2020-016,Tim Schroder,"Schroder, Tim",labmate,also gave significant help (Quantum Photonics Group),5,5,https://dspace.mit.edu/server/api/core/bitstreams/07b34e93-93a8-4a49-b701-8cf0654e94f3/content,2026-08-06
MIT-2020-016,Lorenzo De Santis,"De Santis, Lorenzo",labmate,also gave significant help (Quantum Photonics Group),5,5,https://dspace.mit.edu/server/api/core/bitstreams/07b34e93-93a8-4a49-b701-8cf0654e94f3/content,2026-08-06
MIT-2020-016,Mikkel Heuck,"Heuck, Mikkel",labmate,also gave significant help (Quantum Photonics Group),5,5,https://dspace.mit.edu/server/api/core/bitstreams/07b34e93-93a8-4a49-b701-8cf0654e94f3/content,2026-08-06
MIT-2020-016,Ryan Hamerly,"Hamerly, Ryan",labmate,also gave significant help (Quantum Photonics Group),5,5,https://dspace.mit.edu/server/api/core/bitstreams/07b34e93-93a8-4a49-b701-8cf0654e94f3/content,2026-08-06
MIT-2020-016,Edward Chen,"Chen, Edward",labmate,also gave significant help (Quantum Photonics Group),5,5,https://dspace.mit.edu/server/api/core/bitstreams/07b34e93-93a8-4a49-b701-8cf0654e94f3/content,2026-08-06
MIT-2020-016,Hannah Clevenson,"Clevenson, Hannah",labmate,also gave significant help (Quantum Photonics Group),5,5,https://dspace.mit.edu/server/api/core/bitstreams/07b34e93-93a8-4a49-b701-8cf0654e94f3/content,2026-08-06
MIT-2020-016,Luozhou Li,"Li, Luozhou",labmate,also gave significant help (Quantum Photonics Group),5,5,https://dspace.mit.edu/server/api/core/bitstreams/07b34e93-93a8-4a49-b701-8cf0654e94f3/content,2026-08-06
MIT-2020-016,Sara Mouradian,"Mouradian, Sara",labmate,also gave significant help (Quantum Photonics Group),5,5,https://dspace.mit.edu/server/api/core/bitstreams/07b34e93-93a8-4a49-b701-8cf0654e94f3/content,2026-08-06
MIT-2020-016,Jiabao Zheng,"Zheng, Jiabao",labmate,also gave significant help (Quantum Photonics Group),5,5,https://dspace.mit.edu/server/api/core/bitstreams/07b34e93-93a8-4a49-b701-8cf0654e94f3/content,2026-08-06
MIT-2020-016,Catherine Lee,"Lee, Catherine",labmate,also gave significant help (Quantum Photonics Group),5,5,https://dspace.mit.edu/server/api/core/bitstreams/07b34e93-93a8-4a49-b701-8cf0654e94f3/content,2026-08-06
MIT-2020-016,Kevin Chen,"Chen, Kevin",labmate,fellow group members ... deserve my sincerest gratitude,5,5,https://dspace.mit.edu/server/api/core/bitstreams/07b34e93-93a8-4a49-b701-8cf0654e94f3/content,2026-08-06
MIT-2020-016,Hyeongrak (Chuck) Choi,"Choi, Hyeongrak",labmate,fellow group members ... deserve my sincerest gratitude,5,5,https://dspace.mit.edu/server/api/core/bitstreams/07b34e93-93a8-4a49-b701-8cf0654e94f3/content,2026-08-06
MIT-2020-016,Ian Cristen,"Cristen, Ian",labmate,fellow group members ... deserve my sincerest gratitude,5,5,https://dspace.mit.edu/server/api/core/bitstreams/07b34e93-93a8-4a49-b701-8cf0654e94f3/content,2026-08-06
MIT-2020-016,Erik Eisenach,"Eisenach, Erik",labmate,fellow group members ... deserve my sincerest gratitude,5,5,https://dspace.mit.edu/server/api/core/bitstreams/07b34e93-93a8-4a49-b701-8cf0654e94f3/content,2026-08-06
MIT-2020-016,Jordan Goldstein,"Goldstein, Jordan",labmate,fellow group members ... deserve my sincerest gratitude,5,5,https://dspace.mit.edu/server/api/core/bitstreams/07b34e93-93a8-4a49-b701-8cf0654e94f3/content,2026-08-06
MIT-2020-016,Tsung-Ju (Jeff) Lu,"Lu, Tsung-Ju",labmate,fellow group members ... deserve my sincerest gratitude,5,5,https://dspace.mit.edu/server/api/core/bitstreams/07b34e93-93a8-4a49-b701-8cf0654e94f3/content,2026-08-06
MIT-2020-016,Christopher (Chris) Panuski,"Panuski, Christopher",labmate,fellow group members ... deserve my sincerest gratitude,5,5,https://dspace.mit.edu/server/api/core/bitstreams/07b34e93-93a8-4a49-b701-8cf0654e94f3/content,2026-08-06
MIT-2020-016,Cheng Peng,"Peng, Cheng",labmate,fellow group members ... deserve my sincerest gratitude,5,5,https://dspace.mit.edu/server/api/core/bitstreams/07b34e93-93a8-4a49-b701-8cf0654e94f3/content,2026-08-06
MIT-2020-016,Mihika Prabhu,"Prabhu, Mihika",labmate,fellow group members ... deserve my sincerest gratitude,5,5,https://dspace.mit.edu/server/api/core/bitstreams/07b34e93-93a8-4a49-b701-8cf0654e94f3/content,2026-08-06
MIT-2020-016,Noel Wan,"Wan, Noel",labmate,fellow group members ... deserve my sincerest gratitude,5,5,https://dspace.mit.edu/server/api/core/bitstreams/07b34e93-93a8-4a49-b701-8cf0654e94f3/content,2026-08-06
MIT-2020-016,Michael Walsh,"Walsh, Michael",labmate,fellow group members ... deserve my sincerest gratitude,5,5,https://dspace.mit.edu/server/api/core/bitstreams/07b34e93-93a8-4a49-b701-8cf0654e94f3/content,2026-08-06
MIT-2020-016,Reyu Sakakibara,"Sakakibara, Reyu",labmate,fellow group members ... deserve my sincerest gratitude,5,5,https://dspace.mit.edu/server/api/core/bitstreams/07b34e93-93a8-4a49-b701-8cf0654e94f3/content,2026-08-06
MIT-2020-016,Hyowon Moon,"Moon, Hyowon",labmate,fellow group members ... deserve my sincerest gratitude,5,5,https://dspace.mit.edu/server/api/core/bitstreams/07b34e93-93a8-4a49-b701-8cf0654e94f3/content,2026-08-06
MIT-2020-016,Isaac Harris,"Harris, Isaac",labmate,younger scientists who will shape the field of quantum science into the future,5,5,https://dspace.mit.edu/server/api/core/bitstreams/07b34e93-93a8-4a49-b701-8cf0654e94f3/content,2026-08-06
MIT-2020-016,Liane Sarah Belamd Bernstein,"Bernstein, Liane Sarah Belamd",labmate,younger scientists who will shape the field of quantum science into the future,5,5,https://dspace.mit.edu/server/api/core/bitstreams/07b34e93-93a8-4a49-b701-8cf0654e94f3/content,2026-08-06
MIT-2020-016,Sarah Elizabeth Muschinske,"Muschinske, Sarah Elizabeth",labmate,younger scientists who will shape the field of quantum science into the future,5,5,https://dspace.mit.edu/server/api/core/bitstreams/07b34e93-93a8-4a49-b701-8cf0654e94f3/content,2026-08-06
MIT-2020-016,Alex Sludds,"Sludds, Alex",labmate,younger scientists who will shape the field of quantum science into the future,5,5,https://dspace.mit.edu/server/api/core/bitstreams/07b34e93-93a8-4a49-b701-8cf0654e94f3/content,2026-08-06
MIT-2020-016,Maddie Sutula,"Sutula, Maddie",labmate,younger scientists who will shape the field of quantum science into the future,5,5,https://dspace.mit.edu/server/api/core/bitstreams/07b34e93-93a8-4a49-b701-8cf0654e94f3/content,2026-08-06
MIT-2020-016,Saumil Bandyopadhyay,"Bandyopadhyay, Saumil",labmate,younger scientists who will shape the field of quantum science into the future,5,5,https://dspace.mit.edu/server/api/core/bitstreams/07b34e93-93a8-4a49-b701-8cf0654e94f3/content,2026-08-06
MIT-2020-016,Reggie Wilcox,"Wilcox, Reggie",labmate,younger scientists who will shape the field of quantum science into the future,5,5,https://dspace.mit.edu/server/api/core/bitstreams/07b34e93-93a8-4a49-b701-8cf0654e94f3/content,2026-08-06
MIT-2020-016,Donggyu Kim,"Kim, Donggyu",friend,for his help and for agreeing to play the piano at my wedding,5,5,https://dspace.mit.edu/server/api/core/bitstreams/07b34e93-93a8-4a49-b701-8cf0654e94f3/content,2026-08-06
MIT-2020-016,Eric Bersin,"Bersin, Eric",friend,helpful if jaded confidant; he is great because he has one's back,5,5,https://dspace.mit.edu/server/api/core/bitstreams/07b34e93-93a8-4a49-b701-8cf0654e94f3/content,2026-08-06
MIT-2020-017,Professor Anantha Chandrakasan,"Chandrakasan, Anantha",advisor,"deeply thank my advisors, Professor Anantha Chandrakasan and Professor Harry Lee",5,5,https://dspace.mit.edu/server/api/core/bitstreams/c2bc6f61-4cbc-4f66-b3ec-08950019a81e/content,2026-08-06
MIT-2020-017,Professor Harry Lee,"Lee, Harry",advisor,"deeply thank my advisors, Professor Anantha Chandrakasan and Professor Harry Lee",5,5,https://dspace.mit.edu/server/api/core/bitstreams/c2bc6f61-4cbc-4f66-b3ec-08950019a81e/content,2026-08-06
MIT-2020-017,Professor Song Han,"Han, Song",committee,"thank Professor Song Han, for being on my thesis committee",5,5,https://dspace.mit.edu/server/api/core/bitstreams/c2bc6f61-4cbc-4f66-b3ec-08950019a81e/content,2026-08-06
MIT-2020-017,Sungwon Chung,"Chung, Sungwon",labmate,provided me an immense technical help in my early years at MIT,5,5,https://dspace.mit.edu/server/api/core/bitstreams/c2bc6f61-4cbc-4f66-b3ec-08950019a81e/content,2026-08-06
MIT-2020-017,Joohyun Seo,"Seo, Joohyun",labmate,casual conversation ... refreshing time from the hectic graduate life,5,5,https://dspace.mit.edu/server/api/core/bitstreams/c2bc6f61-4cbc-4f66-b3ec-08950019a81e/content,2026-08-06
MIT-2020-017,Xi Yang,"Yang, Xi",labmate,casual conversation ... refreshing time from the hectic graduate life,5,5,https://dspace.mit.edu/server/api/core/bitstreams/c2bc6f61-4cbc-4f66-b3ec-08950019a81e/content,2026-08-06
MIT-2020-017,Cheng Wang,"Wang, Cheng",labmate,casual conversation ... refreshing time from the hectic graduate life,5,5,https://dspace.mit.edu/server/api/core/bitstreams/c2bc6f61-4cbc-4f66-b3ec-08950019a81e/content,2026-08-06
MIT-2020-017,Utsav Banerjee,"Banerjee, Utsav",labmate,casual conversation ... refreshing time from the hectic graduate life,5,5,https://dspace.mit.edu/server/api/core/bitstreams/c2bc6f61-4cbc-4f66-b3ec-08950019a81e/content,2026-08-06
MIT-2020-018,Prof. Anantha Chandrakasan,"Chandrakasan, Anantha",advisor,"thank my research advisor, Prof. Anantha Chandrakasan, for giving me the opportunity",5,5,https://dspace.mit.edu/server/api/core/bitstreams/13c02101-aff5-4b0b-a0c3-bcbd15d75dc9/content,2026-08-06
MIT-2020-018,Prof. Jeffrey Lang,"Lang, Jeffrey",committee,thesis committee. It was a great pleasure working with Prof. Jeffrey Lang,5,5,https://dspace.mit.edu/server/api/core/bitstreams/13c02101-aff5-4b0b-a0c3-bcbd15d75dc9/content,2026-08-06
MIT-2020-018,Prof. Ruonan Han,"Han, Ruonan",committee,thank Prof. Ruonan Han for taking out time to be on the committee,5,5,https://dspace.mit.edu/server/api/core/bitstreams/13c02101-aff5-4b0b-a0c3-bcbd15d75dc9/content,2026-08-06
MIT-2020-018,Dr. Baher Haroun,"Haroun, Baher",committee,Dr. Baher Haroun from Texas Instruments for not only agreeing to be on the committee,5,5,https://dspace.mit.edu/server/api/core/bitstreams/13c02101-aff5-4b0b-a0c3-bcbd15d75dc9/content,2026-08-06
MIT-2020-018,the late Dennis Buss,"Buss, Dennis",other,the late Dennis Buss for being an incredible mentor and a wonderful person,5,5,https://dspace.mit.edu/server/api/core/bitstreams/13c02101-aff5-4b0b-a0c3-bcbd15d75dc9/content,2026-08-06
MIT-2020-018,Srinath Ramaswamy,"Ramaswamy, Srinath",collaborator,providing valuable feedback and guidance through weekly meetings on the current sensor project,5,5,https://dspace.mit.edu/server/api/core/bitstreams/13c02101-aff5-4b0b-a0c3-bcbd15d75dc9/content,2026-08-06
MIT-2020-018,Viola Schaffer,"Schaffer, Viola",collaborator,providing valuable feedback and guidance through weekly meetings,5,5,https://dspace.mit.edu/server/api/core/bitstreams/13c02101-aff5-4b0b-a0c3-bcbd15d75dc9/content,2026-08-06
MIT-2020-018,Jim Wieser,"Wieser, Jim",collaborator,providing valuable feedback and guidance through weekly meetings,5,5,https://dspace.mit.edu/server/api/core/bitstreams/13c02101-aff5-4b0b-a0c3-bcbd15d75dc9/content,2026-08-06
MIT-2020-018,Joyce Mullenix,"Mullenix, Joyce",collaborator,sharing their expertise in magnetics,5,5,https://dspace.mit.edu/server/api/core/bitstreams/13c02101-aff5-4b0b-a0c3-bcbd15d75dc9/content,2026-08-06
MIT-2020-018,Erika Mazotti,"Mazotti, Erika",collaborator,sharing their expertise in magnetics,5,5,https://dspace.mit.edu/server/api/core/bitstreams/13c02101-aff5-4b0b-a0c3-bcbd15d75dc9/content,2026-08-06
MIT-2020-018,Dok Won Lee,"Lee, Dok Won",collaborator,sharing their expertise in magnetics,5,5,https://dspace.mit.edu/server/api/core/bitstreams/13c02101-aff5-4b0b-a0c3-bcbd15d75dc9/content,2026-08-06
MIT-2020-018,Django Trombley,"Trombley, Django",collaborator,for wafer-probing the fabricated transformers,5,5,https://dspace.mit.edu/server/api/core/bitstreams/13c02101-aff5-4b0b-a0c3-bcbd15d75dc9/content,2026-08-06
MIT-2020-018,Carole Ann Rush,"Rush, Carole Ann",collaborator,and her team for helping with the current sensor layout,5,5,https://dspace.mit.edu/server/api/core/bitstreams/13c02101-aff5-4b0b-a0c3-bcbd15d75dc9/content,2026-08-06
MIT-2020-018,Sabuson George,"George, Sabuson",collaborator,for helping with Athena set up for digital design,5,5,https://dspace.mit.edu/server/api/core/bitstreams/13c02101-aff5-4b0b-a0c3-bcbd15d75dc9/content,2026-08-06
MIT-2020-018,Thu,Thu,collaborator,for procuring custom non-magnetic packages,5,5,https://dspace.mit.edu/server/api/core/bitstreams/13c02101-aff5-4b0b-a0c3-bcbd15d75dc9/content,2026-08-06
MIT-2020-019,Dina Katabi,"Katabi, Dina",advisor,"thank my advisor, Dina Katabi, for giving me the opportunity to come to MIT",5,5,https://dspace.mit.edu/server/api/core/bitstreams/cc6731e6-5fa2-43ee-a3e3-58e2ff7d86f7/content,2026-08-06
MIT-2020-019,Fadel Adib,"Adib, Fadel",committee,thesis committee members: Fadel Adib ... mentored me when I started at MIT,5,5,https://dspace.mit.edu/server/api/core/bitstreams/cc6731e6-5fa2-43ee-a3e3-58e2ff7d86f7/content,2026-08-06
MIT-2020-019,Piotr Indyk,"Indyk, Piotr",committee,"thesis committee members: ... Piotr Indyk, and Tommi Jaakkola",5,5,https://dspace.mit.edu/server/api/core/bitstreams/cc6731e6-5fa2-43ee-a3e3-58e2ff7d86f7/content,2026-08-06
MIT-2020-019,Tommi Jaakkola,"Jaakkola, Tommi",committee,thesis committee members: ... and Tommi Jaakkola,5,5,https://dspace.mit.edu/server/api/core/bitstreams/cc6731e6-5fa2-43ee-a3e3-58e2ff7d86f7/content,2026-08-06
MIT-2020-019,Zach Kabelac,"Kabelac, Zach",collaborator,enjoyed working with Zach Kabelac and Rumen Hristov,5,5,https://dspace.mit.edu/server/api/core/bitstreams/cc6731e6-5fa2-43ee-a3e3-58e2ff7d86f7/content,2026-08-06
MIT-2020-019,Rumen Hristov,"Hristov, Rumen",collaborator,enjoyed working with Zach Kabelac and Rumen Hristov,5,5,https://dspace.mit.edu/server/api/core/bitstreams/cc6731e6-5fa2-43ee-a3e3-58e2ff7d86f7/content,2026-08-06
MIT-2020-019,Mary,Mary,other,"our group admin, Mary, for taking care of everything we need",5,5,https://dspace.mit.edu/server/api/core/bitstreams/cc6731e6-5fa2-43ee-a3e3-58e2ff7d86f7/content,2026-08-06
MIT-2020-020,Jim,"Glass, James R.",advisor,"thank my doctoral advisor, Jim, who is the reason why I am at MIT today",5,5,https://dspace.mit.edu/server/api/core/bitstreams/92445438-b823-4aa3-90a5-9870004098ac/content,2026-08-06
MIT-2020-020,Lin-Shan Lee,"Lee, Lin-Shan",other,"my undergrad research advisors, Lin-Shan Lee and Hsuan-Tien Lin",5,5,https://dspace.mit.edu/server/api/core/bitstreams/92445438-b823-4aa3-90a5-9870004098ac/content,2026-08-06
MIT-2020-020,Hsuan-Tien Lin,"Lin, Hsuan-Tien",other,"my undergrad research advisors, Lin-Shan Lee and Hsuan-Tien Lin",5,5,https://dspace.mit.edu/server/api/core/bitstreams/92445438-b823-4aa3-90a5-9870004098ac/content,2026-08-06
MIT-2020-020,Tommi Jaakkola,"Jaakkola, Tommi",committee,"thesis committee members, Tommi Jaakkola and Phillip Isola",5,5,https://dspace.mit.edu/server/api/core/bitstreams/92445438-b823-4aa3-90a5-9870004098ac/content,2026-08-06
MIT-2020-020,Phillip Isola,"Isola, Phillip",committee,"thesis committee members, Tommi Jaakkola and Phillip Isola",5,5,https://dspace.mit.edu/server/api/core/bitstreams/92445438-b823-4aa3-90a5-9870004098ac/content,2026-08-06
MIT-2020-021,James J. DiCarlo,"DiCarlo, James J.",advisor,grateful for everything I could experience as an advisee of James J. DiCarlo,5,5,https://dspace.mit.edu/server/api/core/bitstreams/f0d36948-1aa1-4dec-aa25-7139b774e242/content,2026-08-06
MIT-2020-021,Nancy Kanwisher,"Kanwisher, Nancy",other,express my gratitude to Nancy Kanwisher for her advice and inspiration,5,5,https://dspace.mit.edu/server/api/core/bitstreams/f0d36948-1aa1-4dec-aa25-7139b774e242/content,2026-08-06
MIT-2020-021,Antonio Torralba,"Torralba, Antonio",committee,"committee members, Antonio Torralba and Phillip Isola for their guidance and support",5,5,https://dspace.mit.edu/server/api/core/bitstreams/f0d36948-1aa1-4dec-aa25-7139b774e242/content,2026-08-06
MIT-2020-021,Phillip Isola,"Isola, Phillip",committee,"committee members, Antonio Torralba and Phillip Isola for their guidance and support",5,5,https://dspace.mit.edu/server/api/core/bitstreams/f0d36948-1aa1-4dec-aa25-7139b774e242/content,2026-08-06
MIT-2020-021,Daniel Yamins,"Yamins, Daniel",collaborator,"I also thank Daniel Yamins, Michael Kohen, Kamila Jozwik",5,5,https://dspace.mit.edu/server/api/core/bitstreams/f0d36948-1aa1-4dec-aa25-7139b774e242/content,2026-08-06
MIT-2020-021,Michael Kohen,"Kohen, Michael",collaborator,"I also thank Daniel Yamins, Michael Kohen, Kamila Jozwik",5,5,https://dspace.mit.edu/server/api/core/bitstreams/f0d36948-1aa1-4dec-aa25-7139b774e242/content,2026-08-06
MIT-2020-021,Kamila Jozwik,"Jozwik, Kamila",collaborator,"I also thank Daniel Yamins, Michael Kohen, Kamila Jozwik",5,5,https://dspace.mit.edu/server/api/core/bitstreams/f0d36948-1aa1-4dec-aa25-7139b774e242/content,2026-08-06
MIT-2020-021,Eshed Margalit,"Margalit, Eshed",collaborator,especially Eshed Margalit for his help in many aspects of the works in this thesis,5,5,https://dspace.mit.edu/server/api/core/bitstreams/f0d36948-1aa1-4dec-aa25-7139b774e242/content,2026-08-06
MIT-2020-021,Mahesh Sathiamoorthy,"Sathiamoorthy, Mahesh",other,"my intern hosts, Mahesh Sathiamoorthy",5,5,https://dspace.mit.edu/server/api/core/bitstreams/f0d36948-1aa1-4dec-aa25-7139b774e242/content,2026-08-06
MIT-2020-021,Zhe Zhao,"Zhao, Zhe",other,my intern hosts ... Zhe Zhao,5,5,https://dspace.mit.edu/server/api/core/bitstreams/f0d36948-1aa1-4dec-aa25-7139b774e242/content,2026-08-06
MIT-2020-021,Joonseok Lee,"Lee, Joonseok",other,my intern hosts ... Joonseok Lee,5,5,https://dspace.mit.edu/server/api/core/bitstreams/f0d36948-1aa1-4dec-aa25-7139b774e242/content,2026-08-06
MIT-2020-021,Joe Ng,"Ng, Joe",other,my intern hosts ... Joe Ng,5,5,https://dspace.mit.edu/server/api/core/bitstreams/f0d36948-1aa1-4dec-aa25-7139b774e242/content,2026-08-06
MIT-2020-021,José F. Martínez,"Martínez, José F.",other,"my undergraduate research advisors, José F. Martínez, Saugata Ghose",5,5,https://dspace.mit.edu/server/api/core/bitstreams/f0d36948-1aa1-4dec-aa25-7139b774e242/content,2026-08-06
MIT-2020-021,Saugata Ghose,"Ghose, Saugata",other,my undergraduate research advisors ... Saugata Ghose,5,5,https://dspace.mit.edu/server/api/core/bitstreams/f0d36948-1aa1-4dec-aa25-7139b774e242/content,2026-08-06
MIT-2020-021,Kai Yuan Chen,"Chen, Kai Yuan",other,"and Kai Yuan Chen, for introducing me to the joy of research",5,5,https://dspace.mit.edu/server/api/core/bitstreams/f0d36948-1aa1-4dec-aa25-7139b774e242/content,2026-08-06
MIT-2020-021,Hyeonyu Kim,"Kim, Hyeonyu",friend,my two besties at MIT - Hyeonyu Kim and Yoonah Shin,5,5,https://dspace.mit.edu/server/api/core/bitstreams/f0d36948-1aa1-4dec-aa25-7139b774e242/content,2026-08-06
MIT-2020-021,Yoonah Shin,"Shin, Yoonah",friend,my two besties at MIT - Hyeonyu Kim and Yoonah Shin,5,5,https://dspace.mit.edu/server/api/core/bitstreams/f0d36948-1aa1-4dec-aa25-7139b774e242/content,2026-08-06
MIT-2020-021,Hoon Cho,"Cho, Hoon",friend,"thank all of them ... Hoon Cho, Kyel Ok, Albert Kim",5,5,https://dspace.mit.edu/server/api/core/bitstreams/f0d36948-1aa1-4dec-aa25-7139b774e242/content,2026-08-06
MIT-2020-021,Kyel Ok,"Ok, Kyel",friend,"thank all of them ... Hoon Cho, Kyel Ok, Albert Kim",5,5,https://dspace.mit.edu/server/api/core/bitstreams/f0d36948-1aa1-4dec-aa25-7139b774e242/content,2026-08-06
MIT-2020-021,Albert Kim,"Kim, Albert",friend,"thank all of them ... Hoon Cho, Kyel Ok, Albert Kim, Taehong Kwon",5,5,https://dspace.mit.edu/server/api/core/bitstreams/f0d36948-1aa1-4dec-aa25-7139b774e242/content,2026-08-06
MIT-2020-021,Taehong Kwon,"Kwon, Taehong",friend,"thank all of them ... Albert Kim, Taehong Kwon, Albert ""the liar"" Kwon",5,5,https://dspace.mit.edu/server/api/core/bitstreams/f0d36948-1aa1-4dec-aa25-7139b774e242/content,2026-08-06
MIT-2020-021,"Albert ""the liar"" Kwon","Kwon, Albert",friend,"thank all of them ... Taehong Kwon, Albert ""the liar"" Kwon",5,5,https://dspace.mit.edu/server/api/core/bitstreams/f0d36948-1aa1-4dec-aa25-7139b774e242/content,2026-08-06
MIT-2020-022,Professor Vladimir Bulović,"Bulović, Vladimir",advisor,"thank my advisor, Professor Vladimir Bulović. He cultivated an environment",5,5,https://dspace.mit.edu/server/api/core/bitstreams/3faf32dc-f03d-474d-8b55-7102546be983/content,2026-08-06
MIT-2020-022,Professor Rajeev Ram,"Ram, Rajeev",committee,thank Professor Rajeev Ram who served on my RQE and thesis committees,5,5,https://dspace.mit.edu/server/api/core/bitstreams/3faf32dc-f03d-474d-8b55-7102546be983/content,2026-08-06
MIT-2020-022,Professor William Tisdale,"Tisdale, William",committee,thank Professor William Tisdale who served on my thesis committee,5,5,https://dspace.mit.edu/server/api/core/bitstreams/3faf32dc-f03d-474d-8b55-7102546be983/content,2026-08-06
MIT-2020-022,Parag Deotare,"Deotare, Parag",collaborator,worked closely with Parag Deotare on the organic lasers ... great mentor and friend,5,5,https://dspace.mit.edu/server/api/core/bitstreams/3faf32dc-f03d-474d-8b55-7102546be983/content,2026-08-06
MIT-2020-022,Deniz Bozyigit,"Bozyigit, Deniz",collaborator,worked with Deniz Bozyigit. Deniz is a very clever scientist,5,5,https://dspace.mit.edu/server/api/core/bitstreams/3faf32dc-f03d-474d-8b55-7102546be983/content,2026-08-06
MIT-2020-023,Vinod Vaikuntanathan,"Vaikuntanathan, Vinod",advisor,my advisors Vinod Vaikuntanathan...supporting me during my entire time at MIT,5,5,https://dspace.mit.edu/server/api/core/bitstreams/4b8cf102-297e-4981-a03f-ba19876ef8df/content,2026-08-06
MIT-2020-023,Virginia Vassilevska Williams,"Williams, Virginia Vassilevska",advisor,my advisors...Virginia Vassilevska Williams...mentoring me and encouraging me,5,5,https://dspace.mit.edu/server/api/core/bitstreams/4b8cf102-297e-4981-a03f-ba19876ef8df/content,2026-08-06
MIT-2020-023,Tal Moran,"Moran, Tal",collaborator,"introducing me to Topology-Hiding Computation, and then being a supportive coauthor and mentor",5,5,https://dspace.mit.edu/server/api/core/bitstreams/4b8cf102-297e-4981-a03f-ba19876ef8df/content,2026-08-06
MIT-2020-023,Elette Boyle,"Boyle, Elette",collaborator,"hosting me in Israel, mentoring me, and being an excellent coauthor",5,5,https://dspace.mit.edu/server/api/core/bitstreams/4b8cf102-297e-4981-a03f-ba19876ef8df/content,2026-08-06
MIT-2020-023,Adi Akavia,"Akavia, Adi",collaborator,I also thank all of the rest of my coauthors: Adi Akavia...,5,5,https://dspace.mit.edu/server/api/core/bitstreams/4b8cf102-297e-4981-a03f-ba19876ef8df/content,2026-08-06
MIT-2020-023,Marta Mularcyk,"Mularcyk, Marta",collaborator,rest of my coauthors: ...Marta Mularcyk...,5,5,https://dspace.mit.edu/server/api/core/bitstreams/4b8cf102-297e-4981-a03f-ba19876ef8df/content,2026-08-06
MIT-2020-023,Chen-Da Liu,"Liu, Chen-Da",collaborator,rest of my coauthors: ...Chen-Da Liu...,5,5,https://dspace.mit.edu/server/api/core/bitstreams/4b8cf102-297e-4981-a03f-ba19876ef8df/content,2026-08-06
MIT-2020-023,Daniel Tschudi,"Tschudi, Daniel",collaborator,rest of my coauthors: ...Daniel Tschudi...,5,5,https://dspace.mit.edu/server/api/core/bitstreams/4b8cf102-297e-4981-a03f-ba19876ef8df/content,2026-08-06
MIT-2020-023,Uieli Mauer,"Mauer, Uieli",collaborator,rest of my coauthors: ...Uieli Mauer,5,5,https://dspace.mit.edu/server/api/core/bitstreams/4b8cf102-297e-4981-a03f-ba19876ef8df/content,2026-08-06
MIT-2020-023,Andrea Lincoln,"Lincoln, Andrea",collaborator,"who first suggested we be friends, and then work together, combining our fields",5,5,https://dspace.mit.edu/server/api/core/bitstreams/4b8cf102-297e-4981-a03f-ba19876ef8df/content,2026-08-06
MIT-2020-023,Dan Boneh,"Boneh, Dan",other,"my undergraduate research advisor, Dan Boneh",5,5,https://dspace.mit.edu/server/api/core/bitstreams/4b8cf102-297e-4981-a03f-ba19876ef8df/content,2026-08-06
MIT-2020-023,Manuel Sabin,"Sabin, Manuel",collaborator,working with him and Manuel Sabin...continued to stay in touch with Manuel,5,5,https://dspace.mit.edu/server/api/core/bitstreams/4b8cf102-297e-4981-a03f-ba19876ef8df/content,2026-08-06
MIT-2020-024,Prof. Marija Ilić,"Ilić, Marija",advisor,"my advisor, Prof. Marija Ilić, for sharing with me her passion...for research",4,4,https://dspace.mit.edu/server/api/core/bitstreams/d24f083d-a3db-4e34-9ee5-7196ab56cd64/content,2026-08-06
MIT-2020-024,Prof. Luca Daniel,"Daniel, Luca",committee,"thesis committee members: to Prof. Luca Daniel, for his eagerness as an instructor and a mentor",4,4,https://dspace.mit.edu/server/api/core/bitstreams/d24f083d-a3db-4e34-9ee5-7196ab56cd64/content,2026-08-06
MIT-2020-024,Prof. Jacob White,"White, Jacob",committee,"to Prof. Jacob White, for his continuous feedback, support and guidance",4,4,https://dspace.mit.edu/server/api/core/bitstreams/d24f083d-a3db-4e34-9ee5-7196ab56cd64/content,2026-08-06
MIT-2020-024,Rupamathi Jaddivada,"Jaddivada, Rupamathi",friend,"my friends and colleagues...late night chats with Rupa, that I would choose over sleep anytime",4,4,https://dspace.mit.edu/server/api/core/bitstreams/d24f083d-a3db-4e34-9ee5-7196ab56cd64/content,2026-08-06
MIT-2020-024,Xia Miao,"Miao, Xia",friend,"my friends and colleagues...Xia Miao, for many fun discussions and much needed relaxing outings",4,4,https://dspace.mit.edu/server/api/core/bitstreams/d24f083d-a3db-4e34-9ee5-7196ab56cd64/content,2026-08-06
MIT-2020-024,Rachel Cohen,"Cohen, Rachel",other,"staff at LIDS and at the EECS Graduate Office, especially to Rachel Cohen, who has always been there to help",4,4,https://dspace.mit.edu/server/api/core/bitstreams/d24f083d-a3db-4e34-9ee5-7196ab56cd64/content,2026-08-06
MIT-2020-024,Prof. Leslie Kolodziejski,"Kolodziejski, Leslie",other,who I could always depend on for advice and kindness,4,4,https://dspace.mit.edu/server/api/core/bitstreams/d24f083d-a3db-4e34-9ee5-7196ab56cd64/content,2026-08-06
MIT-2020-024,Tony Lee,"Lee, Tony",other,all of my teammates and coach Tony Lee from the Women's Volleyball Club,4,4,https://dspace.mit.edu/server/api/core/bitstreams/d24f083d-a3db-4e34-9ee5-7196ab56cd64/content,2026-08-06
MIT-2020-025,Prof. Ruonan Han,"Han, Ruonan",advisor,thank Prof. Ruonan Han for his continuous support during my years as a graduate student,5,5,https://dspace.mit.edu/server/api/core/bitstreams/cf76c74f-0de9-423b-8f03-d6ec9aed4f19/content,2026-08-06
MIT-2020-025,Prof. Jeffrey Lang,"Lang, Jeffrey",committee,"thesis committee members, Prof. Jeffrey Lang...for their constructive advice and feedback",5,5,https://dspace.mit.edu/server/api/core/bitstreams/cf76c74f-0de9-423b-8f03-d6ec9aed4f19/content,2026-08-06
MIT-2020-025,Prof. Negar Reiskarimian,"Reiskarimian, Negar",committee,"thesis committee members...Prof. Negar Reiskarimian, for their constructive advice and feedback",5,5,https://dspace.mit.edu/server/api/core/bitstreams/cf76c74f-0de9-423b-8f03-d6ec9aed4f19/content,2026-08-06
MIT-2020-025,Dr. Cheng Wang,"Wang, Cheng",labmate,members of Prof. Han's group...collaborations on the baseband circuit design,5,5,https://dspace.mit.edu/server/api/core/bitstreams/cf76c74f-0de9-423b-8f03-d6ec9aed4f19/content,2026-08-06
MIT-2020-025,Dr. Xiang Yi,"Yi, Xiang",labmate,members of Prof. Han's group...for many technical discussions,5,5,https://dspace.mit.edu/server/api/core/bitstreams/cf76c74f-0de9-423b-8f03-d6ec9aed4f19/content,2026-08-06
MIT-2020-025,Capt. Jack Holloway,"Holloway, Jack",labmate,members of Prof. Han's group...for many technical discussions during tape-out,5,5,https://dspace.mit.edu/server/api/core/bitstreams/cf76c74f-0de9-423b-8f03-d6ec9aed4f19/content,2026-08-06
MIT-2020-025,Mohamed Ibrahim,"Ibrahim, Mohamed",labmate,members of Prof. Han's group...for many technical discussions,5,5,https://dspace.mit.edu/server/api/core/bitstreams/cf76c74f-0de9-423b-8f03-d6ec9aed4f19/content,2026-08-06
MIT-2020-025,Muhammad Ibrahim Wasiq Khan,"Khan, Muhammad Ibrahim Wasiq",labmate,members of Prof. Han's group...for many technical discussions,5,5,https://dspace.mit.edu/server/api/core/bitstreams/cf76c74f-0de9-423b-8f03-d6ec9aed4f19/content,2026-08-06
MIT-2020-025,Minah Kim,"Kim, Minah",labmate,members of Prof. Han's group...for many technical discussions,5,5,https://dspace.mit.edu/server/api/core/bitstreams/cf76c74f-0de9-423b-8f03-d6ec9aed4f19/content,2026-08-06
MIT-2020-025,Nathan Monroe,"Monroe, Nathan",labmate,members of Prof. Han's group...for many technical discussions,5,5,https://dspace.mit.edu/server/api/core/bitstreams/cf76c74f-0de9-423b-8f03-d6ec9aed4f19/content,2026-08-06
MIT-2020-025,Jinchen Wang,"Wang, Jinchen",labmate,members of Prof. Han's group...for many technical discussions,5,5,https://dspace.mit.edu/server/api/core/bitstreams/cf76c74f-0de9-423b-8f03-d6ec9aed4f19/content,2026-08-06
MIT-2020-025,Mohamed Elsheikh,"Elsheikh, Mohamed",labmate,members of Prof. Han's group...for many technical discussions,5,5,https://dspace.mit.edu/server/api/core/bitstreams/cf76c74f-0de9-423b-8f03-d6ec9aed4f19/content,2026-08-06
MIT-2020-025,David (Elliott) Williams,"Williams, David (Elliott)",labmate,"former members, David (Elliott) Williams...for many technical discussions",5,5,https://dspace.mit.edu/server/api/core/bitstreams/cf76c74f-0de9-423b-8f03-d6ec9aed4f19/content,2026-08-06
MIT-2020-025,James (Jimmy) Mawdsley,"Mawdsley, James (Jimmy)",labmate,former members...James (Jimmy) Mawdsley...for many technical discussions,5,5,https://dspace.mit.edu/server/api/core/bitstreams/cf76c74f-0de9-423b-8f03-d6ec9aed4f19/content,2026-08-06
MIT-2020-025,Guo Zhang,"Zhang, Guo",labmate,"former members...Guo Zhang, for many technical discussions",5,5,https://dspace.mit.edu/server/api/core/bitstreams/cf76c74f-0de9-423b-8f03-d6ec9aed4f19/content,2026-08-06
MIT-2020-025,Dr. Mehmet Kaynak,"Kaynak, Mehmet",collaborator,great support on the 1-THz radiator array project and for hosting me at IHP Microelectronics,5,5,https://dspace.mit.edu/server/api/core/bitstreams/cf76c74f-0de9-423b-8f03-d6ec9aed4f19/content,2026-08-06
MIT-2020-026,Professor Michael R. Watts,"Watts, Michael R.",advisor,"my thesis advisor, Professor Michael R. Watts...exceptional opportunity",7,7,https://dspace.mit.edu/server/api/core/bitstreams/bffbf35a-c26c-4d8e-9140-3768ca064489/content,2026-08-06
MIT-2020-026,Professor Erich P. Ippen,"Ippen, Erich P.",collaborator,"other professors...that have served as my advisors, mentors, and collaborators",7,7,https://dspace.mit.edu/server/api/core/bitstreams/bffbf35a-c26c-4d8e-9140-3768ca064489/content,2026-08-06
MIT-2020-026,Professor Vladimir M. Stojanovic,"Stojanovic, Vladimir M.",collaborator,"other professors...served as my advisors, mentors, and collaborators",7,7,https://dspace.mit.edu/server/api/core/bitstreams/bffbf35a-c26c-4d8e-9140-3768ca064489/content,2026-08-06
MIT-2020-026,Professor Milos A. Popovic,"Popovic, Milos A.",collaborator,"other professors...served as my advisors, mentors, and collaborators",7,7,https://dspace.mit.edu/server/api/core/bitstreams/bffbf35a-c26c-4d8e-9140-3768ca064489/content,2026-08-06
MIT-2020-026,Dr. Gordon A. Keeler,"Keeler, Gordon A.",collaborator,"other professors and program managers...served as my advisors, mentors, and collaborators",7,7,https://dspace.mit.edu/server/api/core/bitstreams/bffbf35a-c26c-4d8e-9140-3768ca064489/content,2026-08-06
MIT-2020-026,Professor Marc A. Baldo,"Baldo, Marc A.",collaborator,"other professors...served as my advisors, mentors, and collaborators",7,7,https://dspace.mit.edu/server/api/core/bitstreams/bffbf35a-c26c-4d8e-9140-3768ca064489/content,2026-08-06
MIT-2020-026,Professor Dirk R. Englund,"Englund, Dirk R.",collaborator,"other professors...served as my advisors, mentors, and collaborators",7,7,https://dspace.mit.edu/server/api/core/bitstreams/bffbf35a-c26c-4d8e-9140-3768ca064489/content,2026-08-06
MIT-2020-026,Professor Franz X. Kaertner,"Kaertner, Franz X.",collaborator,"other professors...served as my advisors, mentors, and collaborators",7,7,https://dspace.mit.edu/server/api/core/bitstreams/bffbf35a-c26c-4d8e-9140-3768ca064489/content,2026-08-06
MIT-2020-026,Professor Rajeev J. Ram,"Ram, Rajeev J.",collaborator,"other professors...served as my advisors, mentors, and collaborators",7,7,https://dspace.mit.edu/server/api/core/bitstreams/bffbf35a-c26c-4d8e-9140-3768ca064489/content,2026-08-06
MIT-2020-026,Professor Leslie A. Kolodziejski,"Kolodziejski, Leslie A.",collaborator,"other professors...served as my advisors, mentors, and collaborators",7,7,https://dspace.mit.edu/server/api/core/bitstreams/bffbf35a-c26c-4d8e-9140-3768ca064489/content,2026-08-06
MIT-2020-026,Professor Tomas Palacios,"Palacios, Tomas",collaborator,"other professors...served as my advisors, mentors, and collaborators",7,7,https://dspace.mit.edu/server/api/core/bitstreams/bffbf35a-c26c-4d8e-9140-3768ca064489/content,2026-08-06
MIT-2020-026,Milica Notaros,"Notaros, Milica",labmate,groupmates and collaborators...in the MIT Photonic Microsystems Group,7,7,https://dspace.mit.edu/server/api/core/bitstreams/bffbf35a-c26c-4d8e-9140-3768ca064489/content,2026-08-06
MIT-2020-026,Manan Raval,"Raval, Manan",labmate,MIT Photonic Microsystems Group,7,7,https://dspace.mit.edu/server/api/core/bitstreams/bffbf35a-c26c-4d8e-9140-3768ca064489/content,2026-08-06
MIT-2020-026,Christopher V. Poulton,"Poulton, Christopher V.",labmate,MIT Photonic Microsystems Group,7,7,https://dspace.mit.edu/server/api/core/bitstreams/bffbf35a-c26c-4d8e-9140-3768ca064489/content,2026-08-06
MIT-2020-026,Matthew J. Byrd,"Byrd, Matthew J.",labmate,MIT Photonic Microsystems Group,7,7,https://dspace.mit.edu/server/api/core/bitstreams/bffbf35a-c26c-4d8e-9140-3768ca064489/content,2026-08-06
MIT-2020-026,Nanxi Li,"Li, Nanxi",labmate,MIT Photonic Microsystems Group,7,7,https://dspace.mit.edu/server/api/core/bitstreams/bffbf35a-c26c-4d8e-9140-3768ca064489/content,2026-08-06
MIT-2020-026,Zhan Su,"Su, Zhan",labmate,MIT Photonic Microsystems Group,7,7,https://dspace.mit.edu/server/api/core/bitstreams/bffbf35a-c26c-4d8e-9140-3768ca064489/content,2026-08-06
MIT-2020-026,Emir Salih Magden,"Magden, Emir Salih",labmate,MIT Photonic Microsystems Group,7,7,https://dspace.mit.edu/server/api/core/bitstreams/bffbf35a-c26c-4d8e-9140-3768ca064489/content,2026-08-06
MIT-2020-026,Erman Timurdogan,"Timurdogan, Erman",labmate,MIT Photonic Microsystems Group,7,7,https://dspace.mit.edu/server/api/core/bitstreams/bffbf35a-c26c-4d8e-9140-3768ca064489/content,2026-08-06
MIT-2020-026,Diedrik Vermeulen,"Vermeulen, Diedrik",labmate,MIT Photonic Microsystems Group,7,7,https://dspace.mit.edu/server/api/core/bitstreams/bffbf35a-c26c-4d8e-9140-3768ca064489/content,2026-08-06
MIT-2020-026,Neetesh Singh,"Singh, Neetesh",labmate,MIT Photonic Microsystems Group,7,7,https://dspace.mit.edu/server/api/core/bitstreams/bffbf35a-c26c-4d8e-9140-3768ca064489/content,2026-08-06
MIT-2020-026,Alfonso Ruocco,"Ruocco, Alfonso",labmate,MIT Photonic Microsystems Group,7,7,https://dspace.mit.edu/server/api/core/bitstreams/bffbf35a-c26c-4d8e-9140-3768ca064489/content,2026-08-06
MIT-2020-026,Purnawirman,Purnawirman,labmate,MIT Photonic Microsystems Group,7,7,https://dspace.mit.edu/server/api/core/bitstreams/bffbf35a-c26c-4d8e-9140-3768ca064489/content,2026-08-06
MIT-2020-026,Thomas Dyer,"Dyer, Thomas",collaborator,at the SUNY Polytechnic Institute,7,7,https://dspace.mit.edu/server/api/core/bitstreams/bffbf35a-c26c-4d8e-9140-3768ca064489/content,2026-08-06
MIT-2020-026,Christopher Baiocco,"Baiocco, Christopher",collaborator,at the SUNY Polytechnic Institute,7,7,https://dspace.mit.edu/server/api/core/bitstreams/bffbf35a-c26c-4d8e-9140-3768ca064489/content,2026-08-06
MIT-2020-026,Daniel Coleman,"Coleman, Daniel",collaborator,at the SUNY Polytechnic Institute,7,7,https://dspace.mit.edu/server/api/core/bitstreams/bffbf35a-c26c-4d8e-9140-3768ca064489/content,2026-08-06
MIT-2020-026,Taehwan Kim,"Kim, Taehwan",collaborator,UC Berkeley Integrated Systems Group,7,7,https://dspace.mit.edu/server/api/core/bitstreams/bffbf35a-c26c-4d8e-9140-3768ca064489/content,2026-08-06
MIT-2020-026,Pavan Bhargava,"Bhargava, Pavan",collaborator,UC Berkeley Integrated Systems Group,7,7,https://dspace.mit.edu/server/api/core/bitstreams/bffbf35a-c26c-4d8e-9140-3768ca064489/content,2026-08-06
MIT-2020-026,Panagiotis Zarkos,"Zarkos, Panagiotis",collaborator,UC Berkeley Integrated Systems Group,7,7,https://dspace.mit.edu/server/api/core/bitstreams/bffbf35a-c26c-4d8e-9140-3768ca064489/content,2026-08-06
MIT-2020-026,Sajjad Moazeni,"Moazeni, Sajjad",collaborator,UC Berkeley Integrated Systems Group,7,7,https://dspace.mit.edu/server/api/core/bitstreams/bffbf35a-c26c-4d8e-9140-3768ca064489/content,2026-08-06
MIT-2020-027,Professor Vivienne Sze,"Sze, Vivienne",advisor,my advisor Professor Vivienne Sze for her guidance and support throughout my PhD,5,5,https://dspace.mit.edu/server/api/core/bitstreams/b1bd27a7-3c9b-4cc8-94ad-aaef783b5aa0/content,2026-08-06
MIT-2020-027,Professor Berthold Horn,"Horn, Berthold",committee,"providing great technical advice...and of course, for agreeing to be on my committee",5,5,https://dspace.mit.edu/server/api/core/bitstreams/b1bd27a7-3c9b-4cc8-94ad-aaef783b5aa0/content,2026-08-06
MIT-2020-027,Dr. Charles Mathy,"Mathy, Charles",committee,agreeing to be on my committee. Charles has provided both technical advice and friendship,5,5,https://dspace.mit.edu/server/api/core/bitstreams/b1bd27a7-3c9b-4cc8-94ad-aaef783b5aa0/content,2026-08-06
MIT-2020-027,Sefa Demirtas,"Demirtas, Sefa",collaborator,being my advocates and helping to initiate this collaboration,5,5,https://dspace.mit.edu/server/api/core/bitstreams/b1bd27a7-3c9b-4cc8-94ad-aaef783b5aa0/content,2026-08-06
MIT-2020-027,Nicolas Le Dortz,"Le Dortz, Nicolas",collaborator,being my advocates and helping to initiate this collaboration,5,5,https://dspace.mit.edu/server/api/core/bitstreams/b1bd27a7-3c9b-4cc8-94ad-aaef783b5aa0/content,2026-08-06
MIT-2020-027,Atulya Yellepeddi,"Yellepeddi, Atulya",collaborator,being my advocates and helping to initiate this collaboration,5,5,https://dspace.mit.edu/server/api/core/bitstreams/b1bd27a7-3c9b-4cc8-94ad-aaef783b5aa0/content,2026-08-06
MIT-2020-027,Tao Yu,"Yu, Tao",collaborator,being my advocates and helping to initiate this collaboration,5,5,https://dspace.mit.edu/server/api/core/bitstreams/b1bd27a7-3c9b-4cc8-94ad-aaef783b5aa0/content,2026-08-06
MIT-2020-027,Jonathan Yedidia,"Yedidia, Jonathan",collaborator,thank both Jonathan Yedidia and Zoran Zvonar for their support as well,5,5,https://dspace.mit.edu/server/api/core/bitstreams/b1bd27a7-3c9b-4cc8-94ad-aaef783b5aa0/content,2026-08-06
MIT-2020-027,Zoran Zvonar,"Zvonar, Zoran",collaborator,thank both Jonathan Yedidia and Zoran Zvonar for their support as well,5,5,https://dspace.mit.edu/server/api/core/bitstreams/b1bd27a7-3c9b-4cc8-94ad-aaef783b5aa0/content,2026-08-06
MIT-2020-027,Kaushal Sanghai,"Sanghai, Kaushal",collaborator,teaching me how to use the company's time-of-flight product,5,5,https://dspace.mit.edu/server/api/core/bitstreams/b1bd27a7-3c9b-4cc8-94ad-aaef783b5aa0/content,2026-08-06
MIT-2020-027,Daniel Schmidt,"Schmidt, Daniel",collaborator,our helpful discussions on graphics and learning based methods,5,5,https://dspace.mit.edu/server/api/core/bitstreams/b1bd27a7-3c9b-4cc8-94ad-aaef783b5aa0/content,2026-08-06
MIT-2020-027,Alan Cheng,"Cheng, Alan",collaborator,"my collaborator, Alan Cheng. I mentored Alan as part of",5,5,https://dspace.mit.edu/server/api/core/bitstreams/b1bd27a7-3c9b-4cc8-94ad-aaef783b5aa0/content,2026-08-06
MIT-2020-028,Professor Kirtley,Kirtley,advisor,my thesis supervisor Professor Kirtley. His patience and support was tremendously helpful,5,5,https://dspace.mit.edu/server/api/core/bitstreams/12af8531-d789-49b9-af6b-4c4466db635d/content,2026-08-06
MIT-2020-028,Professor Lang,Lang,committee,my committee members Professors Lang and Peng...Professor Lang took the time to explain answers,5,5,https://dspace.mit.edu/server/api/core/bitstreams/12af8531-d789-49b9-af6b-4c4466db635d/content,2026-08-06
MIT-2020-028,Professor Peng,Peng,committee,my committee members Professors Lang and Peng...Professor Peng made the collaboration happen,5,5,https://dspace.mit.edu/server/api/core/bitstreams/12af8531-d789-49b9-af6b-4c4466db635d/content,2026-08-06
MIT-2020-028,Mohammad Qasim,"Qasim, Mohammad",collaborator,Part I of this thesis arose from a collaboration with Mohammad Qasim and Matthew Overlin,5,5,https://dspace.mit.edu/server/api/core/bitstreams/12af8531-d789-49b9-af6b-4c4466db635d/content,2026-08-06
MIT-2020-028,Matthew Overlin,"Overlin, Matthew",collaborator,Part I of this thesis arose from a collaboration with Mohammad Qasim and Matthew Overlin,5,5,https://dspace.mit.edu/server/api/core/bitstreams/12af8531-d789-49b9-af6b-4c4466db635d/content,2026-08-06
MIT-2020-028,Gurupraanesh Raman,"Raman, Gurupraanesh",collaborator,thank both Gurupraanesh Raman and Jerry Lu for the enormous amount of work put into this project,5,5,https://dspace.mit.edu/server/api/core/bitstreams/12af8531-d789-49b9-af6b-4c4466db635d/content,2026-08-06
MIT-2020-028,Jerry Lu,"Lu, Jerry",collaborator,acknowledge Jerry for all of the hours he spent tuning hyperparameters,5,5,https://dspace.mit.edu/server/api/core/bitstreams/12af8531-d789-49b9-af6b-4c4466db635d/content,2026-08-06
MIT-2020-028,Krishan Kant,"Kant, Krishan",collaborator,Krishan Kant who helped with the damping case study,5,5,https://dspace.mit.edu/server/api/core/bitstreams/12af8531-d789-49b9-af6b-4c4466db635d/content,2026-08-06
MIT-2020-028,Sajjad Mohammadi,"Mohammadi, Sajjad",labmate,"my office-mates Mohammad Qasim, Sajjad Mohammadi",5,5,https://dspace.mit.edu/server/api/core/bitstreams/12af8531-d789-49b9-af6b-4c4466db635d/content,2026-08-06
MIT-2020-029,Madhu Sudan,"Sudan, Madhu",advisor,"extremely grateful to Madhu for taking me as his student, guiding me carefully",4,4,https://dspace.mit.edu/server/api/core/bitstreams/f9609e76-ab79-48c3-adaf-626a9dcd413c/content,2026-08-06
MIT-2020-029,Ronitt,Ronitt,advisor,truly blessed to also have Ronitt as an advisor. Ronitt's guidance has been very valuable,4,4,https://dspace.mit.edu/server/api/core/bitstreams/f9609e76-ab79-48c3-adaf-626a9dcd413c/content,2026-08-06
MIT-2020-029,Shalev Ben-David,"Ben-David, Shalev",collaborator,started a reading group on query & communication complexity with Shalev Ben-David and Robin Kothari,4,4,https://dspace.mit.edu/server/api/core/bitstreams/f9609e76-ab79-48c3-adaf-626a9dcd413c/content,2026-08-06
MIT-2020-029,Robin Kothari,"Kothari, Robin",collaborator,reading group on query & communication complexity with Shalev Ben-David and Robin Kothari,4,4,https://dspace.mit.edu/server/api/core/bitstreams/f9609e76-ab79-48c3-adaf-626a9dcd413c/content,2026-08-06
MIT-2020-029,Raghu Meka,"Meka, Raghu",committee,grateful to Raghu for serving on my committee,4,4,https://dspace.mit.edu/server/api/core/bitstreams/f9609e76-ab79-48c3-adaf-626a9dcd413c/content,2026-08-06
MIT-2020-029,Mika Göös,"Göös, Mika",collaborator,"the fortune of working with Mika Göös, with whom all the work in the thesis was done",4,4,https://dspace.mit.edu/server/api/core/bitstreams/f9609e76-ab79-48c3-adaf-626a9dcd413c/content,2026-08-06
MIT-2020-029,Jayadev Acharya,"Acharya, Jayadev",collaborator,thank all the collaborators I have had the good fortune of working with while at MIT,4,4,https://dspace.mit.edu/server/api/core/bitstreams/f9609e76-ab79-48c3-adaf-626a9dcd413c/content,2026-08-06
MIT-2020-029,Mohammad Bavarian,"Bavarian, Mohammad",collaborator,thank all the collaborators...while at MIT,4,4,https://dspace.mit.edu/server/api/core/bitstreams/f9609e76-ab79-48c3-adaf-626a9dcd413c/content,2026-08-06
MIT-2020-029,Arnab Bhattacharyya,"Bhattacharyya, Arnab",collaborator,thank all the collaborators...while at MIT,4,4,https://dspace.mit.edu/server/api/core/bitstreams/f9609e76-ab79-48c3-adaf-626a9dcd413c/content,2026-08-06
MIT-2020-029,Ankit Garg,"Garg, Ankit",collaborator,thank all the collaborators...while at MIT,4,4,https://dspace.mit.edu/server/api/core/bitstreams/f9609e76-ab79-48c3-adaf-626a9dcd413c/content,2026-08-06
MIT-2020-029,Badih Ghazi,"Ghazi, Badih",collaborator,"special shout-out to Badih, with whom I have had numerous fruitful collaborations",4,4,https://dspace.mit.edu/server/api/core/bitstreams/f9609e76-ab79-48c3-adaf-626a9dcd413c/content,2026-08-06
MIT-2020-029,Bernhard Haeupler,"Haeupler, Bernhard",collaborator,thank all the collaborators...while at MIT,4,4,https://dspace.mit.edu/server/api/core/bitstreams/f9609e76-ab79-48c3-adaf-626a9dcd413c/content,2026-08-06
MIT-2020-029,Elad Haramaty,"Haramaty, Elad",collaborator,thank all the collaborators...while at MIT,4,4,https://dspace.mit.edu/server/api/core/bitstreams/f9609e76-ab79-48c3-adaf-626a9dcd413c/content,2026-08-06
MIT-2020-029,Shen Li,"Li, Shen",collaborator,thank all the collaborators...while at MIT,4,4,https://dspace.mit.edu/server/api/core/bitstreams/f9609e76-ab79-48c3-adaf-626a9dcd413c/content,2026-08-06
MIT-2020-029,Toniann Pitassi,"Pitassi, Toniann",collaborator,thank all the collaborators...while at MIT,4,4,https://dspace.mit.edu/server/api/core/bitstreams/f9609e76-ab79-48c3-adaf-626a9dcd413c/content,2026-08-06
MIT-2020-029,Prasad Raghavendra,"Raghavendra, Prasad",collaborator,thank all the collaborators...while at MIT,4,4,https://dspace.mit.edu/server/api/core/bitstreams/f9609e76-ab79-48c3-adaf-626a9dcd413c/content,2026-08-06
MIT-2020-029,Ronald Rivest,"Rivest, Ronald",collaborator,thank all the collaborators...while at MIT,4,4,https://dspace.mit.edu/server/api/core/bitstreams/f9609e76-ab79-48c3-adaf-626a9dcd413c/content,2026-08-06
MIT-2020-029,Robert Robere,"Robere, Robert",collaborator,thank all the collaborators...while at MIT,4,4,https://dspace.mit.edu/server/api/core/bitstreams/f9609e76-ab79-48c3-adaf-626a9dcd413c/content,2026-08-06
MIT-2020-029,Ankit Shah,"Shah, Ankit",collaborator,thank all the collaborators...while at MIT,4,4,https://dspace.mit.edu/server/api/core/bitstreams/f9609e76-ab79-48c3-adaf-626a9dcd413c/content,2026-08-06
MIT-2020-029,Julie Shah,"Shah, Julie",collaborator,thank all the collaborators...while at MIT,4,4,https://dspace.mit.edu/server/api/core/bitstreams/f9609e76-ab79-48c3-adaf-626a9dcd413c/content,2026-08-06
MIT-2020-029,Dmitry Sokolov,"Sokolov, Dmitry",collaborator,thank all the collaborators...while at MIT,4,4,https://dspace.mit.edu/server/api/core/bitstreams/f9609e76-ab79-48c3-adaf-626a9dcd413c/content,2026-08-06
MIT-2020-029,Katerina Sotiraki,"Sotiraki, Katerina",collaborator,thank all the collaborators...while at MIT,4,4,https://dspace.mit.edu/server/api/core/bitstreams/f9609e76-ab79-48c3-adaf-626a9dcd413c/content,2026-08-06
MIT-2020-029,Ameya Velingker,"Velingker, Ameya",collaborator,thank all the collaborators...while at MIT,4,4,https://dspace.mit.edu/server/api/core/bitstreams/f9609e76-ab79-48c3-adaf-626a9dcd413c/content,2026-08-06
MIT-2020-029,Tom Watson,"Watson, Tom",collaborator,thank all the collaborators...while at MIT,4,4,https://dspace.mit.edu/server/api/core/bitstreams/f9609e76-ab79-48c3-adaf-626a9dcd413c/content,2026-08-06
MIT-2020-029,Manolis Zampetakis,"Zampetakis, Manolis",collaborator,thank all the collaborators...while at MIT,4,4,https://dspace.mit.edu/server/api/core/bitstreams/f9609e76-ab79-48c3-adaf-626a9dcd413c/content,2026-08-06
MIT-2020-029,Scott Aaronson,"Aaronson, Scott",other,gained tremendously by interacting with faculty at MIT and I would like to thank Scott Aaronson,4,4,https://dspace.mit.edu/server/api/core/bitstreams/f9609e76-ab79-48c3-adaf-626a9dcd413c/content,2026-08-06
MIT-2020-029,Aleksander Mądry,"Mądry, Aleksander",other,interacting with faculty at MIT...Aleksander Mądry,4,4,https://dspace.mit.edu/server/api/core/bitstreams/f9609e76-ab79-48c3-adaf-626a9dcd413c/content,2026-08-06
MIT-2020-029,Dana Moshkovitz,"Moshkovitz, Dana",other,interacting with faculty at MIT...Dana Moshkovitz,4,4,https://dspace.mit.edu/server/api/core/bitstreams/f9609e76-ab79-48c3-adaf-626a9dcd413c/content,2026-08-06
MIT-2020-029,Vinod Vaikuntanathan,"Vaikuntanathan, Vinod",other,interacting with faculty at MIT...Vinod Vaikuntanathan,4,4,https://dspace.mit.edu/server/api/core/bitstreams/f9609e76-ab79-48c3-adaf-626a9dcd413c/content,2026-08-06
MIT-2020-029,Costis Daskalakis,"Daskalakis, Costis",committee,giving me advice on many occasions and also serving on my committee,4,4,https://dspace.mit.edu/server/api/core/bitstreams/f9609e76-ab79-48c3-adaf-626a9dcd413c/content,2026-08-06
MIT-2020-029,Yael Kalai,"Kalai, Yael",other,grateful to Yael Kalai for valuable guidance and being such an inspiring source of energy,4,4,https://dspace.mit.edu/server/api/core/bitstreams/f9609e76-ab79-48c3-adaf-626a9dcd413c/content,2026-08-06
MIT-2020-029,David Karger,"Karger, David",other,"excellent and diverse TA opportunities...grateful to Dana Moshkovitz, David Karger, Dina Katabi and Piotr Indyk",4,4,https://dspace.mit.edu/server/api/core/bitstreams/f9609e76-ab79-48c3-adaf-626a9dcd413c/content,2026-08-06
MIT-2020-029,Dina Katabi,"Katabi, Dina",other,TA opportunities...grateful to...Dina Katabi and Piotr Indyk for providing me the same,4,4,https://dspace.mit.edu/server/api/core/bitstreams/f9609e76-ab79-48c3-adaf-626a9dcd413c/content,2026-08-06
MIT-2020-029,Piotr Indyk,"Indyk, Piotr",other,TA opportunities...grateful to...Piotr Indyk for providing me the same,4,4,https://dspace.mit.edu/server/api/core/bitstreams/f9609e76-ab79-48c3-adaf-626a9dcd413c/content,2026-08-06
MIT-2020-029,Supratik Chakraborty,"Chakraborty, Supratik",other,getting me interested in theoretical research and trying to build some discipline into me,4,4,https://dspace.mit.edu/server/api/core/bitstreams/f9609e76-ab79-48c3-adaf-626a9dcd413c/content,2026-08-06
MIT-2020-029,Nutan Limaye,"Limaye, Nutan",other,getting me interested in theoretical research...Nutan Limaye,4,4,https://dspace.mit.edu/server/api/core/bitstreams/f9609e76-ab79-48c3-adaf-626a9dcd413c/content,2026-08-06
MIT-2020-029,Neeraj Kayal,"Kayal, Neeraj",other,getting me interested in theoretical research...Neeraj Kayal,4,4,https://dspace.mit.edu/server/api/core/bitstreams/f9609e76-ab79-48c3-adaf-626a9dcd413c/content,2026-08-06
MIT-2020-030,Russ,Russ,advisor,thank Russ for giving me the opportunity to be a part of the Robot Locomotion Group,5,5,https://dspace.mit.edu/server/api/core/bitstreams/16775bc3-1825-4e0a-bde3-2b0838d61b8e/content,2026-08-06
MIT-2020-030,Tomás Lozano-Pérez,"Lozano-Pérez, Tomás",committee,"my committee members, Tomás Lozano-Pérez and Alberto Rodriguez",5,5,https://dspace.mit.edu/server/api/core/bitstreams/16775bc3-1825-4e0a-bde3-2b0838d61b8e/content,2026-08-06
MIT-2020-030,Alberto Rodriguez,"Rodriguez, Alberto",committee,"my committee members, Tomás Lozano-Pérez and Alberto Rodriguez",5,5,https://dspace.mit.edu/server/api/core/bitstreams/16775bc3-1825-4e0a-bde3-2b0838d61b8e/content,2026-08-06
MIT-2020-030,Robin Deits,"Deits, Robin",collaborator,"my main collaborators, Robin Deits, Michael Posa, and Sabrina Neuman",5,5,https://dspace.mit.edu/server/api/core/bitstreams/16775bc3-1825-4e0a-bde3-2b0838d61b8e/content,2026-08-06
MIT-2020-030,Michael Posa,"Posa, Michael",collaborator,"my main collaborators, Robin Deits, Michael Posa, and Sabrina Neuman",5,5,https://dspace.mit.edu/server/api/core/bitstreams/16775bc3-1825-4e0a-bde3-2b0838d61b8e/content,2026-08-06
MIT-2020-030,Sabrina Neuman,"Neuman, Sabrina",collaborator,"my main collaborators, Robin Deits, Michael Posa, and Sabrina Neuman",5,5,https://dspace.mit.edu/server/api/core/bitstreams/16775bc3-1825-4e0a-bde3-2b0838d61b8e/content,2026-08-06
MIT-2020-030,Tobia Marcucci,"Marcucci, Tobia",collaborator,"for reviewing parts of this thesis, the discussions, and the laughs",5,5,https://dspace.mit.edu/server/api/core/bitstreams/16775bc3-1825-4e0a-bde3-2b0838d61b8e/content,2026-08-06
MIT-2020-030,Martijn Wisse,"Wisse, Martijn",other,lighting the spark by making my introduction to robotics so much fun,5,5,https://dspace.mit.edu/server/api/core/bitstreams/16775bc3-1825-4e0a-bde3-2b0838d61b8e/content,2026-08-06
MIT-2020-030,Jerry Pratt,"Pratt, Jerry",friend,"being a great example and friend, and for helping me throughout my career",5,5,https://dspace.mit.edu/server/api/core/bitstreams/16775bc3-1825-4e0a-bde3-2b0838d61b8e/content,2026-08-06
MIT-2020-031,Pardis Sabeti,"Sabeti, Pardis",advisor,"deeply grateful to my advisor, Pardis Sabeti, for guiding me through graduate school",5,5,https://dspace.mit.edu/server/api/core/bitstreams/c86f5ac0-c73b-40a7-a12d-a895d1272770/content,2026-08-06
MIT-2020-031,Manolis Kellis,"Kellis, Manolis",committee,his thoughts as part of my thesis committee,5,5,https://dspace.mit.edu/server/api/core/bitstreams/c86f5ac0-c73b-40a7-a12d-a895d1272770/content,2026-08-06
MIT-2020-031,Caroline Uhler,"Uhler, Caroline",committee,for her valuable feedback on my thesis committee,5,5,https://dspace.mit.edu/server/api/core/bitstreams/c86f5ac0-c73b-40a7-a12d-a895d1272770/content,2026-08-06
MIT-2020-031,David Gifford,"Gifford, David",committee,"Research Qualifying Exam committee members, David Gifford and Bonnie Berger",5,5,https://dspace.mit.edu/server/api/core/bitstreams/c86f5ac0-c73b-40a7-a12d-a895d1272770/content,2026-08-06
MIT-2020-031,Bonnie Berger,"Berger, Bonnie",committee,"Research Qualifying Exam committee members, David Gifford and Bonnie Berger",5,5,https://dspace.mit.edu/server/api/core/bitstreams/c86f5ac0-c73b-40a7-a12d-a895d1272770/content,2026-08-06
MIT-2020-031,Katie Siddle,"Siddle, Katie",labmate,"amazing research partner on the CATCH project, always being there as a friend and mentor",5,5,https://dspace.mit.edu/server/api/core/bitstreams/c86f5ac0-c73b-40a7-a12d-a895d1272770/content,2026-08-06
MIT-2020-031,Shirlee Wohl,"Wohl, Shirlee",labmate,"teaching me about phylogenetics and paper writing, insightful discussions",5,5,https://dspace.mit.edu/server/api/core/bitstreams/c86f5ac0-c73b-40a7-a12d-a895d1272770/content,2026-08-06
MIT-2020-031,Chris Matranga,"Matranga, Chris",labmate,mentorship and patiently teaching me all about what happens in the wet lab,5,5,https://dspace.mit.edu/server/api/core/bitstreams/c86f5ac0-c73b-40a7-a12d-a895d1272770/content,2026-08-06
MIT-2020-031,Danny Park,"Park, Danny",labmate,"always being open to chat and offer their sound, perceptive guidance",5,5,https://dspace.mit.edu/server/api/core/bitstreams/c86f5ac0-c73b-40a7-a12d-a895d1272770/content,2026-08-06
MIT-2020-031,Anne Piantadosi,"Piantadosi, Anne",labmate,"always being open to chat and offer their sound, perceptive guidance",5,5,https://dspace.mit.edu/server/api/core/bitstreams/c86f5ac0-c73b-40a7-a12d-a895d1272770/content,2026-08-06
MIT-2020-031,Cameron Myhrvold,"Myhrvold, Cameron",labmate,sounding board for ideas and providing unwaveringly thoughtful research advice,5,5,https://dspace.mit.edu/server/api/core/bitstreams/c86f5ac0-c73b-40a7-a12d-a895d1272770/content,2026-08-06
MIT-2020-031,Andi Gnirke,"Gnirke, Andi",labmate,answering my never-ending questions about sequencing data,5,5,https://dspace.mit.edu/server/api/core/bitstreams/c86f5ac0-c73b-40a7-a12d-a895d1272770/content,2026-08-06
MIT-2020-031,Simon Ye,"Ye, Simon",labmate,many great conversations about papers and research ideas,5,5,https://dspace.mit.edu/server/api/core/bitstreams/c86f5ac0-c73b-40a7-a12d-a895d1272770/content,2026-08-06
MIT-2020-031,Catherine Freije,"Freije, Catherine",labmate,"boundless enthusiasm and optimism, and always offering expert advice or a helping hand",5,5,https://dspace.mit.edu/server/api/core/bitstreams/c86f5ac0-c73b-40a7-a12d-a895d1272770/content,2026-08-06
MIT-2020-031,Aaron Lin,"Lin, Aaron",labmate,"boundless enthusiasm and optimism, and always offering expert advice or a helping hand",5,5,https://dspace.mit.edu/server/api/core/bitstreams/c86f5ac0-c73b-40a7-a12d-a895d1272770/content,2026-08-06
MIT-2020-031,Sarah Winnicki,"Winnicki, Sarah",labmate,ensuring all the moving parts of complex projects run smoothly,5,5,https://dspace.mit.edu/server/api/core/bitstreams/c86f5ac0-c73b-40a7-a12d-a895d1272770/content,2026-08-06
MIT-2020-031,Kendra West,"West, Kendra",labmate,ensuring all the moving parts of complex projects run smoothly,5,5,https://dspace.mit.edu/server/api/core/bitstreams/c86f5ac0-c73b-40a7-a12d-a895d1272770/content,2026-08-06
MIT-2020-031,Bridget Chak,"Chak, Bridget",labmate,ensuring all the moving parts of complex projects run smoothly,5,5,https://dspace.mit.edu/server/api/core/bitstreams/c86f5ac0-c73b-40a7-a12d-a895d1272770/content,2026-08-06
MIT-2020-031,August Felix,"Felix, August",labmate,ensuring all the moving parts of complex projects run smoothly,5,5,https://dspace.mit.edu/server/api/core/bitstreams/c86f5ac0-c73b-40a7-a12d-a895d1272770/content,2026-08-06
MIT-2020-031,Bronwyn MacInnis,"MacInnis, Bronwyn",labmate,"diligent and fun paper-writing partners, at all hours of the night",5,5,https://dspace.mit.edu/server/api/core/bitstreams/c86f5ac0-c73b-40a7-a12d-a895d1272770/content,2026-08-06
MIT-2020-031,Steve Schaffner,"Schaffner, Steve",labmate,"diligent and fun paper-writing partners, at all hours of the night",5,5,https://dspace.mit.edu/server/api/core/bitstreams/c86f5ac0-c73b-40a7-a12d-a895d1272770/content,2026-08-06
MIT-2020-031,Nathan Yozwiak,"Yozwiak, Nathan",labmate,"diligent and fun paper-writing partners, at all hours of the night",5,5,https://dspace.mit.edu/server/api/core/bitstreams/c86f5ac0-c73b-40a7-a12d-a895d1272770/content,2026-08-06
MIT-2020-031,Shira Weingarten-Gabbay,"Weingarten-Gabbay, Shira",labmate,precious discussions and feedback,5,5,https://dspace.mit.edu/server/api/core/bitstreams/c86f5ac0-c73b-40a7-a12d-a895d1272770/content,2026-08-06
MIT-2020-031,Ryan Tewhey,"Tewhey, Ryan",labmate,tremendously useful research pointers,5,5,https://dspace.mit.edu/server/api/core/bitstreams/c86f5ac0-c73b-40a7-a12d-a895d1272770/content,2026-08-06
MIT-2020-031,Liz Brown,"Brown, Liz",labmate,their helpful guidance,5,5,https://dspace.mit.edu/server/api/core/bitstreams/c86f5ac0-c73b-40a7-a12d-a895d1272770/content,2026-08-06
MIT-2020-031,Kayla Barnes,"Barnes, Kayla",labmate,their helpful guidance,5,5,https://dspace.mit.edu/server/api/core/bitstreams/c86f5ac0-c73b-40a7-a12d-a895d1272770/content,2026-08-06
MIT-2020-031,Joy,Joy,parent,"grateful to my parents, Joy and Richard...for their unconditional love and support",5,5,https://dspace.mit.edu/server/api/core/bitstreams/c86f5ac0-c73b-40a7-a12d-a895d1272770/content,2026-08-06
MIT-2020-031,Richard,Richard,parent,"grateful to my parents, Joy and Richard...for their unconditional love and support",5,5,https://dspace.mit.edu/server/api/core/bitstreams/c86f5ac0-c73b-40a7-a12d-a895d1272770/content,2026-08-06
MIT-2020-031,Evan,Evan,sibling,"brother, Evan, for their unconditional love and support",5,5,https://dspace.mit.edu/server/api/core/bitstreams/c86f5ac0-c73b-40a7-a12d-a895d1272770/content,2026-08-06
MIT-2020-031,Stuart,Stuart,other_family,"my uncle, Stuart, for fostering my interest in computer science at a young age",5,5,https://dspace.mit.edu/server/api/core/bitstreams/c86f5ac0-c73b-40a7-a12d-a895d1272770/content,2026-08-06
MIT-2020-031,Marvin,Marvin,other_family,"my grandfather, Marvin, who passed away during this work",5,5,https://dspace.mit.edu/server/api/core/bitstreams/c86f5ac0-c73b-40a7-a12d-a895d1272770/content,2026-08-06
MIT-2020-032,Prof. Daniel Jackson,"Jackson, Daniel",advisor,"my advisor Prof. Daniel Jackson, whose expert guidance made this work possible",5,5,https://dspace.mit.edu/server/api/core/bitstreams/c108c743-ab5e-4a5a-ada4-e9ab3872d658/content,2026-08-06
MIT-2020-032,Prof. Rob Miller,"Miller, Rob",committee,grateful to Prof. Rob Miller...for being part of my thesis committee,5,5,https://dspace.mit.edu/server/api/core/bitstreams/c108c743-ab5e-4a5a-ada4-e9ab3872d658/content,2026-08-06
MIT-2020-032,Prof. Hal Abelson,"Abelson, Hal",committee,grateful to...Prof. Hal Abelson for being part of my thesis committee,5,5,https://dspace.mit.edu/server/api/core/bitstreams/c108c743-ab5e-4a5a-ada4-e9ab3872d658/content,2026-08-06
MIT-2020-032,Barry A. McNamara III,"McNamara, Barry A. III",collaborator,worked on Déjà Vu for their SuperUROP and M.Eng...Barry developed a graphical environment,5,5,https://dspace.mit.edu/server/api/core/bitstreams/c108c743-ab5e-4a5a-ada4-e9ab3872d658/content,2026-08-06
MIT-2020-032,Czarina Lao,"Lao, Czarina",collaborator,Czarina built libraries and tools make it easy to implement concepts,5,5,https://dspace.mit.edu/server/api/core/bitstreams/c108c743-ab5e-4a5a-ada4-e9ab3872d658/content,2026-08-06
MIT-2020-032,Maryam Archie,"Archie, Maryam",collaborator,Maryam helped implement the concept catalog and our case study applications,5,5,https://dspace.mit.edu/server/api/core/bitstreams/c108c743-ab5e-4a5a-ada4-e9ab3872d658/content,2026-08-06
MIT-2020-032,Yunyi Zhu,"Zhu, Yunyi",collaborator,students that contributed to Déjà Vu through MIT's UROP program,5,5,https://dspace.mit.edu/server/api/core/bitstreams/c108c743-ab5e-4a5a-ada4-e9ab3872d658/content,2026-08-06
MIT-2020-032,Shinjini Saha,"Saha, Shinjini",collaborator,students that contributed to Déjà Vu through MIT's UROP program,5,5,https://dspace.mit.edu/server/api/core/bitstreams/c108c743-ab5e-4a5a-ada4-e9ab3872d658/content,2026-08-06
MIT-2020-032,John Parsons,"Parsons, John",collaborator,students that contributed to Déjà Vu through MIT's UROP program,5,5,https://dspace.mit.edu/server/api/core/bitstreams/c108c743-ab5e-4a5a-ada4-e9ab3872d658/content,2026-08-06
MIT-2020-032,Stacy Ho,"Ho, Stacy",collaborator,students that contributed to Déjà Vu through MIT's UROP program,5,5,https://dspace.mit.edu/server/api/core/bitstreams/c108c743-ab5e-4a5a-ada4-e9ab3872d658/content,2026-08-06
MIT-2020-032,Teddy Katz,"Katz, Teddy",collaborator,students that contributed to Déjà Vu through MIT's UROP program,5,5,https://dspace.mit.edu/server/api/core/bitstreams/c108c743-ab5e-4a5a-ada4-e9ab3872d658/content,2026-08-06
MIT-2020-032,Eric Manzi,"Manzi, Eric",collaborator,students that contributed to Déjà Vu through MIT's UROP program,5,5,https://dspace.mit.edu/server/api/core/bitstreams/c108c743-ab5e-4a5a-ada4-e9ab3872d658/content,2026-08-06
MIT-2020-032,Geoffrey Litt,"Litt, Geoffrey",labmate,current and past members of the Software Design Group,5,5,https://dspace.mit.edu/server/api/core/bitstreams/c108c743-ab5e-4a5a-ada4-e9ab3872d658/content,2026-08-06
MIT-2020-032,Sergio Campos,"Campos, Sergio",labmate,members of the Software Design Group,5,5,https://dspace.mit.edu/server/api/core/bitstreams/c108c743-ab5e-4a5a-ada4-e9ab3872d658/content,2026-08-06
MIT-2020-032,Matt McCutchen,"McCutchen, Matt",labmate,members of the Software Design Group,5,5,https://dspace.mit.edu/server/api/core/bitstreams/c108c743-ab5e-4a5a-ada4-e9ab3872d658/content,2026-08-06
MIT-2020-032,Aleksandar Milicevic,"Milicevic, Aleksandar",labmate,members of the Software Design Group,5,5,https://dspace.mit.edu/server/api/core/bitstreams/c108c743-ab5e-4a5a-ada4-e9ab3872d658/content,2026-08-06
MIT-2020-032,Joseph Near,"Near, Joseph",labmate,members of the Software Design Group,5,5,https://dspace.mit.edu/server/api/core/bitstreams/c108c743-ab5e-4a5a-ada4-e9ab3872d658/content,2026-08-06
MIT-2020-032,Eunsuk Kang,"Kang, Eunsuk",labmate,members of the Software Design Group,5,5,https://dspace.mit.edu/server/api/core/bitstreams/c108c743-ab5e-4a5a-ada4-e9ab3872d658/content,2026-08-06
MIT-2020-032,Jonathan Edwards,"Edwards, Jonathan",labmate,members of the Software Design Group,5,5,https://dspace.mit.edu/server/api/core/bitstreams/c108c743-ab5e-4a5a-ada4-e9ab3872d658/content,2026-08-06
MIT-2020-032,Michelle,Michelle,partner,"special thanks to my wife Michelle...her love, support, and encouragement",5,5,https://dspace.mit.edu/server/api/core/bitstreams/c108c743-ab5e-4a5a-ada4-e9ab3872d658/content,2026-08-06
MIT-2020-032,Lucy,Lucy,other_family,I dedicate this thesis to my daughter Lucy,5,5,https://dspace.mit.edu/server/api/core/bitstreams/c108c743-ab5e-4a5a-ada4-e9ab3872d658/content,2026-08-06
MIT-2020-033,Professor Michael Watts,"Watts, Michael",advisor,"my advisor, Professor Michael Watts, who provided me with the opportunity and the resources",4,4,https://dspace.mit.edu/server/api/core/bitstreams/13440e15-0b97-4e76-b2cf-bf4991210cc9/content,2026-08-06
MIT-2020-033,Professor Erich Ippen,"Ippen, Erich",committee,very excited to have Professor Ippen serve on my thesis committee,4,4,https://dspace.mit.edu/server/api/core/bitstreams/13440e15-0b97-4e76-b2cf-bf4991210cc9/content,2026-08-06
MIT-2020-033,Professor Dirk Englund,"Englund, Dirk",committee,thank Professor Dirk Englund for serving on my thesis committee,4,4,https://dspace.mit.edu/server/api/core/bitstreams/13440e15-0b97-4e76-b2cf-bf4991210cc9/content,2026-08-06
MIT-2020-034,Antonio Torralba,"Torralba, Antonio",advisor,thank Antonio Torralba for all the mentoring and support... doing this PhD with him,7,7,https://dspace.mit.edu/server/api/core/bitstreams/36b18fba-cca5-4fd1-8498-8887a6fdd44e/content,2026-08-06
MIT-2020-034,James Glass,"Glass, James",committee,thank James Glass and Phillip Isola for being part of my committee,7,7,https://dspace.mit.edu/server/api/core/bitstreams/36b18fba-cca5-4fd1-8498-8887a6fdd44e/content,2026-08-06
MIT-2020-034,Phillip Isola,"Isola, Phillip",committee,thank James Glass and Phillip Isola for being part of my committee,7,7,https://dspace.mit.edu/server/api/core/bitstreams/36b18fba-cca5-4fd1-8498-8887a6fdd44e/content,2026-08-06
MIT-2020-034,Aditya Khosla,"Khosla, Aditya",collaborator,thank Aditya Khosla and Carl Vondrick for their endless hours of help and guidance,7,7,https://dspace.mit.edu/server/api/core/bitstreams/36b18fba-cca5-4fd1-8498-8887a6fdd44e/content,2026-08-06
MIT-2020-034,Carl Vondrick,"Vondrick, Carl",collaborator,thank Aditya Khosla and Carl Vondrick for their endless hours of help and guidance,7,7,https://dspace.mit.edu/server/api/core/bitstreams/36b18fba-cca5-4fd1-8498-8887a6fdd44e/content,2026-08-06
MIT-2020-034,Agata Lapedriza,"Lapedriza, Agata",collaborator,long list of collaborators... Agata Lapedriza,7,7,https://dspace.mit.edu/server/api/core/bitstreams/36b18fba-cca5-4fd1-8498-8887a6fdd44e/content,2026-08-06
MIT-2020-034,Josep Marc Mingot,"Mingot, Josep Marc",other,helped me navigate MIT the first day I arrived,7,7,https://dspace.mit.edu/server/api/core/bitstreams/36b18fba-cca5-4fd1-8498-8887a6fdd44e/content,2026-08-06
MIT-2020-034,Zoya Bylinskii,"Bylinskii, Zoya",collaborator,helped me navigate MIT; also in list of collaborators,7,7,https://dspace.mit.edu/server/api/core/bitstreams/36b18fba-cca5-4fd1-8498-8887a6fdd44e/content,2026-08-06
MIT-2020-034,David Harwath,"Harwath, David",collaborator,thank David Harwath for all his contributions... speech-related chapters,7,7,https://dspace.mit.edu/server/api/core/bitstreams/36b18fba-cca5-4fd1-8498-8887a6fdd44e/content,2026-08-06
MIT-2020-034,David Bau,"Bau, David",collaborator,long list of collaborators who made my journey easier,7,7,https://dspace.mit.edu/server/api/core/bitstreams/36b18fba-cca5-4fd1-8498-8887a6fdd44e/content,2026-08-06
MIT-2020-034,Fredo Durand,"Durand, Fredo",collaborator,long list of collaborators who made my journey easier,7,7,https://dspace.mit.edu/server/api/core/bitstreams/36b18fba-cca5-4fd1-8498-8887a6fdd44e/content,2026-08-06
MIT-2020-034,Petr Kellnhofer,"Kellnhofer, Petr",collaborator,long list of collaborators who made my journey easier,7,7,https://dspace.mit.edu/server/api/core/bitstreams/36b18fba-cca5-4fd1-8498-8887a6fdd44e/content,2026-08-06
MIT-2020-034,Shuang Li,"Li, Shuang",collaborator,long list of collaborators who made my journey easier,7,7,https://dspace.mit.edu/server/api/core/bitstreams/36b18fba-cca5-4fd1-8498-8887a6fdd44e/content,2026-08-06
MIT-2020-034,Wei-Chiu Ma,"Ma, Wei-Chiu",collaborator,long list of collaborators who made my journey easier,7,7,https://dspace.mit.edu/server/api/core/bitstreams/36b18fba-cca5-4fd1-8498-8887a6fdd44e/content,2026-08-06
MIT-2020-034,Wojciech Matusik,"Matusik, Wojciech",collaborator,long list of collaborators who made my journey easier,7,7,https://dspace.mit.edu/server/api/core/bitstreams/36b18fba-cca5-4fd1-8498-8887a6fdd44e/content,2026-08-06
MIT-2020-035,Srini Devadas,"Devadas, Srini",advisor,"My advisor, Srini Devadas, for supporting and guiding me",7,7,https://dspace.mit.edu/server/api/core/bitstreams/5eddf7bd-e75c-4388-b6c9-06633512d701/content,2026-08-06
MIT-2020-035,Ron Rivest,"Rivest, Ron",committee,"My thesis committee, Ron Rivest and Vinod Vaikuntanathan",7,7,https://dspace.mit.edu/server/api/core/bitstreams/5eddf7bd-e75c-4388-b6c9-06633512d701/content,2026-08-06
MIT-2020-035,Vinod Vaikuntanathan,"Vaikuntanathan, Vinod",committee,"My thesis committee, Ron Rivest and Vinod Vaikuntanathan",7,7,https://dspace.mit.edu/server/api/core/bitstreams/5eddf7bd-e75c-4388-b6c9-06633512d701/content,2026-08-06
MIT-2020-035,Radu Sion,"Sion, Radu",other,"My undergraduate advisor, Radu Sion, for time and energy mentoring me",7,7,https://dspace.mit.edu/server/api/core/bitstreams/5eddf7bd-e75c-4388-b6c9-06633512d701/content,2026-08-06
MIT-2020-035,Ling Ren,"Ren, Ling",labmate,"Ling Ren, for all the research discussions in our office",7,7,https://dspace.mit.edu/server/api/core/bitstreams/5eddf7bd-e75c-4388-b6c9-06633512d701/content,2026-08-06
MIT-2020-035,Victor Costan,"Costan, Victor",labmate,"My research group at MIT... Victor Costan, for reminding me not to stress out",7,7,https://dspace.mit.edu/server/api/core/bitstreams/5eddf7bd-e75c-4388-b6c9-06633512d701/content,2026-08-06
MIT-2020-035,Christopher Fletcher,"Fletcher, Christopher",labmate,"My research group at MIT... Christopher Fletcher, for mentioning how awesome polynomials are",7,7,https://dspace.mit.edu/server/api/core/bitstreams/5eddf7bd-e75c-4388-b6c9-06633512d701/content,2026-08-06
MIT-2020-035,Quan Nguyen,"Nguyen, Quan",labmate,"My research group at MIT... Quan Nguyen, for showing us how to build CPUs in Minecraft",7,7,https://dspace.mit.edu/server/api/core/bitstreams/5eddf7bd-e75c-4388-b6c9-06633512d701/content,2026-08-06
MIT-2020-035,Sabrina Neuman,"Neuman, Sabrina",labmate,"My research group at MIT... Sabrina Neuman, for teaching us about robots",7,7,https://dspace.mit.edu/server/api/core/bitstreams/5eddf7bd-e75c-4388-b6c9-06633512d701/content,2026-08-06
MIT-2020-035,Xiangyao Yu,"Yu, Xiangyao",labmate,"My research group at MIT... Xiangyao Yu, for giving the lab's newest grad student a computer",7,7,https://dspace.mit.edu/server/api/core/bitstreams/5eddf7bd-e75c-4388-b6c9-06633512d701/content,2026-08-06
MIT-2020-035,Hsin-Jung Yang,"Yang, Hsin-Jung",labmate,"My research group at MIT... Hsin-Jung Yang, for all the FPGA talks",7,7,https://dspace.mit.edu/server/api/core/bitstreams/5eddf7bd-e75c-4388-b6c9-06633512d701/content,2026-08-06
MIT-2020-035,Hanshen Xiao,"Xiao, Hanshen",labmate,"My research group at MIT... Hanshen Xiao, for being the math wizard",7,7,https://dspace.mit.edu/server/api/core/bitstreams/5eddf7bd-e75c-4388-b6c9-06633512d701/content,2026-08-06
MIT-2020-035,Charles Herder,"Herder, Charles",labmate,"My research group at MIT... Charles Herder, for being the wizard of all wizards",7,7,https://dspace.mit.edu/server/api/core/bitstreams/5eddf7bd-e75c-4388-b6c9-06633512d701/content,2026-08-06
MIT-2020-035,Albert Kwon,"Kwon, Albert",labmate,"My research group at MIT... Albert Kwon, for inspiring me to do work as awesome as his",7,7,https://dspace.mit.edu/server/api/core/bitstreams/5eddf7bd-e75c-4388-b6c9-06633512d701/content,2026-08-06
MIT-2020-035,Jun Wan,"Wan, Jun",labmate,"My research group at MIT... Jun Wan, for all the breakfasts at Darwin's",7,7,https://dspace.mit.edu/server/api/core/bitstreams/5eddf7bd-e75c-4388-b6c9-06633512d701/content,2026-08-06
MIT-2020-035,Kyle Hogan,"Hogan, Kyle",labmate,"My research group at MIT... Kyle Hogan, for teaching me how to coffee right",7,7,https://dspace.mit.edu/server/api/core/bitstreams/5eddf7bd-e75c-4388-b6c9-06633512d701/content,2026-08-06
MIT-2020-035,Jules Drean,"Drean, Jules",labmate,"My research group at MIT... Jules Drean, for his awesome energy",7,7,https://dspace.mit.edu/server/api/core/bitstreams/5eddf7bd-e75c-4388-b6c9-06633512d701/content,2026-08-06
MIT-2020-035,Sacha Servan-Schreiber,"Servan-Schreiber, Sacha",labmate,My research group at MIT... walking the Appalachian trail and telling us about it,7,7,https://dspace.mit.edu/server/api/core/bitstreams/5eddf7bd-e75c-4388-b6c9-06633512d701/content,2026-08-06
MIT-2020-035,Alex (Yu) Xia,"Xia, Alex (Yu)",labmate,My research group at MIT... for popping up into our office to check how we're doing,7,7,https://dspace.mit.edu/server/api/core/bitstreams/5eddf7bd-e75c-4388-b6c9-06633512d701/content,2026-08-06
MIT-2020-035,Zack Newman,"Newman, Zack",labmate,"My research group at MIT... Zack Newman, for all the cool crypto talks",7,7,https://dspace.mit.edu/server/api/core/bitstreams/5eddf7bd-e75c-4388-b6c9-06633512d701/content,2026-08-06
MIT-2020-035,Ilia Lebedev,"Lebedev, Ilia",labmate,My research group at MIT... 6 years of sharing an office that was never boring,7,7,https://dspace.mit.edu/server/api/core/bitstreams/5eddf7bd-e75c-4388-b6c9-06633512d701/content,2026-08-06
MIT-2020-035,Sally O. Lee,"Lee, Sally O.",labmate,My research group at MIT... for all the jokes and laughter,7,7,https://dspace.mit.edu/server/api/core/bitstreams/5eddf7bd-e75c-4388-b6c9-06633512d701/content,2026-08-06
MIT-2020-035,Vivek Bhupatiraju,"Bhupatiraju, Vivek",other,My four high school students from the MIT PRIMES program,7,7,https://dspace.mit.edu/server/api/core/bitstreams/5eddf7bd-e75c-4388-b6c9-06633512d701/content,2026-08-06
MIT-2020-035,Robert Chen,"Chen, Robert",other,My four high school students from the MIT PRIMES program,7,7,https://dspace.mit.edu/server/api/core/bitstreams/5eddf7bd-e75c-4388-b6c9-06633512d701/content,2026-08-06
MIT-2020-035,John Kuszmaul,"Kuszmaul, John",other,My four high school students from the MIT PRIMES program,7,7,https://dspace.mit.edu/server/api/core/bitstreams/5eddf7bd-e75c-4388-b6c9-06633512d701/content,2026-08-06
MIT-2020-035,Yiming Zheng,"Zheng, Yiming",other,My four high school students from the MIT PRIMES program,7,7,https://dspace.mit.edu/server/api/core/bitstreams/5eddf7bd-e75c-4388-b6c9-06633512d701/content,2026-08-06
MIT-2020-035,Peter Williams,"Williams, Peter",collaborator,showing me what an 'Aha!' moment looks like...file system design for PrivateFS,7,7,https://dspace.mit.edu/server/api/core/bitstreams/5eddf7bd-e75c-4388-b6c9-06633512d701/content,2026-08-06
MIT-2020-035,Mashael AlSabah,"AlSabah, Mashael",collaborator,fun discussions and collaboration around email security,7,7,https://dspace.mit.edu/server/api/core/bitstreams/5eddf7bd-e75c-4388-b6c9-06633512d701/content,2026-08-06
MIT-2020-035,Nikos Triandopoulos,"Triandopoulos, Nikos",collaborator,opening up his door to me when I was a lost graduate student,7,7,https://dspace.mit.edu/server/api/core/bitstreams/5eddf7bd-e75c-4388-b6c9-06633512d701/content,2026-08-06
MIT-2020-035,Dimitris Papadopoulos,"Papadopoulos, Dimitris",collaborator,all the late phone calls discussing research,7,7,https://dspace.mit.edu/server/api/core/bitstreams/5eddf7bd-e75c-4388-b6c9-06633512d701/content,2026-08-06
MIT-2020-036,Leslie Kaelbling,"Kaelbling, Leslie",advisor,"thank Leslie Kaelbling and Tomas Lozano-Perez, my ardent supporters and mentors",5,5,https://dspace.mit.edu/server/api/core/bitstreams/e4e5f2be-e52a-447f-baf1-2c0a9074f402/content,2026-08-06
MIT-2020-036,Tomas Lozano-Perez,"Lozano-Perez, Tomas",advisor,"thank Leslie Kaelbling and Tomas Lozano-Perez, my ardent supporters and mentors",5,5,https://dspace.mit.edu/server/api/core/bitstreams/e4e5f2be-e52a-447f-baf1-2c0a9074f402/content,2026-08-06
MIT-2020-036,Stefanie Jegelka,"Jegelka, Stefanie",collaborator,mentorship and support...The collaborations with her pushed my limits,5,5,https://dspace.mit.edu/server/api/core/bitstreams/e4e5f2be-e52a-447f-baf1-2c0a9074f402/content,2026-08-06
MIT-2020-036,Fei Sha,"Sha, Fei",other,my research advisor during my undergraduate internship at USC,5,5,https://dspace.mit.edu/server/api/core/bitstreams/e4e5f2be-e52a-447f-baf1-2c0a9074f402/content,2026-08-06
MIT-2020-036,Marc Toussaint,"Toussaint, Marc",collaborator,valuable inputs on my research together with reading and giving feedback on drafts,5,5,https://dspace.mit.edu/server/api/core/bitstreams/e4e5f2be-e52a-447f-baf1-2c0a9074f402/content,2026-08-06
MIT-2020-037,Saman Amarasinghe,"Amarasinghe, Saman",advisor,"I thank Saman Amarasinghe, my advisor, mentor, and friend",3,III,https://dspace.mit.edu/server/api/core/bitstreams/7a46f49b-d234-4020-b634-e2fddb0d8a5c/content,2026-08-06
MIT-2020-037,Stephen Chou,"Chou, Stephen",collaborator,my office mate and close collaborator from the first paper,3,III,https://dspace.mit.edu/server/api/core/bitstreams/7a46f49b-d234-4020-b634-e2fddb0d8a5c/content,2026-08-06
MIT-2020-037,Shoaib Kamil,"Kamil, Shoaib",collaborator,worked together since he arrived at MIT...first to join the taco project,3,III,https://dspace.mit.edu/server/api/core/bitstreams/7a46f49b-d234-4020-b634-e2fddb0d8a5c/content,2026-08-06
MIT-2020-037,David Lugato,"Lugato, David",collaborator,visited MIT for a year and helped us develop and evaluate taco,3,III,https://dspace.mit.edu/server/api/core/bitstreams/7a46f49b-d234-4020-b634-e2fddb0d8a5c/content,2026-08-06
MIT-2020-037,Peter Ahrens,"Ahrens, Peter",collaborator,worked together on the concrete index notation intermediate representation,3,III,https://dspace.mit.edu/server/api/core/bitstreams/7a46f49b-d234-4020-b634-e2fddb0d8a5c/content,2026-08-06
MIT-2020-037,Ryan Senanayake,"Senanayake, Ryan",collaborator,developed the other optimizing transformations as a Masters student with me,3,III,https://dspace.mit.edu/server/api/core/bitstreams/7a46f49b-d234-4020-b634-e2fddb0d8a5c/content,2026-08-06
MIT-2020-037,Jonathan Ragan-Kelley,"Ragan-Kelley, Jonathan",collaborator,"Simit...collaboration with Shoaib, Jonathan Ragan-Kelley...",3,III,https://dspace.mit.edu/server/api/core/bitstreams/7a46f49b-d234-4020-b634-e2fddb0d8a5c/content,2026-08-06
MIT-2020-037,David Levin,"Levin, David",collaborator,Simit...collaboration with...David Levin...,3,III,https://dspace.mit.edu/server/api/core/bitstreams/7a46f49b-d234-4020-b634-e2fddb0d8a5c/content,2026-08-06
MIT-2020-037,Shinjiro Sueda,"Sueda, Shinjiro",collaborator,Simit...collaboration with...Shinjiro Sueda...,3,III,https://dspace.mit.edu/server/api/core/bitstreams/7a46f49b-d234-4020-b634-e2fddb0d8a5c/content,2026-08-06
MIT-2020-037,Desai Chen,"Chen, Desai",collaborator,Simit...collaboration with...Desai Chen...,3,III,https://dspace.mit.edu/server/api/core/bitstreams/7a46f49b-d234-4020-b634-e2fddb0d8a5c/content,2026-08-06
MIT-2020-037,Etienne Vouga,"Vouga, Etienne",collaborator,Simit...collaboration with...Etienne Vouga...,3,III,https://dspace.mit.edu/server/api/core/bitstreams/7a46f49b-d234-4020-b634-e2fddb0d8a5c/content,2026-08-06
MIT-2020-037,Danny Kaufman,"Kaufman, Danny",collaborator,Simit...collaboration with...Danny Kaufman...,3,III,https://dspace.mit.edu/server/api/core/bitstreams/7a46f49b-d234-4020-b634-e2fddb0d8a5c/content,2026-08-06
MIT-2020-037,Gurtej Kanwar,"Kanwar, Gurtej",collaborator,Simit collaboration; also among Masters/undergrad students worked with,3,III,https://dspace.mit.edu/server/api/core/bitstreams/7a46f49b-d234-4020-b634-e2fddb0d8a5c/content,2026-08-06
MIT-2020-037,Wojciech Matusik,"Matusik, Wojciech",collaborator,"Simit...collaboration with...Wojciech Matusik, and Saman",3,III,https://dspace.mit.edu/server/api/core/bitstreams/7a46f49b-d234-4020-b634-e2fddb0d8a5c/content,2026-08-06
MIT-2020-037,Timo Schneider,"Schneider, Timo",collaborator,Other dear collaborators during my PhD studies include Timo Schneider,3,III,https://dspace.mit.edu/server/api/core/bitstreams/7a46f49b-d234-4020-b634-e2fddb0d8a5c/content,2026-08-06
MIT-2020-037,Torsten Hoefler,"Hoefler, Torsten",collaborator,"Other dear collaborators...Torsten Hoefler, and Joel Emer",3,III,https://dspace.mit.edu/server/api/core/bitstreams/7a46f49b-d234-4020-b634-e2fddb0d8a5c/content,2026-08-06
MIT-2020-037,Joel Emer,"Emer, Joel",collaborator,Other dear collaborators during my PhD studies include...Joel Emer,3,III,https://dspace.mit.edu/server/api/core/bitstreams/7a46f49b-d234-4020-b634-e2fddb0d8a5c/content,2026-08-06
MIT-2020-037,Junda Huang,"Huang, Junda",collaborator,undergraduate and Masters students I have had the pleasure to work with,3,III,https://dspace.mit.edu/server/api/core/bitstreams/7a46f49b-d234-4020-b634-e2fddb0d8a5c/content,2026-08-06
MIT-2020-037,Parker Tew,"Tew, Parker",collaborator,undergraduate and Masters students I have had the pleasure to work with,3,III,https://dspace.mit.edu/server/api/core/bitstreams/7a46f49b-d234-4020-b634-e2fddb0d8a5c/content,2026-08-06
MIT-2020-037,Sachin Shinde,"Shinde, Sachin",collaborator,undergraduate and Masters students I have had the pleasure to work with,3,III,https://dspace.mit.edu/server/api/core/bitstreams/7a46f49b-d234-4020-b634-e2fddb0d8a5c/content,2026-08-06
MIT-2020-037,Mengyuan Sun,"Sun, Mengyuan",collaborator,undergraduate and Masters students I have had the pleasure to work with,3,III,https://dspace.mit.edu/server/api/core/bitstreams/7a46f49b-d234-4020-b634-e2fddb0d8a5c/content,2026-08-06
MIT-2020-037,Patricio Noyola,"Noyola, Patricio",collaborator,undergraduate and Masters students I have had the pleasure to work with,3,III,https://dspace.mit.edu/server/api/core/bitstreams/7a46f49b-d234-4020-b634-e2fddb0d8a5c/content,2026-08-06
MIT-2020-037,Suzy Mueller,"Mueller, Suzy",collaborator,undergraduate and Masters students I have had the pleasure to work with,3,III,https://dspace.mit.edu/server/api/core/bitstreams/7a46f49b-d234-4020-b634-e2fddb0d8a5c/content,2026-08-06
MIT-2020-037,Rawn Henry,"Henry, Rawn",collaborator,undergraduate and Masters students I have had the pleasure to work with,3,III,https://dspace.mit.edu/server/api/core/bitstreams/7a46f49b-d234-4020-b634-e2fddb0d8a5c/content,2026-08-06
MIT-2020-037,Ziheng Wang,"Wang, Ziheng",collaborator,undergraduate and Masters students I have had the pleasure to work with,3,III,https://dspace.mit.edu/server/api/core/bitstreams/7a46f49b-d234-4020-b634-e2fddb0d8a5c/content,2026-08-06
MIT-2020-037,Marc Snir,"Snir, Marc",other,"many mentors who gave me invaluable advice and support, particularly...Marc Snir",3,III,https://dspace.mit.edu/server/api/core/bitstreams/7a46f49b-d234-4020-b634-e2fddb0d8a5c/content,2026-08-06
MIT-2020-037,Danny Dig,"Dig, Danny",other,many mentors who gave me invaluable advice and support...Danny Dig,3,III,https://dspace.mit.edu/server/api/core/bitstreams/7a46f49b-d234-4020-b634-e2fddb0d8a5c/content,2026-08-06
MIT-2020-037,Anne Elster,"Elster, Anne",other,many mentors who gave me invaluable advice and support...Anne Elster,3,III,https://dspace.mit.edu/server/api/core/bitstreams/7a46f49b-d234-4020-b634-e2fddb0d8a5c/content,2026-08-06
MIT-2020-037,Charles Leiserson,"Leiserson, Charles",committee,"My thesis committee, of Saman, Charles, and Martin Rinard",3,III,https://dspace.mit.edu/server/api/core/bitstreams/7a46f49b-d234-4020-b634-e2fddb0d8a5c/content,2026-08-06
MIT-2020-037,Martin Rinard,"Rinard, Martin",committee,"My thesis committee, of Saman, Charles, and Martin Rinard",3,III,https://dspace.mit.edu/server/api/core/bitstreams/7a46f49b-d234-4020-b634-e2fddb0d8a5c/content,2026-08-06
MIT-2020-037,David Hayden,"Hayden, David",friend,"want to thank my many friends during graduate school, especially David Hayden",3,III,https://dspace.mit.edu/server/api/core/bitstreams/7a46f49b-d234-4020-b634-e2fddb0d8a5c/content,2026-08-06
MIT-2020-037,Raj Sodhi,"Sodhi, Raj",friend,"many friends during graduate school, especially...Raj Sodhi",3,III,https://dspace.mit.edu/server/api/core/bitstreams/7a46f49b-d234-4020-b634-e2fddb0d8a5c/content,2026-08-06
MIT-2020-037,Adam Smith,"Smith, Adam",friend,"many friends during graduate school, especially...Adam and Miranda Smith",3,III,https://dspace.mit.edu/server/api/core/bitstreams/7a46f49b-d234-4020-b634-e2fddb0d8a5c/content,2026-08-06
MIT-2020-037,Miranda Smith,"Smith, Miranda",friend,"many friends during graduate school, especially...Adam and Miranda Smith",3,III,https://dspace.mit.edu/server/api/core/bitstreams/7a46f49b-d234-4020-b634-e2fddb0d8a5c/content,2026-08-06
MIT-2020-037,Chris Johnson,"Johnson, Chris",friend,"many friends during graduate school, especially...Chris Johnson",3,III,https://dspace.mit.edu/server/api/core/bitstreams/7a46f49b-d234-4020-b634-e2fddb0d8a5c/content,2026-08-06
MIT-2020-037,Brett Jones,"Jones, Brett",friend,"many friends during graduate school, especially...Brett Jones",3,III,https://dspace.mit.edu/server/api/core/bitstreams/7a46f49b-d234-4020-b634-e2fddb0d8a5c/content,2026-08-06
MIT-2020-037,Mallory Casperson,"Casperson, Mallory",friend,"many friends during graduate school, especially...Mallory Casperson",3,III,https://dspace.mit.edu/server/api/core/bitstreams/7a46f49b-d234-4020-b634-e2fddb0d8a5c/content,2026-08-06
MIT-2020-037,Aparna Chandramowlishwaran,"Chandramowlishwaran, Aparna",friend,"many friends during graduate school, especially...Aparna Chandramowlishwaran",3,III,https://dspace.mit.edu/server/api/core/bitstreams/7a46f49b-d234-4020-b634-e2fddb0d8a5c/content,2026-08-06
MIT-2020-037,Coleen Silva,"Silva, Coleen",friend,"many friends during graduate school, especially...Coleen Silva",3,III,https://dspace.mit.edu/server/api/core/bitstreams/7a46f49b-d234-4020-b634-e2fddb0d8a5c/content,2026-08-06
MIT-2020-037,Frank Arne Antonsen,"Antonsen, Frank Arne",friend,"many friends during graduate school, especially...Frank Arne Antonsen",3,III,https://dspace.mit.edu/server/api/core/bitstreams/7a46f49b-d234-4020-b634-e2fddb0d8a5c/content,2026-08-06
MIT-2020-037,Ethan Crawford,"Crawford, Ethan",friend,"many friends during graduate school, especially...Ethan Crawford",3,III,https://dspace.mit.edu/server/api/core/bitstreams/7a46f49b-d234-4020-b634-e2fddb0d8a5c/content,2026-08-06
MIT-2020-037,Marisa Puccini,"Puccini, Marisa",friend,"many friends during graduate school, especially...Marisa and Angela Puccini",3,III,https://dspace.mit.edu/server/api/core/bitstreams/7a46f49b-d234-4020-b634-e2fddb0d8a5c/content,2026-08-06
MIT-2020-037,Angela Puccini,"Puccini, Angela",friend,"many friends during graduate school, especially...Marisa and Angela Puccini",3,III,https://dspace.mit.edu/server/api/core/bitstreams/7a46f49b-d234-4020-b634-e2fddb0d8a5c/content,2026-08-06
MIT-2020-037,James Brodman,"Brodman, James",friend,"many friends during graduate school, especially...James Brodman",3,III,https://dspace.mit.edu/server/api/core/bitstreams/7a46f49b-d234-4020-b634-e2fddb0d8a5c/content,2026-08-06
MIT-2020-037,Ludwig Schmidth,"Schmidth, Ludwig",friend,"many friends during graduate school, especially...Ludwig Schmidth",3,III,https://dspace.mit.edu/server/api/core/bitstreams/7a46f49b-d234-4020-b634-e2fddb0d8a5c/content,2026-08-06
MIT-2020-038,Srini Devadas,"Devadas, Srini",advisor,"My thesis supervisor, Srini Devadas made this work possible through his patient guidance",5,,https://dspace.mit.edu/server/api/core/bitstreams/ff012a7a-185f-4db8-bdc1-b25b3e618839/content,2026-08-06
MIT-2020-038,Arvind,Arvind,collaborator,"Along with Arvind, Adam Chlipala, Victor Costan, Joel Emer, and Sanjit Seshia...adopt a coherent vocabulary",5,,https://dspace.mit.edu/server/api/core/bitstreams/ff012a7a-185f-4db8-bdc1-b25b3e618839/content,2026-08-06
MIT-2020-038,Adam Chlipala,"Chlipala, Adam",collaborator,"Along with Arvind, Adam Chlipala...we have begun to adopt a coherent vocabulary",5,,https://dspace.mit.edu/server/api/core/bitstreams/ff012a7a-185f-4db8-bdc1-b25b3e618839/content,2026-08-06
MIT-2020-038,Victor Costan,"Costan, Victor",collaborator,"Along with Arvind...Victor Costan, Joel Emer, and Sanjit Seshia...",5,,https://dspace.mit.edu/server/api/core/bitstreams/ff012a7a-185f-4db8-bdc1-b25b3e618839/content,2026-08-06
MIT-2020-038,Joel Emer,"Emer, Joel",collaborator,"Along with Arvind...Joel Emer, and Sanjit Seshia...",5,,https://dspace.mit.edu/server/api/core/bitstreams/ff012a7a-185f-4db8-bdc1-b25b3e618839/content,2026-08-06
MIT-2020-038,Sanjit Seshia,"Seshia, Sanjit",collaborator,"Along with Arvind...and Sanjit Seshia, with a number of their students and colleagues",5,,https://dspace.mit.edu/server/api/core/bitstreams/ff012a7a-185f-4db8-bdc1-b25b3e618839/content,2026-08-06
MIT-2020-040,Nir Shavit,"Shavit, Nir",advisor,"This thesis owes a great deal to my advisor, Nir Shavit",5,5,https://dspace.mit.edu/server/api/core/bitstreams/fd4e2f88-af22-4251-9e32-600e286fc79c/content,2026-08-06
MIT-2020-040,Saman Amarasinghe,"Amarasinghe, Saman",committee,"my other committee members, Saman Amarasinghe and Maurice Herlihy",5,5,https://dspace.mit.edu/server/api/core/bitstreams/fd4e2f88-af22-4251-9e32-600e286fc79c/content,2026-08-06
MIT-2020-040,Maurice Herlihy,"Herlihy, Maurice",committee,"my other committee members, Saman Amarasinghe and Maurice Herlihy",5,5,https://dspace.mit.edu/server/api/core/bitstreams/fd4e2f88-af22-4251-9e32-600e286fc79c/content,2026-08-06
MIT-2020-040,Erin,Erin,partner,"support and encouragement of my wife, Erin",5,5,https://dspace.mit.edu/server/api/core/bitstreams/fd4e2f88-af22-4251-9e32-600e286fc79c/content,2026-08-06
MIT-2020-040,Walter,Walter,other_family,"as a proud Papa, thanks to Walter, Freddy, and William",5,5,https://dspace.mit.edu/server/api/core/bitstreams/fd4e2f88-af22-4251-9e32-600e286fc79c/content,2026-08-06
MIT-2020-040,Freddy,Freddy,other_family,"as a proud Papa, thanks to Walter, Freddy, and William",5,5,https://dspace.mit.edu/server/api/core/bitstreams/fd4e2f88-af22-4251-9e32-600e286fc79c/content,2026-08-06
MIT-2020-040,William,William,other_family,"as a proud Papa, thanks to Walter, Freddy, and William",5,5,https://dspace.mit.edu/server/api/core/bitstreams/fd4e2f88-af22-4251-9e32-600e286fc79c/content,2026-08-06
MIT-2020-041,Prof. Jongyoon Han,"Han, Jongyoon",advisor,thank my thesis advisor Prof. Jongyoon Han for being a great advisor,5,5,https://dspace.mit.edu/server/api/core/bitstreams/7c9b64d9-851f-4725-9324-7728c7dddc13/content,2026-08-06
MIT-2020-041,Prof. Dennis Freeman,"Freeman, Dennis",committee,"my other thesis committee members, Prof. Dennis Freeman and Prof. Rohit Karnik",5,5,https://dspace.mit.edu/server/api/core/bitstreams/7c9b64d9-851f-4725-9324-7728c7dddc13/content,2026-08-06
MIT-2020-041,Prof. Rohit Karnik,"Karnik, Rohit",committee,"my other thesis committee members, Prof. Dennis Freeman and Prof. Rohit Karnik",5,5,https://dspace.mit.edu/server/api/core/bitstreams/7c9b64d9-851f-4725-9324-7728c7dddc13/content,2026-08-06
MIT-2020-041,Roby Bhattacharyya,"Bhattacharyya, Roby",collaborator,great collaborators from many institutions...of Broad Institute,5,5,https://dspace.mit.edu/server/api/core/bitstreams/7c9b64d9-851f-4725-9324-7728c7dddc13/content,2026-08-06
MIT-2020-041,Prof. Deborah Hung,"Hung, Deborah",collaborator,great collaborators...Prof. Deborah Hung of Broad Institute,5,5,https://dspace.mit.edu/server/api/core/bitstreams/7c9b64d9-851f-4725-9324-7728c7dddc13/content,2026-08-06
MIT-2020-041,Prof. Ram Sasisekharan,"Sasisekharan, Ram",collaborator,great collaborators...Prof. Ram Sasisekharan of MIT Biological Engineering,5,5,https://dspace.mit.edu/server/api/core/bitstreams/7c9b64d9-851f-4725-9324-7728c7dddc13/content,2026-08-06
MIT-2020-041,Prof. William Hancock,"Hancock, William",collaborator,great collaborators...Prof. William Hancock of Northeastern University,5,5,https://dspace.mit.edu/server/api/core/bitstreams/7c9b64d9-851f-4725-9324-7728c7dddc13/content,2026-08-06
MIT-2020-041,Dr. Paul Barone,"Barone, Paul",collaborator,Dr. Paul Barone of MIT Center for Biomedical Innovation,5,5,https://dspace.mit.edu/server/api/core/bitstreams/7c9b64d9-851f-4725-9324-7728c7dddc13/content,2026-08-06
MIT-2020-041,Prof. Lihong Liu,"Liu, Lihong",collaborator,Prof. Lihong Liu of Southern Medical University of China,5,5,https://dspace.mit.edu/server/api/core/bitstreams/7c9b64d9-851f-4725-9324-7728c7dddc13/content,2026-08-06
MIT-2020-041,Prof. Wei Wang,"Wang, Wei",collaborator,Prof. Wei Wang of Peking University,5,5,https://dspace.mit.edu/server/api/core/bitstreams/7c9b64d9-851f-4725-9324-7728c7dddc13/content,2026-08-06
MIT-2020-042,Professor Vincent Chan,"Chan, Vincent",advisor,my deepest gratitude to my advisor Professor Vincent Chan,5,5,https://dspace.mit.edu/server/api/core/bitstreams/e16c81c3-a97f-4455-87aa-ead612456dd5/content,2026-08-06
MIT-2020-042,Professor Robert Gallager,"Gallager, Robert",committee,thank my committee members Professor Robert Gallager and Alan Kirby,5,5,https://dspace.mit.edu/server/api/core/bitstreams/e16c81c3-a97f-4455-87aa-ead612456dd5/content,2026-08-06
MIT-2020-042,Alan Kirby,"Kirby, Alan",committee,thank my committee members Professor Robert Gallager and Alan Kirby,5,5,https://dspace.mit.edu/server/api/core/bitstreams/e16c81c3-a97f-4455-87aa-ead612456dd5/content,2026-08-06
MIT-2020-042,Manishika Agaskar,"Agaskar, Manishika",labmate,thanking my fellow groupmates: Manishika Agaskar...,5,5,https://dspace.mit.edu/server/api/core/bitstreams/e16c81c3-a97f-4455-87aa-ead612456dd5/content,2026-08-06
MIT-2020-042,Matthew Carey,"Carey, Matthew",labmate,my fellow groupmates: ...Matthew Carey...,5,5,https://dspace.mit.edu/server/api/core/bitstreams/e16c81c3-a97f-4455-87aa-ead612456dd5/content,2026-08-06
MIT-2020-042,Shane Fink,"Fink, Shane",labmate,my fellow groupmates: ...Shane Fink...,5,5,https://dspace.mit.edu/server/api/core/bitstreams/e16c81c3-a97f-4455-87aa-ead612456dd5/content,2026-08-06
MIT-2020-042,Henna Huang,"Huang, Henna",labmate,my fellow groupmates: ...Henna Huang...,5,5,https://dspace.mit.edu/server/api/core/bitstreams/e16c81c3-a97f-4455-87aa-ead612456dd5/content,2026-08-06
MIT-2020-042,Weerachai Neeranartvong,"Neeranartvong, Weerachai",labmate,my fellow groupmates: ...Weerachai Neeranartvong...,5,5,https://dspace.mit.edu/server/api/core/bitstreams/e16c81c3-a97f-4455-87aa-ead612456dd5/content,2026-08-06
MIT-2020-042,Andrew Puryear,"Puryear, Andrew",labmate,my fellow groupmates: ...Andrew Puryear...,5,5,https://dspace.mit.edu/server/api/core/bitstreams/e16c81c3-a97f-4455-87aa-ead612456dd5/content,2026-08-06
MIT-2020-042,Yulin Shao,"Shao, Yulin",labmate,my fellow groupmates: ...Yulin Shao...,5,5,https://dspace.mit.edu/server/api/core/bitstreams/e16c81c3-a97f-4455-87aa-ead612456dd5/content,2026-08-06
MIT-2020-042,Anny Zhang,"Zhang, Anny",labmate,my fellow groupmates: ...Anny Zhang...,5,5,https://dspace.mit.edu/server/api/core/bitstreams/e16c81c3-a97f-4455-87aa-ead612456dd5/content,2026-08-06
MIT-2020-042,Lei Zhang,"Zhang, Lei",labmate,my fellow groupmates: ...and Lei Zhang,5,5,https://dspace.mit.edu/server/api/core/bitstreams/e16c81c3-a97f-4455-87aa-ead612456dd5/content,2026-08-06
MIT-2020-042,Flavio Calmon,"Calmon, Flavio",friend,life-long friends...started their doctoral programs with me: Flavio Calmon,5,5,https://dspace.mit.edu/server/api/core/bitstreams/e16c81c3-a97f-4455-87aa-ead612456dd5/content,2026-08-06
MIT-2020-042,Weifei Zeng,"Zeng, Weifei",friend,life-long friends...Weifei Zeng...,5,5,https://dspace.mit.edu/server/api/core/bitstreams/e16c81c3-a97f-4455-87aa-ead612456dd5/content,2026-08-06
MIT-2020-042,Ahmad Beirami,"Beirami, Ahmad",friend,life-long friends...Ahmad Beirami...,5,5,https://dspace.mit.edu/server/api/core/bitstreams/e16c81c3-a97f-4455-87aa-ead612456dd5/content,2026-08-06
MIT-2020-042,Salman Salamatian,"Salamatian, Salman",friend,life-long friends...Salman Salamatian...,5,5,https://dspace.mit.edu/server/api/core/bitstreams/e16c81c3-a97f-4455-87aa-ead612456dd5/content,2026-08-06
MIT-2020-042,Jason Cloud,"Cloud, Jason",friend,life-long friends...Jason Cloud...,5,5,https://dspace.mit.edu/server/api/core/bitstreams/e16c81c3-a97f-4455-87aa-ead612456dd5/content,2026-08-06
MIT-2020-042,Anuran Makur,"Makur, Anuran",friend,life-long friends...Anuran Makur...,5,5,https://dspace.mit.edu/server/api/core/bitstreams/e16c81c3-a97f-4455-87aa-ead612456dd5/content,2026-08-06
MIT-2020-042,Ganesh Ajjanagadde,"Ajjanagadde, Ganesh",friend,life-long friends...Ganesh Ajjanagadde...,5,5,https://dspace.mit.edu/server/api/core/bitstreams/e16c81c3-a97f-4455-87aa-ead612456dd5/content,2026-08-06
MIT-2020-042,Mohamed AlHajri,"AlHajri, Mohamed",friend,life-long friends...Mohamed AlHajri...,5,5,https://dspace.mit.edu/server/api/core/bitstreams/e16c81c3-a97f-4455-87aa-ead612456dd5/content,2026-08-06
MIT-2020-042,David Qiu,"Qiu, David",friend,life-long friends...David Qiu...,5,5,https://dspace.mit.edu/server/api/core/bitstreams/e16c81c3-a97f-4455-87aa-ead612456dd5/content,2026-08-06
MIT-2020-042,Hajir Roozbehani,"Roozbehani, Hajir",friend,life-long friends...Hajir Roozbehani...,5,5,https://dspace.mit.edu/server/api/core/bitstreams/e16c81c3-a97f-4455-87aa-ead612456dd5/content,2026-08-06
MIT-2020-042,Soheil Feizi,"Feizi, Soheil",friend,life-long friends...Soheil Feizi...,5,5,https://dspace.mit.edu/server/api/core/bitstreams/e16c81c3-a97f-4455-87aa-ead612456dd5/content,2026-08-06
MIT-2020-042,Shirley Shi,"Shi, Shirley",friend,life-long friends...Shirley Shi...,5,5,https://dspace.mit.edu/server/api/core/bitstreams/e16c81c3-a97f-4455-87aa-ead612456dd5/content,2026-08-06
MIT-2020-042,Ali Makhdoumi,"Makhdoumi, Ali",friend,life-long friends...Ali Makhdoumi...,5,5,https://dspace.mit.edu/server/api/core/bitstreams/e16c81c3-a97f-4455-87aa-ead612456dd5/content,2026-08-06
MIT-2020-042,Azarakhsh Malekian,"Malekian, Azarakhsh",friend,life-long friends...Azarakhsh Malekian...,5,5,https://dspace.mit.edu/server/api/core/bitstreams/e16c81c3-a97f-4455-87aa-ead612456dd5/content,2026-08-06
MIT-2020-042,Georgious Angelopoulos,"Angelopoulos, Georgious",friend,life-long friends...Georgious Angelopoulos...,5,5,https://dspace.mit.edu/server/api/core/bitstreams/e16c81c3-a97f-4455-87aa-ead612456dd5/content,2026-08-06
MIT-2020-042,Ali ParandehGheibi,"ParandehGheibi, Ali",friend,life-long friends...Ali ParandehGheibi...,5,5,https://dspace.mit.edu/server/api/core/bitstreams/e16c81c3-a97f-4455-87aa-ead612456dd5/content,2026-08-06
MIT-2020-042,Kerim Fouli,"Fouli, Kerim",friend,life-long friends...Kerim Fouli...,5,5,https://dspace.mit.edu/server/api/core/bitstreams/e16c81c3-a97f-4455-87aa-ead612456dd5/content,2026-08-06
MIT-2020-042,Vitaly Abdrashitov,"Abdrashitov, Vitaly",friend,life-long friends...and Vitaly Abdrashitov,5,5,https://dspace.mit.edu/server/api/core/bitstreams/e16c81c3-a97f-4455-87aa-ead612456dd5/content,2026-08-06
MIT-2020-043,Prof. Ruonan Han,"Han, Ruonan",advisor,"instructions...from my research advisor: Prof. Ruonan Han, sincerely",3,,https://dspace.mit.edu/server/api/core/bitstreams/bbf986b6-c237-479d-b02e-2b0f1069e539/content,2026-08-06
MIT-2020-043,Prof. Jae. S. Lim,"Lim, Jae S.",other,"mentorship from my academic advisor, Prof. Jae. S. Lim",3,,https://dspace.mit.edu/server/api/core/bitstreams/bbf986b6-c237-479d-b02e-2b0f1069e539/content,2026-08-06
MIT-2020-043,Xiaoping Wang,"Wang, Xiaoping",parent,support from my parents (Xiaoping Wang and Xiaoling Chen),3,,https://dspace.mit.edu/server/api/core/bitstreams/bbf986b6-c237-479d-b02e-2b0f1069e539/content,2026-08-06
MIT-2020-043,Xiaoling Chen,"Chen, Xiaoling",parent,support from my parents (Xiaoping Wang and Xiaoling Chen),3,,https://dspace.mit.edu/server/api/core/bitstreams/bbf986b6-c237-479d-b02e-2b0f1069e539/content,2026-08-06
MIT-2020-043,Yinghui Chen,"Chen, Yinghui",partner,wife (Yinghui Chen) and son (Siwei Wang),3,,https://dspace.mit.edu/server/api/core/bitstreams/bbf986b6-c237-479d-b02e-2b0f1069e539/content,2026-08-06
MIT-2020-043,Siwei Wang,"Wang, Siwei",other_family,wife (Yinghui Chen) and son (Siwei Wang),3,,https://dspace.mit.edu/server/api/core/bitstreams/bbf986b6-c237-479d-b02e-2b0f1069e539/content,2026-08-06
MIT-2020-043,Prof. Hae-Seung Lee,"Lee, Hae-Seung",committee,Prof. Hae-Seung Lee and Prof. Qing Hu...as members of my thesis committee,3,,https://dspace.mit.edu/server/api/core/bitstreams/bbf986b6-c237-479d-b02e-2b0f1069e539/content,2026-08-06
MIT-2020-043,Prof. Qing Hu,"Hu, Qing",committee,Prof. Hae-Seung Lee and Prof. Qing Hu...as members of my thesis committee,3,,https://dspace.mit.edu/server/api/core/bitstreams/bbf986b6-c237-479d-b02e-2b0f1069e539/content,2026-08-06
MIT-2020-043,Dr. Dennis Buss,"Buss, Dennis",collaborator,Dr. Dennis Buss (Texas Instruments)...for their involvement in our technical discussions,3,,https://dspace.mit.edu/server/api/core/bitstreams/bbf986b6-c237-479d-b02e-2b0f1069e539/content,2026-08-06
MIT-2020-043,Dr. Stephen Coy,"Coy, Stephen",collaborator,Dr. Stephen Coy...for their involvement in our technical discussions,3,,https://dspace.mit.edu/server/api/core/bitstreams/bbf986b6-c237-479d-b02e-2b0f1069e539/content,2026-08-06
MIT-2020-043,Prof. Robert Field,"Field, Robert",collaborator,Prof. Robert Field...for their involvement in our technical discussions,3,,https://dspace.mit.edu/server/api/core/bitstreams/bbf986b6-c237-479d-b02e-2b0f1069e539/content,2026-08-06
MIT-2020-043,Prof. Keith Nelson,"Nelson, Keith",collaborator,Prof. Keith Nelson...for their involvement in our technical discussions,3,,https://dspace.mit.edu/server/api/core/bitstreams/bbf986b6-c237-479d-b02e-2b0f1069e539/content,2026-08-06
MIT-2020-043,Prof. John Muenter,"Muenter, John",collaborator,Prof. John Muenter...for their involvement in our technical discussions,3,,https://dspace.mit.edu/server/api/core/bitstreams/bbf986b6-c237-479d-b02e-2b0f1069e539/content,2026-08-06
MIT-2020-043,Dr. Richard Temkin,"Temkin, Richard",collaborator,"Dr. Richard Temkin (Physics Dept., MIT)...for their support of test instruments",3,,https://dspace.mit.edu/server/api/core/bitstreams/bbf986b6-c237-479d-b02e-2b0f1069e539/content,2026-08-06
MIT-2020-043,Prof. Ehsan Afshari,"Afshari, Ehsan",collaborator,Prof. Ehsan Afshari...for their support of test instruments,3,,https://dspace.mit.edu/server/api/core/bitstreams/bbf986b6-c237-479d-b02e-2b0f1069e539/content,2026-08-06
MIT-2020-043,Prof. Anantha Chandrakasan,"Chandrakasan, Anantha",collaborator,Prof. Anantha Chandrakasan and Prof. Tomas Palacios...for their support of test instruments,3,,https://dspace.mit.edu/server/api/core/bitstreams/bbf986b6-c237-479d-b02e-2b0f1069e539/content,2026-08-06
MIT-2020-043,Prof. Tomas Palacios,"Palacios, Tomas",collaborator,Prof. Anantha Chandrakasan and Prof. Tomas Palacios...for their support of test instruments,3,,https://dspace.mit.edu/server/api/core/bitstreams/bbf986b6-c237-479d-b02e-2b0f1069e539/content,2026-08-06
MIT-2020-043,Kathleen Brody,"Brody, Kathleen",labmate,"help from my colleagues, including but not limited to: Kathleen Brody",3,,https://dspace.mit.edu/server/api/core/bitstreams/bbf986b6-c237-479d-b02e-2b0f1069e539/content,2026-08-06
MIT-2020-043,Joanna MacIver,"MacIver, Joanna",labmate,help from my colleagues...Joanna MacIver,3,,https://dspace.mit.edu/server/api/core/bitstreams/bbf986b6-c237-479d-b02e-2b0f1069e539/content,2026-08-06
MIT-2020-043,Shereece Beckford,"Beckford, Shereece",labmate,help from my colleagues...Shereece Beckford,3,,https://dspace.mit.edu/server/api/core/bitstreams/bbf986b6-c237-479d-b02e-2b0f1069e539/content,2026-08-06
MIT-2020-043,Xiang Yi,"Yi, Xiang",labmate,help from my colleagues...Xiang Yi,3,,https://dspace.mit.edu/server/api/core/bitstreams/bbf986b6-c237-479d-b02e-2b0f1069e539/content,2026-08-06
MIT-2020-043,Mina Kim,"Kim, Mina",labmate,help from my colleagues...Mina Kim,3,,https://dspace.mit.edu/server/api/core/bitstreams/bbf986b6-c237-479d-b02e-2b0f1069e539/content,2026-08-06
MIT-2020-043,Zhi Hu,"Hu, Zhi",labmate,help from my colleagues...Zhi Hu,3,,https://dspace.mit.edu/server/api/core/bitstreams/bbf986b6-c237-479d-b02e-2b0f1069e539/content,2026-08-06
MIT-2020-043,James P Mawdsley,"Mawdsley, James P.",labmate,help from my colleagues...James P Mawdsley,3,,https://dspace.mit.edu/server/api/core/bitstreams/bbf986b6-c237-479d-b02e-2b0f1069e539/content,2026-08-06
MIT-2020-043,Guo Zhang,"Zhang, Guo",labmate,help from my colleagues...Guo Zhang,3,,https://dspace.mit.edu/server/api/core/bitstreams/bbf986b6-c237-479d-b02e-2b0f1069e539/content,2026-08-06
MIT-2020-043,Jack Holloway,"Holloway, Jack",labmate,help from my colleagues...Jack Holloway,3,,https://dspace.mit.edu/server/api/core/bitstreams/bbf986b6-c237-479d-b02e-2b0f1069e539/content,2026-08-06
MIT-2020-043,Mohamed I. Ibrahim,"Ibrahim, Mohamed I.",labmate,help from my colleagues...Mohamed I. Ibrahim,3,,https://dspace.mit.edu/server/api/core/bitstreams/bbf986b6-c237-479d-b02e-2b0f1069e539/content,2026-08-06
MIT-2020-043,Muhammad I. Khan,"Khan, Muhammad I.",labmate,help from my colleagues...Muhammad I. Khan,3,,https://dspace.mit.edu/server/api/core/bitstreams/bbf986b6-c237-479d-b02e-2b0f1069e539/content,2026-08-06
MIT-2020-043,Nathan Monroe,"Monroe, Nathan",labmate,help from my colleagues...Nathan Monroe,3,,https://dspace.mit.edu/server/api/core/bitstreams/bbf986b6-c237-479d-b02e-2b0f1069e539/content,2026-08-06
MIT-2020-043,Jinchen Wang,"Wang, Jinchen",labmate,help from my colleagues...Jinchen Wang,3,,https://dspace.mit.edu/server/api/core/bitstreams/bbf986b6-c237-479d-b02e-2b0f1069e539/content,2026-08-06
MIT-2020-043,David E. Williams,"Williams, David E.",labmate,"help from my colleagues...David E. Williams (EECS Dept., MIT)",3,,https://dspace.mit.edu/server/api/core/bitstreams/bbf986b6-c237-479d-b02e-2b0f1069e539/content,2026-08-06
MIT-2020-043,Yaqing Zhang,"Zhang, Yaqing",labmate,"help from my colleagues...Yaqing Zhang (Chemistry Dept., MIT)",3,,https://dspace.mit.edu/server/api/core/bitstreams/bbf986b6-c237-479d-b02e-2b0f1069e539/content,2026-08-06
MIT-2020-043,Zihan Wang,"Wang, Zihan",labmate,help from my colleagues...Zihan Wang,3,,https://dspace.mit.edu/server/api/core/bitstreams/bbf986b6-c237-479d-b02e-2b0f1069e539/content,2026-08-06
MIT-2020-043,Tingting Shi,"Shi, Tingting",labmate,help from my colleagues...Tingting Shi (Fudan University),3,,https://dspace.mit.edu/server/api/core/bitstreams/bbf986b6-c237-479d-b02e-2b0f1069e539/content,2026-08-06
MIT-2020-043,Qingyu (Ben) Yang,"Yang, Qingyu (Ben)",labmate,help from my colleagues...and Qingyu (Ben) Yang,3,,https://dspace.mit.edu/server/api/core/bitstreams/bbf986b6-c237-479d-b02e-2b0f1069e539/content,2026-08-06
MIT-2020-044,Bill Freeman,"Freeman, Bill",advisor,"deepest thanks go to my advisors, Bill Freeman and Josh Tenenbaum",3,i,https://dspace.mit.edu/server/api/core/bitstreams/374f6ba2-52bb-474c-a3f7-b543b0629fde/content,2026-08-06
MIT-2020-044,Josh Tenenbaum,"Tenenbaum, Josh",advisor,"deepest thanks go to my advisors, Bill Freeman and Josh Tenenbaum",3,i,https://dspace.mit.edu/server/api/core/bitstreams/374f6ba2-52bb-474c-a3f7-b543b0629fde/content,2026-08-06
MIT-2020-044,Leslie Kaelbling,"Kaelbling, Leslie",committee,appreciate Leslie Kaelbling and Fei-Fei Li for serving on my thesis committee,3,i,https://dspace.mit.edu/server/api/core/bitstreams/374f6ba2-52bb-474c-a3f7-b543b0629fde/content,2026-08-06
MIT-2020-044,Fei-Fei Li,"Li, Fei-Fei",committee,appreciate Leslie Kaelbling and Fei-Fei Li for serving on my thesis committee,3,i,https://dspace.mit.edu/server/api/core/bitstreams/374f6ba2-52bb-474c-a3f7-b543b0629fde/content,2026-08-06
MIT-2020-044,Zhuowen Tu,"Tu, Zhuowen",other,introduced me into the world of AI and vision...has been my mentor and friend since then,3,i,https://dspace.mit.edu/server/api/core/bitstreams/374f6ba2-52bb-474c-a3f7-b543b0629fde/content,2026-08-06
MIT-2020-044,Antonio Torralba,"Torralba, Antonio",other,Antonio Torralba mentored me throughout my PhD,3,i,https://dspace.mit.edu/server/api/core/bitstreams/374f6ba2-52bb-474c-a3f7-b543b0629fde/content,2026-08-06
MIT-2020-044,Josh McDermott,"McDermott, Josh",collaborator,"fortunate enough to work with Josh McDermott, from whom I learned...",3,i,https://dspace.mit.edu/server/api/core/bitstreams/374f6ba2-52bb-474c-a3f7-b543b0629fde/content,2026-08-06
MIT-2020-044,Pushmeet Kohli,"Kohli, Pushmeet",collaborator,"interned with Pushmeet Kohli at Microsoft Research...multi-year, fruitful collaborations",3,i,https://dspace.mit.edu/server/api/core/bitstreams/374f6ba2-52bb-474c-a3f7-b543b0629fde/content,2026-08-06
MIT-2020-044,Liz Spelke,"Spelke, Liz",collaborator,eventually worked together when I am finishing up,3,i,https://dspace.mit.edu/server/api/core/bitstreams/374f6ba2-52bb-474c-a3f7-b543b0629fde/content,2026-08-06
MIT-2020-044,Andrew Chi-Chih Yao,"Yao, Andrew Chi-Chih",other,I studied under Andrew Chi-Chih Yao and Jian Li at Tsinghua University,3,i,https://dspace.mit.edu/server/api/core/bitstreams/374f6ba2-52bb-474c-a3f7-b543b0629fde/content,2026-08-06
MIT-2020-044,Jian Li,"Li, Jian",other,I studied under Andrew Chi-Chih Yao and Jian Li at Tsinghua University,3,i,https://dspace.mit.edu/server/api/core/bitstreams/374f6ba2-52bb-474c-a3f7-b543b0629fde/content,2026-08-06
MIT-2020-044,Yan Xu,"Xu, Yan",other,Yan Xu and Eric Chang at Microsoft Research Asia,3,i,https://dspace.mit.edu/server/api/core/bitstreams/374f6ba2-52bb-474c-a3f7-b543b0629fde/content,2026-08-06
MIT-2020-044,Eric Chang,"Chang, Eric",other,Yan Xu and Eric Chang at Microsoft Research Asia,3,i,https://dspace.mit.edu/server/api/core/bitstreams/374f6ba2-52bb-474c-a3f7-b543b0629fde/content,2026-08-06
MIT-2020-044,Kai Yu,"Yu, Kai",other,Kai Yu and Yinan Yu at Baidu Research,3,i,https://dspace.mit.edu/server/api/core/bitstreams/374f6ba2-52bb-474c-a3f7-b543b0629fde/content,2026-08-06
MIT-2020-044,Yinan Yu,"Yu, Yinan",other,Kai Yu and Yinan Yu at Baidu Research,3,i,https://dspace.mit.edu/server/api/core/bitstreams/374f6ba2-52bb-474c-a3f7-b543b0629fde/content,2026-08-06
MIT-2020-044,Yuandong Tian,"Tian, Yuandong",other,Yuandong Tian at Facebook AI Research,3,i,https://dspace.mit.edu/server/api/core/bitstreams/374f6ba2-52bb-474c-a3f7-b543b0629fde/content,2026-08-06
MIT-2020-044,Polina Golland,"Golland, Polina",other,served on my research qualifying exam committee,3,i,https://dspace.mit.edu/server/api/core/bitstreams/374f6ba2-52bb-474c-a3f7-b543b0629fde/content,2026-08-06
MIT-2020-044,Randall Davis,"Davis, Randall",other,served on my research qualifying exam committee,3,i,https://dspace.mit.edu/server/api/core/bitstreams/374f6ba2-52bb-474c-a3f7-b543b0629fde/content,2026-08-06
MIT-2020-044,Tianfan Xue,"Xue, Tianfan",collaborator,demonstrated to me the beauty of low-level vision as well as...communication skills,3,i,https://dspace.mit.edu/server/api/core/bitstreams/374f6ba2-52bb-474c-a3f7-b543b0629fde/content,2026-08-06
MIT-2020-044,Joseph Lim,"Lim, Joseph",other,connected me with my senior collaborators...strong supporter of my research career,3,i,https://dspace.mit.edu/server/api/core/bitstreams/374f6ba2-52bb-474c-a3f7-b543b0629fde/content,2026-08-06
MIT-2020-045,John,"Guttag, John V.",advisor,"""my advisor, John, for his unwavering support and positivity""",5,5,https://dspace.mit.edu/server/api/core/bitstreams/f1455069-e06f-4275-9063-55d00d9bee36/content,2026-08-06
MIT-2020-045,Fr6do,"Durand, Frédo",advisor,"""My co-advisor, Fr6do, has been a great source of guidance over the years""",5,5,https://dspace.mit.edu/server/api/core/bitstreams/f1455069-e06f-4275-9063-55d00d9bee36/content,2026-08-06
MIT-2020-045,Adrian,"Dalca, Adrian V.",advisor,"""thank Adrian for dedicating so much of his time towards helping me grow as a researcher""",5,5,https://dspace.mit.edu/server/api/core/bitstreams/f1455069-e06f-4275-9063-55d00d9bee36/content,2026-08-06
MIT-2020-045,Bill,Bill,committee,"""thank Bill for joining my committee and lending his insights""",5,5,https://dspace.mit.edu/server/api/core/bitstreams/f1455069-e06f-4275-9063-55d00d9bee36/content,2026-08-06
MIT-2020-045,Jose,Jose,labmate,"""grateful to my labmates: Jose, Ani, Katie, Harini...""",5,5,https://dspace.mit.edu/server/api/core/bitstreams/f1455069-e06f-4275-9063-55d00d9bee36/content,2026-08-06
MIT-2020-045,Ani,Ani,labmate,listed among labmates,5,5,https://dspace.mit.edu/server/api/core/bitstreams/f1455069-e06f-4275-9063-55d00d9bee36/content,2026-08-06
MIT-2020-045,Katie,Katie,labmate,listed among labmates,5,5,https://dspace.mit.edu/server/api/core/bitstreams/f1455069-e06f-4275-9063-55d00d9bee36/content,2026-08-06
MIT-2020-045,Harini,Harini,labmate,listed among labmates,5,5,https://dspace.mit.edu/server/api/core/bitstreams/f1455069-e06f-4275-9063-55d00d9bee36/content,2026-08-06
MIT-2020-045,Maggie,Maggie,labmate,listed among labmates,5,5,https://dspace.mit.edu/server/api/core/bitstreams/f1455069-e06f-4275-9063-55d00d9bee36/content,2026-08-06
MIT-2020-045,Divya,Divya,labmate,listed among labmates,5,5,https://dspace.mit.edu/server/api/core/bitstreams/f1455069-e06f-4275-9063-55d00d9bee36/content,2026-08-06
MIT-2020-045,Davis,Davis,labmate,listed among labmates,5,5,https://dspace.mit.edu/server/api/core/bitstreams/f1455069-e06f-4275-9063-55d00d9bee36/content,2026-08-06
MIT-2020-045,Marianne,Marianne,labmate,listed among labmates,5,5,https://dspace.mit.edu/server/api/core/bitstreams/f1455069-e06f-4275-9063-55d00d9bee36/content,2026-08-06
MIT-2020-045,Tiam,Tiam,labmate,listed among labmates,5,5,https://dspace.mit.edu/server/api/core/bitstreams/f1455069-e06f-4275-9063-55d00d9bee36/content,2026-08-06
MIT-2020-045,Jen,Jen,labmate,listed among labmates,5,5,https://dspace.mit.edu/server/api/core/bitstreams/f1455069-e06f-4275-9063-55d00d9bee36/content,2026-08-06
MIT-2020-045,Guha,Guha,labmate,listed among labmates,5,5,https://dspace.mit.edu/server/api/core/bitstreams/f1455069-e06f-4275-9063-55d00d9bee36/content,2026-08-06
MIT-2020-045,Joel,Joel,labmate,listed among labmates,5,5,https://dspace.mit.edu/server/api/core/bitstreams/f1455069-e06f-4275-9063-55d00d9bee36/content,2026-08-06
MIT-2020-045,Yun,Yun,labmate,listed among labmates,5,5,https://dspace.mit.edu/server/api/core/bitstreams/f1455069-e06f-4275-9063-55d00d9bee36/content,2026-08-06
MIT-2020-045,Anima,Anima,labmate,listed among labmates,5,5,https://dspace.mit.edu/server/api/core/bitstreams/f1455069-e06f-4275-9063-55d00d9bee36/content,2026-08-06
MIT-2020-045,Jenna,Jenna,labmate,listed among labmates,5,5,https://dspace.mit.edu/server/api/core/bitstreams/f1455069-e06f-4275-9063-55d00d9bee36/content,2026-08-06
MIT-2020-045,Garthee,Garthee,labmate,listed among labmates,5,5,https://dspace.mit.edu/server/api/core/bitstreams/f1455069-e06f-4275-9063-55d00d9bee36/content,2026-08-06
MIT-2020-045,Rob,Rob,partner,"""my then-boyfriend, now-(since-my-thesis-defense)-fiance, Rob""",5,5,https://dspace.mit.edu/server/api/core/bitstreams/f1455069-e06f-4275-9063-55d00d9bee36/content,2026-08-06
MIT-2020-045,Qihua,Qihua,parent,"""thank my parents, Qihua and Rongqiong""",5,5,https://dspace.mit.edu/server/api/core/bitstreams/f1455069-e06f-4275-9063-55d00d9bee36/content,2026-08-06
MIT-2020-045,Rongqiong,Rongqiong,parent,"""thank my parents, Qihua and Rongqiong""",5,5,https://dspace.mit.edu/server/api/core/bitstreams/f1455069-e06f-4275-9063-55d00d9bee36/content,2026-08-06
MIT-2020-045,Linda,Linda,sibling,"""I also want to thank my sister, Linda""",5,5,https://dspace.mit.edu/server/api/core/bitstreams/f1455069-e06f-4275-9063-55d00d9bee36/content,2026-08-06
MIT-2020-046,Russ,"Tedrake, Russ",advisor,"""my advisor, Russ...remarkable mix of abilities""",5,5,https://dspace.mit.edu/server/api/core/bitstreams/7e5b9d72-6e39-43ff-82a0-7ae263c777a9/content,2026-08-06
MIT-2020-046,Leslie,Leslie,committee,"""rest of my committee...Thank you Leslie, Nick, and Dieter""",5,5,https://dspace.mit.edu/server/api/core/bitstreams/7e5b9d72-6e39-43ff-82a0-7ae263c777a9/content,2026-08-06
MIT-2020-046,Nick,Nick,committee,"""rest of my committee...Thank you Leslie, Nick, and Dieter""",5,5,https://dspace.mit.edu/server/api/core/bitstreams/7e5b9d72-6e39-43ff-82a0-7ae263c777a9/content,2026-08-06
MIT-2020-046,Dieter,Dieter,committee,"""rest of my committee...Thank you Leslie, Nick, and Dieter""",5,5,https://dspace.mit.edu/server/api/core/bitstreams/7e5b9d72-6e39-43ff-82a0-7ae263c777a9/content,2026-08-06
MIT-2020-046,Tomas Lozano-Perez,"Lozano-Perez, Tomas",other,"""professors at MIT that have been generous with their time and encouragement""",5,5,https://dspace.mit.edu/server/api/core/bitstreams/7e5b9d72-6e39-43ff-82a0-7ae263c777a9/content,2026-08-06
MIT-2020-046,Alberto Rodriguez,"Rodriguez, Alberto",other,"""professors at MIT that have been generous with their time and encouragement""",5,5,https://dspace.mit.edu/server/api/core/bitstreams/7e5b9d72-6e39-43ff-82a0-7ae263c777a9/content,2026-08-06
MIT-2020-046,Bill Freeman,"Freeman, Bill",other,"""professors at MIT that have been generous with their time and encouragement""",5,5,https://dspace.mit.edu/server/api/core/bitstreams/7e5b9d72-6e39-43ff-82a0-7ae263c777a9/content,2026-08-06
MIT-2020-046,Antonio Torralba,"Torralba, Antonio",other,"""professors at MIT that have been generous with their time and encouragement""",5,5,https://dspace.mit.edu/server/api/core/bitstreams/7e5b9d72-6e39-43ff-82a0-7ae263c777a9/content,2026-08-06
MIT-2020-046,Andy Barry,"Barry, Andy",labmate,"""indefinitely grateful to Andy Barry and John Carter for teaching me so many things""",5,5,https://dspace.mit.edu/server/api/core/bitstreams/7e5b9d72-6e39-43ff-82a0-7ae263c777a9/content,2026-08-06
MIT-2020-046,John Carter,"Carter, John",labmate,"""indefinitely grateful to Andy Barry and John Carter for teaching me so many things""",5,5,https://dspace.mit.edu/server/api/core/bitstreams/7e5b9d72-6e39-43ff-82a0-7ae263c777a9/content,2026-08-06
MIT-2020-046,Lucas Manuelli,"Manuelli, Lucas",friend,"""Extra thanks to Lucas for being a ski-buddy, friend, and research partner""",5,5,https://dspace.mit.edu/server/api/core/bitstreams/7e5b9d72-6e39-43ff-82a0-7ae263c777a9/content,2026-08-06
MIT-2020-046,Pat Marion,"Marion, Pat",labmate,"""lucky to work closely with Lucas Manuelli, Pat Marion, and Wei Gao""",5,5,https://dspace.mit.edu/server/api/core/bitstreams/7e5b9d72-6e39-43ff-82a0-7ae263c777a9/content,2026-08-06
MIT-2020-046,Wei Gao,"Gao, Wei",labmate,"""lucky to work closely with Lucas Manuelli, Pat Marion, and Wei Gao""",5,5,https://dspace.mit.edu/server/api/core/bitstreams/7e5b9d72-6e39-43ff-82a0-7ae263c777a9/content,2026-08-06
MIT-2020-046,Greg Izatt,"Izatt, Greg",labmate,"""great to work with and have around the lab for inspiring discussions""",5,5,https://dspace.mit.edu/server/api/core/bitstreams/7e5b9d72-6e39-43ff-82a0-7ae263c777a9/content,2026-08-06
MIT-2020-046,Matthew O'Kelly,"O'Kelly, Matthew",labmate,"""great to work with and have around the lab for inspiring discussions""",5,5,https://dspace.mit.edu/server/api/core/bitstreams/7e5b9d72-6e39-43ff-82a0-7ae263c777a9/content,2026-08-06
MIT-2020-046,Benoit Landry,"Landry, Benoit",labmate,"""great to work with and have around the lab for inspiring discussions""",5,5,https://dspace.mit.edu/server/api/core/bitstreams/7e5b9d72-6e39-43ff-82a0-7ae263c777a9/content,2026-08-06
MIT-2020-046,Ani Majumdar,"Majumdar, Ani",labmate,"""great to work with and have around the lab for inspiring discussions""",5,5,https://dspace.mit.edu/server/api/core/bitstreams/7e5b9d72-6e39-43ff-82a0-7ae263c777a9/content,2026-08-06
MIT-2020-046,Vincent Tjeng,"Tjeng, Vincent",labmate,"""great to work with and have around the lab for inspiring discussions""",5,5,https://dspace.mit.edu/server/api/core/bitstreams/7e5b9d72-6e39-43ff-82a0-7ae263c777a9/content,2026-08-06
MIT-2020-046,Robin Deits,"Deits, Robin",labmate,"""great to work with and have around the lab for inspiring discussions""",5,5,https://dspace.mit.edu/server/api/core/bitstreams/7e5b9d72-6e39-43ff-82a0-7ae263c777a9/content,2026-08-06
MIT-2020-046,Twan Koolen,"Koolen, Twan",labmate,"""great to work with and have around the lab for inspiring discussions""",5,5,https://dspace.mit.edu/server/api/core/bitstreams/7e5b9d72-6e39-43ff-82a0-7ae263c777a9/content,2026-08-06
MIT-2020-046,Aykut Satici,"Satici, Aykut",labmate,"""great to work with and have around the lab for inspiring discussions""",5,5,https://dspace.mit.edu/server/api/core/bitstreams/7e5b9d72-6e39-43ff-82a0-7ae263c777a9/content,2026-08-06
MIT-2020-046,Hongkai Dai,"Dai, Hongkai",labmate,"""great to work with and have around the lab for inspiring discussions""",5,5,https://dspace.mit.edu/server/api/core/bitstreams/7e5b9d72-6e39-43ff-82a0-7ae263c777a9/content,2026-08-06
MIT-2020-046,Michael Posa,"Posa, Michael",labmate,"""great to work with and have around the lab for inspiring discussions""",5,5,https://dspace.mit.edu/server/api/core/bitstreams/7e5b9d72-6e39-43ff-82a0-7ae263c777a9/content,2026-08-06
MIT-2020-046,Frank Permenter,"Permenter, Frank",labmate,"""great to work with and have around the lab for inspiring discussions""",5,5,https://dspace.mit.edu/server/api/core/bitstreams/7e5b9d72-6e39-43ff-82a0-7ae263c777a9/content,2026-08-06
MIT-2020-046,Shen Shen,"Shen, Shen",labmate,"""great to work with and have around the lab for inspiring discussions""",5,5,https://dspace.mit.edu/server/api/core/bitstreams/7e5b9d72-6e39-43ff-82a0-7ae263c777a9/content,2026-08-06
MIT-2020-046,Geronimo Mirano,"Mirano, Geronimo",labmate,"""great to work with and have around the lab for inspiring discussions""",5,5,https://dspace.mit.edu/server/api/core/bitstreams/7e5b9d72-6e39-43ff-82a0-7ae263c777a9/content,2026-08-06
MIT-2020-046,Tao Pang,"Pang, Tao",labmate,"""great to work with and have around the lab for inspiring discussions""",5,5,https://dspace.mit.edu/server/api/core/bitstreams/7e5b9d72-6e39-43ff-82a0-7ae263c777a9/content,2026-08-06
MIT-2020-046,YunZhu Li,"Li, YunZhu",labmate,"""great to work with and have around the lab for inspiring discussions""",5,5,https://dspace.mit.edu/server/api/core/bitstreams/7e5b9d72-6e39-43ff-82a0-7ae263c777a9/content,2026-08-06
MIT-2020-046,Steve Proulx,"Proulx, Steve",other,"""provided fantastic hardware engineering with various robot projects""",5,5,https://dspace.mit.edu/server/api/core/bitstreams/7e5b9d72-6e39-43ff-82a0-7ae263c777a9/content,2026-08-06
MIT-2020-046,Mieke Moran,"Moran, Mieke",other,"""awesome at supporting our lab""",5,5,https://dspace.mit.edu/server/api/core/bitstreams/7e5b9d72-6e39-43ff-82a0-7ae263c777a9/content,2026-08-06
MIT-2020-046,Gretchen Jones,"Jones, Gretchen",other,"""awesome at supporting our lab""",5,5,https://dspace.mit.edu/server/api/core/bitstreams/7e5b9d72-6e39-43ff-82a0-7ae263c777a9/content,2026-08-06
MIT-2020-046,Steven Lovegrove,"Lovegrove, Steven",collaborator,"""internship at Facebook Reality Labs...I'd like to thank""",5,5,https://dspace.mit.edu/server/api/core/bitstreams/7e5b9d72-6e39-43ff-82a0-7ae263c777a9/content,2026-08-06
MIT-2020-046,Richard Newcombe,"Newcombe, Richard",collaborator,"""internship at Facebook Reality Labs...I'd like to thank""",5,5,https://dspace.mit.edu/server/api/core/bitstreams/7e5b9d72-6e39-43ff-82a0-7ae263c777a9/content,2026-08-06
MIT-2020-046,Julian Straub,"Straub, Julian",collaborator,"""internship at Facebook Reality Labs...I'd like to thank""",5,5,https://dspace.mit.edu/server/api/core/bitstreams/7e5b9d72-6e39-43ff-82a0-7ae263c777a9/content,2026-08-06
MIT-2020-046,Jeong Joon Park,"Park, Jeong Joon",collaborator,"""internship at Facebook Reality Labs...I'd like to thank""",5,5,https://dspace.mit.edu/server/api/core/bitstreams/7e5b9d72-6e39-43ff-82a0-7ae263c777a9/content,2026-08-06
MIT-2020-047,Dr. Scott Manalis,"Manalis, Scott",advisor,"""my adviser, Dr. Scott Manalis, for guiding me""",5,5,https://dspace.mit.edu/server/api/core/bitstreams/efebc6cd-5137-4939-9360-61364b38186a/content,2026-08-06
MIT-2020-047,Dr. Tyler Jacks,"Jacks, Tyler",other,"""director of the Koch Institute...provided continued guidance, help, and support""",5,5,https://dspace.mit.edu/server/api/core/bitstreams/efebc6cd-5137-4939-9360-61364b38186a/content,2026-08-06
MIT-2020-047,Sangeeta Bhatia,"Bhatia, Sangeeta",committee,"""committee members, Drs. Sangeeta Bhatia and Joel Voldman""",5,5,https://dspace.mit.edu/server/api/core/bitstreams/efebc6cd-5137-4939-9360-61364b38186a/content,2026-08-06
MIT-2020-047,Joel Voldman,"Voldman, Joel",committee,"""committee members, Drs. Sangeeta Bhatia and Joel Voldman""",5,5,https://dspace.mit.edu/server/api/core/bitstreams/efebc6cd-5137-4939-9360-61364b38186a/content,2026-08-06
MIT-2020-047,Alex Shalek,"Shalek, Alex",other,"""advising me and guiding me in fields outside of engineering""",5,5,https://dspace.mit.edu/server/api/core/bitstreams/efebc6cd-5137-4939-9360-61364b38186a/content,2026-08-06
MIT-2020-047,Robert Weinberg,"Weinberg, Robert",other,"""advising me and guiding me in fields outside of engineering""",5,5,https://dspace.mit.edu/server/api/core/bitstreams/efebc6cd-5137-4939-9360-61364b38186a/content,2026-08-06
MIT-2020-047,Matthew Vander Heiden,"Vander Heiden, Matthew",other,"""advising me and guiding me in fields outside of engineering""",5,5,https://dspace.mit.edu/server/api/core/bitstreams/efebc6cd-5137-4939-9360-61364b38186a/content,2026-08-06
MIT-2020-047,Dr. Francisco Delgado,"Delgado, Francisco",labmate,"""former, brilliant graduate student of the Manalis Lab...taught me a lot""",5,5,https://dspace.mit.edu/server/api/core/bitstreams/efebc6cd-5137-4939-9360-61364b38186a/content,2026-08-06
MIT-2020-047,Dr. Sheng Rong Ng,"Ng, Sheng Rong",collaborator,"""collaborated with...a former Jacks Lab graduate student...dear friend""",5,5,https://dspace.mit.edu/server/api/core/bitstreams/efebc6cd-5137-4939-9360-61364b38186a/content,2026-08-06
MIT-2020-047,Nate Cermak,"Cermak, Nate",labmate,"""senior members of the lab...on the system design, fabrication""",5,5,https://dspace.mit.edu/server/api/core/bitstreams/efebc6cd-5137-4939-9360-61364b38186a/content,2026-08-06
MIT-2020-047,Selim Oclum,"Oclum, Selim",labmate,"""senior members of the lab...on the system design, fabrication""",5,5,https://dspace.mit.edu/server/api/core/bitstreams/efebc6cd-5137-4939-9360-61364b38186a/content,2026-08-06
MIT-2020-047,Scott Knudsen,"Knudsen, Scott",labmate,"""senior members of the lab...on the system design, fabrication""",5,5,https://dspace.mit.edu/server/api/core/bitstreams/efebc6cd-5137-4939-9360-61364b38186a/content,2026-08-06
MIT-2020-047,Josephine Bagnall,"Bagnall, Josephine",labmate,"""senior members of the lab...on the system design, fabrication""",5,5,https://dspace.mit.edu/server/api/core/bitstreams/efebc6cd-5137-4939-9360-61364b38186a/content,2026-08-06
MIT-2020-047,Mark Stevens,"Stevens, Mark",labmate,"""senior members of the lab...on the system design, fabrication""",5,5,https://dspace.mit.edu/server/api/core/bitstreams/efebc6cd-5137-4939-9360-61364b38186a/content,2026-08-06
MIT-2020-047,Robert Kimmerling,"Kimmerling, Robert",labmate,"""senior members of the lab...on the system design, fabrication""",5,5,https://dspace.mit.edu/server/api/core/bitstreams/efebc6cd-5137-4939-9360-61364b38186a/content,2026-08-06
MIT-2020-047,Vivian Hecht,"Hecht, Vivian",labmate,"""senior members of the lab...on the system design, fabrication""",5,5,https://dspace.mit.edu/server/api/core/bitstreams/efebc6cd-5137-4939-9360-61364b38186a/content,2026-08-06
MIT-2020-047,Yeh-Chuin Poh,"Poh, Yeh-Chuin",labmate,"""senior members of the lab...on the system design, fabrication""",5,5,https://dspace.mit.edu/server/api/core/bitstreams/efebc6cd-5137-4939-9360-61364b38186a/content,2026-08-06
MIT-2020-047,Arif Cetin,"Cetin, Arif",labmate,"""senior members of the lab...on the system design, fabrication""",5,5,https://dspace.mit.edu/server/api/core/bitstreams/efebc6cd-5137-4939-9360-61364b38186a/content,2026-08-06
MIT-2020-047,Nigel Chou,"Chou, Nigel",labmate,"""senior members of the lab...on the system design, fabrication""",5,5,https://dspace.mit.edu/server/api/core/bitstreams/efebc6cd-5137-4939-9360-61364b38186a/content,2026-08-06
MIT-2020-047,Joon Kang,"Kang, Joon",labmate,"""senior members of the lab...on the system design, fabrication""",5,5,https://dspace.mit.edu/server/api/core/bitstreams/efebc6cd-5137-4939-9360-61364b38186a/content,2026-08-06
MIT-2020-047,Steve Wasserman,"Wasserman, Steve",labmate,"""senior members of the lab...on the system design, fabrication""",5,5,https://dspace.mit.edu/server/api/core/bitstreams/efebc6cd-5137-4939-9360-61364b38186a/content,2026-08-06
MIT-2020-047,Dr. Mary Mu,"Mu, Mary",labmate,"""current Manalis Lab members""",5,5,https://dspace.mit.edu/server/api/core/bitstreams/efebc6cd-5137-4939-9360-61364b38186a/content,2026-08-06
MIT-2020-047,Mr. Max Stockslagger,"Stockslagger, Max",labmate,"""current Manalis Lab members""",5,5,https://dspace.mit.edu/server/api/core/bitstreams/efebc6cd-5137-4939-9360-61364b38186a/content,2026-08-06
MIT-2020-047,Dr. Teemu Meitennen,"Meitennen, Teemu",labmate,"""current Manalis Lab members""",5,5,https://dspace.mit.edu/server/api/core/bitstreams/efebc6cd-5137-4939-9360-61364b38186a/content,2026-08-06
MIT-2020-047,Dr. Peter Winter,"Winter, Peter",labmate,"""current Manalis Lab members""",5,5,https://dspace.mit.edu/server/api/core/bitstreams/efebc6cd-5137-4939-9360-61364b38186a/content,2026-08-06
MIT-2020-047,Dr. Yorgos Katsikis,"Katsikis, Yorgos",labmate,"""current Manalis Lab members""",5,5,https://dspace.mit.edu/server/api/core/bitstreams/efebc6cd-5137-4939-9360-61364b38186a/content,2026-08-06
MIT-2020-047,Dr. Ye Zhang,"Zhang, Ye",labmate,"""current Manalis Lab members""",5,5,https://dspace.mit.edu/server/api/core/bitstreams/efebc6cd-5137-4939-9360-61364b38186a/content,2026-08-06
MIT-2020-047,Mr. Richard Wu,"Wu, Richard",labmate,"""current Manalis Lab members""",5,5,https://dspace.mit.edu/server/api/core/bitstreams/efebc6cd-5137-4939-9360-61364b38186a/content,2026-08-06
MIT-2020-047,Dr. Jason Yu,"Yu, Jason",labmate,"""current Manalis Lab members""",5,5,https://dspace.mit.edu/server/api/core/bitstreams/efebc6cd-5137-4939-9360-61364b38186a/content,2026-08-06
MIT-2020-047,Lucy Yang,"Yang, Lucy",labmate,"""smart, curious, and motivated undergraduate researchers""",5,5,https://dspace.mit.edu/server/api/core/bitstreams/efebc6cd-5137-4939-9360-61364b38186a/content,2026-08-06
MIT-2020-047,Kelsey DeGouveia,"DeGouveia, Kelsey",labmate,"""smart, curious, and motivated undergraduate researchers""",5,5,https://dspace.mit.edu/server/api/core/bitstreams/efebc6cd-5137-4939-9360-61364b38186a/content,2026-08-06
MIT-2020-047,Emily Reyom,"Reyom, Emily",labmate,"""smart, curious, and motivated undergraduate researchers""",5,5,https://dspace.mit.edu/server/api/core/bitstreams/efebc6cd-5137-4939-9360-61364b38186a/content,2026-08-06
MIT-2020-047,Tuomas Tammela,"Tammela, Tuomas",collaborator,"""help, training, and guidance...from current and former members of the Jacks Lab""",5,5,https://dspace.mit.edu/server/api/core/bitstreams/efebc6cd-5137-4939-9360-61364b38186a/content,2026-08-06
MIT-2020-047,Carman Li,"Li, Carman",collaborator,"""help, training, and guidance...from current and former members of the Jacks Lab""",5,5,https://dspace.mit.edu/server/api/core/bitstreams/efebc6cd-5137-4939-9360-61364b38186a/content,2026-08-06
MIT-2020-047,Thales Papagiannakopoulos,"Papagiannakopoulos, Thales",collaborator,"""help, training, and guidance...from current and former members of the Jacks Lab""",5,5,https://dspace.mit.edu/server/api/core/bitstreams/efebc6cd-5137-4939-9360-61364b38186a/content,2026-08-06
MIT-2020-047,Will Freed-Pastor,"Freed-Pastor, Will",collaborator,"""help, training, and guidance...from current and former members of the Jacks Lab""",5,5,https://dspace.mit.edu/server/api/core/bitstreams/efebc6cd-5137-4939-9360-61364b38186a/content,2026-08-06
MIT-2020-047,Banu Eskiosak,"Eskiosak, Banu",collaborator,"""help, training, and guidance...from current and former members of the Jacks Lab""",5,5,https://dspace.mit.edu/server/api/core/bitstreams/efebc6cd-5137-4939-9360-61364b38186a/content,2026-08-06
MIT-2020-047,Chengcheng Jin,"Jin, Chengcheng",collaborator,"""help, training, and guidance...from current and former members of the Jacks Lab""",5,5,https://dspace.mit.edu/server/api/core/bitstreams/efebc6cd-5137-4939-9360-61364b38186a/content,2026-08-06
MIT-2020-047,Jason Schenkel,"Schenkel, Jason",collaborator,"""help, training, and guidance...from current and former members of the Jacks Lab""",5,5,https://dspace.mit.edu/server/api/core/bitstreams/efebc6cd-5137-4939-9360-61364b38186a/content,2026-08-06
MIT-2020-047,Carla Concepcion,"Concepcion, Carla",collaborator,"""help, training, and guidance...from current and former members of the Jacks Lab""",5,5,https://dspace.mit.edu/server/api/core/bitstreams/efebc6cd-5137-4939-9360-61364b38186a/content,2026-08-06
MIT-2020-047,Leanne Li,"Li, Leanne",collaborator,"""help, training, and guidance...from current and former members of the Jacks Lab""",5,5,https://dspace.mit.edu/server/api/core/bitstreams/efebc6cd-5137-4939-9360-61364b38186a/content,2026-08-06
MIT-2020-047,Meghan Burger,"Burger, Meghan",collaborator,"""help, training, and guidance...from current and former members of the Jacks Lab""",5,5,https://dspace.mit.edu/server/api/core/bitstreams/efebc6cd-5137-4939-9360-61364b38186a/content,2026-08-06
MIT-2020-048,Professor Brian C. Williams,"Williams, Brian C.",advisor,"""my advisor, Professor Brian C. Williams...instrumental in shaping my thesis direction""",6,5,https://dspace.mit.edu/server/api/core/bitstreams/20f123dc-331d-406d-a729-cb5ab3ad8188/content,2026-08-06
MIT-2020-048,Professor Randall Davis,"Davis, Randall",committee,"""committee members, Professor Randall Davis and Professor Tomis Lozano-P6rez""",6,5,https://dspace.mit.edu/server/api/core/bitstreams/20f123dc-331d-406d-a729-cb5ab3ad8188/content,2026-08-06
MIT-2020-048,Professor Tomis Lozano-P6rez,"Lozano-Pérez, Tomás",committee,"""committee members, Professor Randall Davis and Professor Tomis Lozano-P6rez""",6,5,https://dspace.mit.edu/server/api/core/bitstreams/20f123dc-331d-406d-a729-cb5ab3ad8188/content,2026-08-06
MIT-2020-048,Allen,Allen,labmate,"""members of MERS...Thank you Allen, Andrew, Ashkan...""",6,5,https://dspace.mit.edu/server/api/core/bitstreams/20f123dc-331d-406d-a729-cb5ab3ad8188/content,2026-08-06
MIT-2020-048,Andrew,Andrew,labmate,listed among MERS group members,6,5,https://dspace.mit.edu/server/api/core/bitstreams/20f123dc-331d-406d-a729-cb5ab3ad8188/content,2026-08-06
MIT-2020-048,Ashkan,Ashkan,labmate,listed among MERS group members,6,5,https://dspace.mit.edu/server/api/core/bitstreams/20f123dc-331d-406d-a729-cb5ab3ad8188/content,2026-08-06
MIT-2020-048,Charles,Charles,labmate,listed among MERS group members,6,5,https://dspace.mit.edu/server/api/core/bitstreams/20f123dc-331d-406d-a729-cb5ab3ad8188/content,2026-08-06
MIT-2020-048,Christian,Christian,labmate,listed among MERS group members,6,5,https://dspace.mit.edu/server/api/core/bitstreams/20f123dc-331d-406d-a729-cb5ab3ad8188/content,2026-08-06
MIT-2020-048,Cyrus,Cyrus,labmate,listed among MERS group members,6,5,https://dspace.mit.edu/server/api/core/bitstreams/20f123dc-331d-406d-a729-cb5ab3ad8188/content,2026-08-06
MIT-2020-048,Dan,Dan,labmate,listed among MERS group members,6,5,https://dspace.mit.edu/server/api/core/bitstreams/20f123dc-331d-406d-a729-cb5ab3ad8188/content,2026-08-06
MIT-2020-048,Enrique,Enrique,labmate,listed among MERS group members,6,5,https://dspace.mit.edu/server/api/core/bitstreams/20f123dc-331d-406d-a729-cb5ab3ad8188/content,2026-08-06
MIT-2020-048,Eric,Eric,labmate,listed among MERS group members,6,5,https://dspace.mit.edu/server/api/core/bitstreams/20f123dc-331d-406d-a729-cb5ab3ad8188/content,2026-08-06
MIT-2020-048,Jacob,Jacob,labmate,listed among MERS group members,6,5,https://dspace.mit.edu/server/api/core/bitstreams/20f123dc-331d-406d-a729-cb5ab3ad8188/content,2026-08-06
MIT-2020-048,Jingkai,Jingkai,labmate,listed among MERS group members,6,5,https://dspace.mit.edu/server/api/core/bitstreams/20f123dc-331d-406d-a729-cb5ab3ad8188/content,2026-08-06
MIT-2020-048,Matthew,Matthew,labmate,listed among MERS group members,6,5,https://dspace.mit.edu/server/api/core/bitstreams/20f123dc-331d-406d-a729-cb5ab3ad8188/content,2026-08-06
MIT-2020-048,Meng,Meng,labmate,listed among MERS group members,6,5,https://dspace.mit.edu/server/api/core/bitstreams/20f123dc-331d-406d-a729-cb5ab3ad8188/content,2026-08-06
MIT-2020-048,Nick,Nick,labmate,listed among MERS group members,6,5,https://dspace.mit.edu/server/api/core/bitstreams/20f123dc-331d-406d-a729-cb5ab3ad8188/content,2026-08-06
MIT-2020-048,Peng,Peng,labmate,listed among MERS group members,6,5,https://dspace.mit.edu/server/api/core/bitstreams/20f123dc-331d-406d-a729-cb5ab3ad8188/content,2026-08-06
MIT-2020-048,Sang,Sang,labmate,listed among MERS group members,6,5,https://dspace.mit.edu/server/api/core/bitstreams/20f123dc-331d-406d-a729-cb5ab3ad8188/content,2026-08-06
MIT-2020-048,Sylvia,Sylvia,labmate,listed among MERS group members,6,5,https://dspace.mit.edu/server/api/core/bitstreams/20f123dc-331d-406d-a729-cb5ab3ad8188/content,2026-08-06
MIT-2020-048,Simon,Simon,labmate,listed among MERS group members,6,5,https://dspace.mit.edu/server/api/core/bitstreams/20f123dc-331d-406d-a729-cb5ab3ad8188/content,2026-08-06
MIT-2020-048,Steve,Steve,labmate,listed among MERS group members,6,5,https://dspace.mit.edu/server/api/core/bitstreams/20f123dc-331d-406d-a729-cb5ab3ad8188/content,2026-08-06
MIT-2020-048,Sungkweon,Sungkweon,labmate,listed among MERS group members,6,5,https://dspace.mit.edu/server/api/core/bitstreams/20f123dc-331d-406d-a729-cb5ab3ad8188/content,2026-08-06
MIT-2020-048,Tiago,Tiago,labmate,listed among MERS group members,6,5,https://dspace.mit.edu/server/api/core/bitstreams/20f123dc-331d-406d-a729-cb5ab3ad8188/content,2026-08-06
MIT-2020-048,Yang,Yang,labmate,listed among MERS group members,6,5,https://dspace.mit.edu/server/api/core/bitstreams/20f123dc-331d-406d-a729-cb5ab3ad8188/content,2026-08-06
MIT-2020-048,Yuening,Yuening,labmate,listed among MERS group members,6,5,https://dspace.mit.edu/server/api/core/bitstreams/20f123dc-331d-406d-a729-cb5ab3ad8188/content,2026-08-06
MIT-2020-048,Yui,Yui,labmate,listed among MERS group members,6,5,https://dspace.mit.edu/server/api/core/bitstreams/20f123dc-331d-406d-a729-cb5ab3ad8188/content,2026-08-06
MIT-2020-048,Zach,Zach,labmate,listed among MERS group members,6,5,https://dspace.mit.edu/server/api/core/bitstreams/20f123dc-331d-406d-a729-cb5ab3ad8188/content,2026-08-06
MIT-2020-048,Ben,Ben,friend,"""special thanks goes to Ben...for their willingness to indulge me""",6,5,https://dspace.mit.edu/server/api/core/bitstreams/20f123dc-331d-406d-a729-cb5ab3ad8188/content,2026-08-06
MIT-2020-048,Matt,Matt,friend,"""special thanks goes to...Matt...for their willingness to indulge me""",6,5,https://dspace.mit.edu/server/api/core/bitstreams/20f123dc-331d-406d-a729-cb5ab3ad8188/content,2026-08-06
MIT-2020-048,Oana,Oana,friend,"""special thanks goes to Ben, Oana, Michael...for their willingness to indulge me""",6,5,https://dspace.mit.edu/server/api/core/bitstreams/20f123dc-331d-406d-a729-cb5ab3ad8188/content,2026-08-06
MIT-2020-048,Michael,Michael,friend,"""special thanks goes to Ben, Oana, Michael...for their willingness to indulge me""",6,5,https://dspace.mit.edu/server/api/core/bitstreams/20f123dc-331d-406d-a729-cb5ab3ad8188/content,2026-08-06
MIT-2020-048,Sophie,Sophie,friend,"""special thanks goes to...Sophie...for their willingness to indulge me""",6,5,https://dspace.mit.edu/server/api/core/bitstreams/20f123dc-331d-406d-a729-cb5ab3ad8188/content,2026-08-06
MIT-2020-048,Arjun,Arjun,friend,"""special thanks goes to...Arjun...for their willingness to indulge me""",6,5,https://dspace.mit.edu/server/api/core/bitstreams/20f123dc-331d-406d-a729-cb5ab3ad8188/content,2026-08-06
MIT-2020-048,Irene,Irene,friend,"""special thanks goes to...Irene...for their willingness to indulge me""",6,5,https://dspace.mit.edu/server/api/core/bitstreams/20f123dc-331d-406d-a729-cb5ab3ad8188/content,2026-08-06
MIT-2020-048,Amanda,Amanda,friend,"""special thanks goes to...Amanda...for their willingness to indulge me""",6,5,https://dspace.mit.edu/server/api/core/bitstreams/20f123dc-331d-406d-a729-cb5ab3ad8188/content,2026-08-06
MIT-2020-048,Ellora,Ellora,friend,"""special thanks goes to...Ellora...for their willingness to indulge me""",6,5,https://dspace.mit.edu/server/api/core/bitstreams/20f123dc-331d-406d-a729-cb5ab3ad8188/content,2026-08-06
MIT-2020-048,Yoseph,Yoseph,friend,"""special thanks goes to...Yoseph...for their willingness to indulge me""",6,5,https://dspace.mit.edu/server/api/core/bitstreams/20f123dc-331d-406d-a729-cb5ab3ad8188/content,2026-08-06
MIT-2020-048,Dana,Dana,partner,"""my girlfriend Dana for being an amazing partner""",6,5,https://dspace.mit.edu/server/api/core/bitstreams/20f123dc-331d-406d-a729-cb5ab3ad8188/content,2026-08-06
MIT-2020-049,Prof. Marc A. Baldo,"Baldo, Marc A.",advisor,"""my research supervisor, Prof. Marc A. Baldo, for giving me the opportunity to work under his guidance""",5,5,https://dspace.mit.edu/server/api/core/bitstreams/2bd698c3-d53a-48bd-b5cf-3d0c5f6660a7/content,2026-08-06
MIT-2020-049,Prof. Vladimir Bulovid,"Bulović, Vladimir",committee,"""serving on my thesis committee and providing feedback and additional advice""",5,5,https://dspace.mit.edu/server/api/core/bitstreams/2bd698c3-d53a-48bd-b5cf-3d0c5f6660a7/content,2026-08-06
MIT-2020-049,Prof. Troy Van Voorhis,"Van Voorhis, Troy",committee,"""serving on my thesis committee and providing feedback and additional advice""",5,5,https://dspace.mit.edu/server/api/core/bitstreams/2bd698c3-d53a-48bd-b5cf-3d0c5f6660a7/content,2026-08-06
MIT-2020-049,Tony Wu,"Wu, Tony",collaborator,"""supporting me on the silicon solar cell project""",5,5,https://dspace.mit.edu/server/api/core/bitstreams/2bd698c3-d53a-48bd-b5cf-3d0c5f6660a7/content,2026-08-06
MIT-2020-049,Julia Kompalla,"Kompalla, Julia",collaborator,"""supporting me on the silicon solar cell project""",5,5,https://dspace.mit.edu/server/api/core/bitstreams/2bd698c3-d53a-48bd-b5cf-3d0c5f6660a7/content,2026-08-06
MIT-2020-049,Cole Perkinson,"Perkinson, Cole",collaborator,"""supporting me on the silicon solar cell project""",5,5,https://dspace.mit.edu/server/api/core/bitstreams/2bd698c3-d53a-48bd-b5cf-3d0c5f6660a7/content,2026-08-06
MIT-2020-049,Hannah Smith,"Smith, Hannah",collaborator,"""supporting me on the silicon solar cell project""",5,5,https://dspace.mit.edu/server/api/core/bitstreams/2bd698c3-d53a-48bd-b5cf-3d0c5f6660a7/content,2026-08-06
MIT-2020-049,Dan Congreve,"Congreve, Dan",collaborator,"""supporting me on the silicon solar cell project""",5,5,https://dspace.mit.edu/server/api/core/bitstreams/2bd698c3-d53a-48bd-b5cf-3d0c5f6660a7/content,2026-08-06
MIT-2020-049,Lea Nienhaus,"Nienhaus, Lea",collaborator,"""supporting me on the silicon solar cell project""",5,5,https://dspace.mit.edu/server/api/core/bitstreams/2bd698c3-d53a-48bd-b5cf-3d0c5f6660a7/content,2026-08-06
MIT-2020-049,Sarah Wieghold,"Wieghold, Sarah",collaborator,"""supporting me on the silicon solar cell project""",5,5,https://dspace.mit.edu/server/api/core/bitstreams/2bd698c3-d53a-48bd-b5cf-3d0c5f6660a7/content,2026-08-06
MIT-2020-049,Jan Tiepelt,"Tiepelt, Jan",collaborator,"""excellent collaborations on OLED projects""",5,5,https://dspace.mit.edu/server/api/core/bitstreams/2bd698c3-d53a-48bd-b5cf-3d0c5f6660a7/content,2026-08-06
MIT-2020-049,Andrea Maurano,"Maurano, Andrea",collaborator,"""excellent collaborations on OLED projects""",5,5,https://dspace.mit.edu/server/api/core/bitstreams/2bd698c3-d53a-48bd-b5cf-3d0c5f6660a7/content,2026-08-06
MIT-2020-049,Wenliang Huang,"Huang, Wenliang",collaborator,"""excellent collaborations on OLED projects""",5,5,https://dspace.mit.edu/server/api/core/bitstreams/2bd698c3-d53a-48bd-b5cf-3d0c5f6660a7/content,2026-08-06
MIT-2020-049,Tianyu Zhu,"Zhu, Tianyu",collaborator,"""excellent collaborations on OLED projects""",5,5,https://dspace.mit.edu/server/api/core/bitstreams/2bd698c3-d53a-48bd-b5cf-3d0c5f6660a7/content,2026-08-06
MIT-2020-049,Piotr de Silva,"de Silva, Piotr",collaborator,"""excellent collaborations on OLED projects""",5,5,https://dspace.mit.edu/server/api/core/bitstreams/2bd698c3-d53a-48bd-b5cf-3d0c5f6660a7/content,2026-08-06
MIT-2020-049,Christian Belger,"Belger, Christian",collaborator,"""excellent collaborations on OLED projects""",5,5,https://dspace.mit.edu/server/api/core/bitstreams/2bd698c3-d53a-48bd-b5cf-3d0c5f6660a7/content,2026-08-06
MIT-2020-049,Dong-Gwang Ha,"Ha, Dong-Gwang",labmate,"""my office mates Dong-Gwang Ha and Joe Finley, who were always available for discussions""",5,5,https://dspace.mit.edu/server/api/core/bitstreams/2bd698c3-d53a-48bd-b5cf-3d0c5f6660a7/content,2026-08-06
MIT-2020-049,Joe Finley,"Finley, Joe",labmate,"""my office mates Dong-Gwang Ha and Joe Finley, who were always available for discussions""",5,5,https://dspace.mit.edu/server/api/core/bitstreams/2bd698c3-d53a-48bd-b5cf-3d0c5f6660a7/content,2026-08-06
MIT-2020-049,Catherine Bourgeois,"Bourgeois, Catherine",other,"""help with countless administrative issues""",5,5,https://dspace.mit.edu/server/api/core/bitstreams/2bd698c3-d53a-48bd-b5cf-3d0c5f6660a7/content,2026-08-06
MIT-2020-049,Sebastian Reineke,"Reineke, Sebastian",other,"""mentoring me during my early days at MIT""",5,5,https://dspace.mit.edu/server/api/core/bitstreams/2bd698c3-d53a-48bd-b5cf-3d0c5f6660a7/content,2026-08-06
MIT-2020-049,Mengfei Wu,"Wu, Mengfei",labmate,"""other former and current colleagues for providing a stimulating and supportive work environment""",5,5,https://dspace.mit.edu/server/api/core/bitstreams/2bd698c3-d53a-48bd-b5cf-3d0c5f6660a7/content,2026-08-06
MIT-2020-049,Nicholas Thompson,"Thompson, Nicholas",labmate,"""other former and current colleagues for providing a stimulating and supportive work environment""",5,5,https://dspace.mit.edu/server/api/core/bitstreams/2bd698c3-d53a-48bd-b5cf-3d0c5f6660a7/content,2026-08-06
MIT-2020-049,Matthias Bahlke,"Bahlke, Matthias",labmate,"""other former and current colleagues for providing a stimulating and supportive work environment""",5,5,https://dspace.mit.edu/server/api/core/bitstreams/2bd698c3-d53a-48bd-b5cf-3d0c5f6660a7/content,2026-08-06
MIT-2020-049,Phil Reusswig,"Reusswig, Phil",labmate,"""other former and current colleagues for providing a stimulating and supportive work environment""",5,5,https://dspace.mit.edu/server/api/core/bitstreams/2bd698c3-d53a-48bd-b5cf-3d0c5f6660a7/content,2026-08-06
MIT-2020-049,Wendi Chang,"Chang, Wendi",labmate,"""other former and current colleagues for providing a stimulating and supportive work environment""",5,5,https://dspace.mit.edu/server/api/core/bitstreams/2bd698c3-d53a-48bd-b5cf-3d0c5f6660a7/content,2026-08-06
MIT-2020-049,Paul Azunre,"Azunre, Paul",labmate,"""other former and current colleagues for providing a stimulating and supportive work environment""",5,5,https://dspace.mit.edu/server/api/core/bitstreams/2bd698c3-d53a-48bd-b5cf-3d0c5f6660a7/content,2026-08-06
MIT-2020-049,Sumit Dutta,"Dutta, Sumit",labmate,"""other former and current colleagues for providing a stimulating and supportive work environment""",5,5,https://dspace.mit.edu/server/api/core/bitstreams/2bd698c3-d53a-48bd-b5cf-3d0c5f6660a7/content,2026-08-06
MIT-2020-049,Bryan Modtland,"Modtland, Bryan",labmate,"""other former and current colleagues for providing a stimulating and supportive work environment""",5,5,https://dspace.mit.edu/server/api/core/bitstreams/2bd698c3-d53a-48bd-b5cf-3d0c5f6660a7/content,2026-08-06
MIT-2020-049,Ting-An Lin,"Lin, Ting-An",labmate,"""other former and current colleagues for providing a stimulating and supportive work environment""",5,5,https://dspace.mit.edu/server/api/core/bitstreams/2bd698c3-d53a-48bd-b5cf-3d0c5f6660a7/content,2026-08-06
MIT-2020-049,James Minor,"Minor, James",labmate,"""other former and current colleagues for providing a stimulating and supportive work environment""",5,5,https://dspace.mit.edu/server/api/core/bitstreams/2bd698c3-d53a-48bd-b5cf-3d0c5f6660a7/content,2026-08-06
MIT-2020-049,Yulin Xing,"Xing, Yulin",unclear,"""thank Yulin Xing for her unwavering support during the past five years"" (relationship not stated)",5,5,https://dspace.mit.edu/server/api/core/bitstreams/2bd698c3-d53a-48bd-b5cf-3d0c5f6660a7/content,2026-08-06
MIT-2020-050,Professor Daniel Sanchez,"Sanchez, Daniel",advisor,"""my advisor, Professor Daniel Sanchez...breadth of knowledge...astounded me""",5,v,https://dspace.mit.edu/server/api/core/bitstreams/5ec9f62b-3e01-4e95-8a88-13e56623294f/content,2026-08-06
MIT-2020-050,Professor Joel Emer,"Emer, Joel",committee,"""thesis committee members, Professor Joel Emer and Professor Arvind""",5,v,https://dspace.mit.edu/server/api/core/bitstreams/5ec9f62b-3e01-4e95-8a88-13e56623294f/content,2026-08-06
MIT-2020-050,Professor Arvind,Arvind,committee,"""thesis committee members, Professor Joel Emer and Professor Arvind""",5,v,https://dspace.mit.edu/server/api/core/bitstreams/5ec9f62b-3e01-4e95-8a88-13e56623294f/content,2026-08-06
MIT-2020-050,Suvinay Subramanian,"Subramanian, Suvinay",collaborator,"""a crucial partner in all of the projects of this thesis""",5,v,https://dspace.mit.edu/server/api/core/bitstreams/5ec9f62b-3e01-4e95-8a88-13e56623294f/content,2026-08-06
MIT-2020-050,Cong Yan,"Yan, Cong",collaborator,"""invested a few months to wrangle a database application for our benchmark suite""",5,v,https://dspace.mit.edu/server/api/core/bitstreams/5ec9f62b-3e01-4e95-8a88-13e56623294f/content,2026-08-06
MIT-2020-050,Maleen Abeydeera,"Abeydeera, Maleen",collaborator,"""improved the modeling of our simulations, implemented several applications""",5,v,https://dspace.mit.edu/server/api/core/bitstreams/5ec9f62b-3e01-4e95-8a88-13e56623294f/content,2026-08-06
MIT-2020-050,Victor Ying,"Ying, Victor",collaborator,"""crucial sounding board for the last three years""",5,v,https://dspace.mit.edu/server/api/core/bitstreams/5ec9f62b-3e01-4e95-8a88-13e56623294f/content,2026-08-06
MIT-2020-050,Hyun Ryong (Ryan) Lee,"Lee, Hyun Ryong (Ryan)",collaborator,"""implemented new applications that taught us important lessons on how to improve performance""",5,v,https://dspace.mit.edu/server/api/core/bitstreams/5ec9f62b-3e01-4e95-8a88-13e56623294f/content,2026-08-06
MIT-2020-051,Professor Ed Boyden,"Boyden, Ed",advisor,"""my advisor Professor Ed Boyden for his support and guidance throughout my PhD journey""",7,7,https://dspace.mit.edu/server/api/core/bitstreams/adcee9fb-9f07-4845-9e2a-ba7761599180/content,2026-08-06
MIT-2020-051,Or Shemesh,"Shemesh, Or",collaborator,"""my two mentors...for not only training me on various experimental techniques""",7,7,https://dspace.mit.edu/server/api/core/bitstreams/adcee9fb-9f07-4845-9e2a-ba7761599180/content,2026-08-06
MIT-2020-051,Kiryl Piatkevich,"Piatkevich, Kiryl",collaborator,"""my two mentors...for not only training me on various experimental techniques""",7,7,https://dspace.mit.edu/server/api/core/bitstreams/adcee9fb-9f07-4845-9e2a-ba7761599180/content,2026-08-06
MIT-2020-051,Shannon Johnson,"Johnson, Shannon",collaborator,"""working with me on the Signaling Reporter Islands project""",7,7,https://dspace.mit.edu/server/api/core/bitstreams/adcee9fb-9f07-4845-9e2a-ba7761599180/content,2026-08-06
MIT-2020-051,Professor Amy Keating,"Keating, Amy",committee,"""thesis committee members Professor Amy Keating, Professor Nir Shavit, and Professor Polina Golland""",7,7,https://dspace.mit.edu/server/api/core/bitstreams/adcee9fb-9f07-4845-9e2a-ba7761599180/content,2026-08-06
MIT-2020-051,Professor Nir Shavit,"Shavit, Nir",committee,"""thesis committee members Professor Amy Keating, Professor Nir Shavit, and Professor Polina Golland""",7,7,https://dspace.mit.edu/server/api/core/bitstreams/adcee9fb-9f07-4845-9e2a-ba7761599180/content,2026-08-06
MIT-2020-051,Professor Polina Golland,"Golland, Polina",committee,"""thesis committee members Professor Amy Keating, Professor Nir Shavit, and Professor Polina Golland""",7,7,https://dspace.mit.edu/server/api/core/bitstreams/adcee9fb-9f07-4845-9e2a-ba7761599180/content,2026-08-06
MIT-2020-051,Professor Terry Orlando,"Orlando, Terry",other,"""my academic advisor Professor Terry Orlando in the EECS department""",7,7,https://dspace.mit.edu/server/api/core/bitstreams/adcee9fb-9f07-4845-9e2a-ba7761599180/content,2026-08-06
MIT-2020-051,Dan Goodwin,"Goodwin, Dan",labmate,"""current and previous members of the Boyden lab...help and support""",7,7,https://dspace.mit.edu/server/api/core/bitstreams/adcee9fb-9f07-4845-9e2a-ba7761599180/content,2026-08-06
MIT-2020-051,Jay Yu,"Yu, Jay",labmate,"""current and previous members of the Boyden lab...help and support""",7,7,https://dspace.mit.edu/server/api/core/bitstreams/adcee9fb-9f07-4845-9e2a-ba7761599180/content,2026-08-06
MIT-2020-051,Pablo Valdes,"Valdes, Pablo",labmate,"""current and previous members of the Boyden lab...help and support""",7,7,https://dspace.mit.edu/server/api/core/bitstreams/adcee9fb-9f07-4845-9e2a-ba7761599180/content,2026-08-06
MIT-2020-051,Demian Park,"Park, Demian",labmate,"""current and previous members of the Boyden lab...help and support""",7,7,https://dspace.mit.edu/server/api/core/bitstreams/adcee9fb-9f07-4845-9e2a-ba7761599180/content,2026-08-06
MIT-2020-051,Bobae An,"An, Bobae",labmate,"""current and previous members of the Boyden lab...help and support""",7,7,https://dspace.mit.edu/server/api/core/bitstreams/adcee9fb-9f07-4845-9e2a-ba7761599180/content,2026-08-06
MIT-2020-051,Yixi Liu,"Liu, Yixi",labmate,"""current and previous members of the Boyden lab...help and support""",7,7,https://dspace.mit.edu/server/api/core/bitstreams/adcee9fb-9f07-4845-9e2a-ba7761599180/content,2026-08-06
MIT-2020-051,Ishan Gupta,"Gupta, Ishan",labmate,"""current and previous members of the Boyden lab...help and support""",7,7,https://dspace.mit.edu/server/api/core/bitstreams/adcee9fb-9f07-4845-9e2a-ba7761599180/content,2026-08-06
MIT-2020-051,Young Gyu Yoon,"Yoon, Young Gyu",labmate,"""current and previous members of the Boyden lab...help and support""",7,7,https://dspace.mit.edu/server/api/core/bitstreams/adcee9fb-9f07-4845-9e2a-ba7761599180/content,2026-08-06
MIT-2020-051,Guangyu Xu,"Xu, Guangyu",labmate,"""current and previous members of the Boyden lab...help and support""",7,7,https://dspace.mit.edu/server/api/core/bitstreams/adcee9fb-9f07-4845-9e2a-ba7761599180/content,2026-08-06
MIT-2020-051,Kate Adamala,"Adamala, Kate",labmate,"""current and previous members of the Boyden lab...help and support""",7,7,https://dspace.mit.edu/server/api/core/bitstreams/adcee9fb-9f07-4845-9e2a-ba7761599180/content,2026-08-06
MIT-2020-051,Anthony Zorzos,"Zorzos, Anthony",labmate,"""current and previous members of the Boyden lab...help and support""",7,7,https://dspace.mit.edu/server/api/core/bitstreams/adcee9fb-9f07-4845-9e2a-ba7761599180/content,2026-08-06
MIT-2020-051,Rui Gao,"Gao, Rui",labmate,"""current and previous members of the Boyden lab...help and support""",7,7,https://dspace.mit.edu/server/api/core/bitstreams/adcee9fb-9f07-4845-9e2a-ba7761599180/content,2026-08-06
MIT-2020-051,Burcu Guner-Ataman,"Guner-Ataman, Burcu",labmate,"""current and previous members of the Boyden lab...help and support""",7,7,https://dspace.mit.edu/server/api/core/bitstreams/adcee9fb-9f07-4845-9e2a-ba7761599180/content,2026-08-06
MIT-2020-051,Erica Jung,"Jung, Erica",labmate,"""current and previous members of the Boyden lab...help and support""",7,7,https://dspace.mit.edu/server/api/core/bitstreams/adcee9fb-9f07-4845-9e2a-ba7761599180/content,2026-08-06
MIT-2020-051,Orhan Celiker,"Celiker, Orhan",labmate,"""current and previous members of the Boyden lab...help and support""",7,7,https://dspace.mit.edu/server/api/core/bitstreams/adcee9fb-9f07-4845-9e2a-ba7761599180/content,2026-08-06
MIT-2020-051,Danielle Cosio,"Cosio, Danielle",labmate,"""current and previous members of the Boyden lab...help and support""",7,7,https://dspace.mit.edu/server/api/core/bitstreams/adcee9fb-9f07-4845-9e2a-ba7761599180/content,2026-08-06
MIT-2020-051,Ingrid van Welie,"van Welie, Ingrid",labmate,"""current and previous members of the Boyden lab...help and support""",7,7,https://dspace.mit.edu/server/api/core/bitstreams/adcee9fb-9f07-4845-9e2a-ba7761599180/content,2026-08-06
MIT-2020-051,Zeguan Wang,"Wang, Zeguan",labmate,"""current and previous members of the Boyden lab...help and support""",7,7,https://dspace.mit.edu/server/api/core/bitstreams/adcee9fb-9f07-4845-9e2a-ba7761599180/content,2026-08-06
MIT-2020-051,Giovanni Talei Franzesi,"Talei Franzesi, Giovanni",labmate,"""current and previous members of the Boyden lab...help and support""",7,7,https://dspace.mit.edu/server/api/core/bitstreams/adcee9fb-9f07-4845-9e2a-ba7761599180/content,2026-08-06
MIT-2020-051,Aimei Yang,"Yang, Aimei",labmate,"""current and previous members of the Boyden lab...help and support""",7,7,https://dspace.mit.edu/server/api/core/bitstreams/adcee9fb-9f07-4845-9e2a-ba7761599180/content,2026-08-06
MIT-2020-051,Oz Wassie,"Wassie, Oz",labmate,"""current and previous members of the Boyden lab...help and support""",7,7,https://dspace.mit.edu/server/api/core/bitstreams/adcee9fb-9f07-4845-9e2a-ba7761599180/content,2026-08-06
MIT-2020-051,Panos Symvoulidis,"Symvoulidis, Panos",labmate,"""current and previous members of the Boyden lab...help and support""",7,7,https://dspace.mit.edu/server/api/core/bitstreams/adcee9fb-9f07-4845-9e2a-ba7761599180/content,2026-08-06
MIT-2020-051,Brian Allen,"Allen, Brian",labmate,"""current and previous members of the Boyden lab...help and support""",7,7,https://dspace.mit.edu/server/api/core/bitstreams/adcee9fb-9f07-4845-9e2a-ba7761599180/content,2026-08-06
MIT-2020-051,Jian-Ping Zhao,"Zhao, Jian-Ping",labmate,"""current and previous members of the Boyden lab...help and support""",7,7,https://dspace.mit.edu/server/api/core/bitstreams/adcee9fb-9f07-4845-9e2a-ba7761599180/content,2026-08-06
MIT-2020-051,Chun-Chen Yao,"Yao, Chun-Chen",labmate,"""current and previous members of the Boyden lab...help and support""",7,7,https://dspace.mit.edu/server/api/core/bitstreams/adcee9fb-9f07-4845-9e2a-ba7761599180/content,2026-08-06
MIT-2020-051,Ru Wang,"Wang, Ru",labmate,"""current and previous members of the Boyden lab...help and support""",7,7,https://dspace.mit.edu/server/api/core/bitstreams/adcee9fb-9f07-4845-9e2a-ba7761599180/content,2026-08-06
MIT-2020-051,Peilun Dai,"Dai, Peilun",labmate,"""current and previous members of the Boyden lab...help and support""",7,7,https://dspace.mit.edu/server/api/core/bitstreams/adcee9fb-9f07-4845-9e2a-ba7761599180/content,2026-08-06
MIT-2020-052,Dave,"Perreault, David J.",advisor,"""Dave, my advisor, has offered tremendous technical guidance and intellectual stimulations""",5,5,https://dspace.mit.edu/server/api/core/bitstreams/c070cc5a-0ff9-401b-84ae-cd70b190a25b/content,2026-08-06
MIT-2020-052,Professor Kassakian,Kassakian,other,"""you brought me to MIT and now watch me walking out with a bit more confidence""",5,5,https://dspace.mit.edu/server/api/core/bitstreams/c070cc5a-0ff9-401b-84ae-cd70b190a25b/content,2026-08-06
MIT-2020-052,Steven,Steven,other,"""without you, this project would not have been possible...how to manage a team""",5,5,https://dspace.mit.edu/server/api/core/bitstreams/c070cc5a-0ff9-401b-84ae-cd70b190a25b/content,2026-08-06
MIT-2020-052,Dr. Cooke,Cooke,other,"""sharing with me many knowledge on high voltage and many advices on life""",5,5,https://dspace.mit.edu/server/api/core/bitstreams/c070cc5a-0ff9-401b-84ae-cd70b190a25b/content,2026-08-06
MIT-2020-052,Haofeng,Haofeng,labmate,"""Folks on the MIT EAD team...I kinda miss the days when we were repeatedly running experiments""",5,5,https://dspace.mit.edu/server/api/core/bitstreams/c070cc5a-0ff9-401b-84ae-cd70b190a25b/content,2026-08-06
MIT-2020-052,Chris,Chris,labmate,"""without you, we would never be able to make it fly""",5,5,https://dspace.mit.edu/server/api/core/bitstreams/c070cc5a-0ff9-401b-84ae-cd70b190a25b/content,2026-08-06
MIT-2020-052,Copper,Copper,labmate,"""without you, we would never be able to make it fly""",5,5,https://dspace.mit.edu/server/api/core/bitstreams/c070cc5a-0ff9-401b-84ae-cd70b190a25b/content,2026-08-06
MIT-2020-052,Kieran,Kieran,labmate,"""without you, we would never be able to make it fly""",5,5,https://dspace.mit.edu/server/api/core/bitstreams/c070cc5a-0ff9-401b-84ae-cd70b190a25b/content,2026-08-06
MIT-2020-052,Arthur,Arthur,labmate,"""thank you for supporting me and good luck""",5,5,https://dspace.mit.edu/server/api/core/bitstreams/c070cc5a-0ff9-401b-84ae-cd70b190a25b/content,2026-08-06
MIT-2020-052,Nick,Nick,labmate,"""thank you for supporting me and good luck""",5,5,https://dspace.mit.edu/server/api/core/bitstreams/c070cc5a-0ff9-401b-84ae-cd70b190a25b/content,2026-08-06
MIT-2020-052,Nico,Nico,labmate,"""thank you for supporting me and good luck""",5,5,https://dspace.mit.edu/server/api/core/bitstreams/c070cc5a-0ff9-401b-84ae-cd70b190a25b/content,2026-08-06
MIT-2020-052,Suzanne,Suzanne,other,"""Special thanks to Suzanne, for becoming my UROP and bringing your incredible technical capabilities""",5,5,https://dspace.mit.edu/server/api/core/bitstreams/c070cc5a-0ff9-401b-84ae-cd70b190a25b/content,2026-08-06
MIT-2020-052,Jiankang,Jiankang,labmate,"""Friends in LEES...enlightening technical discussions, accompanied me through these years""",5,5,https://dspace.mit.edu/server/api/core/bitstreams/c070cc5a-0ff9-401b-84ae-cd70b190a25b/content,2026-08-06
MIT-2020-052,Juan,Juan,labmate,"""Friends in LEES...enlightening technical discussions""",5,5,https://dspace.mit.edu/server/api/core/bitstreams/c070cc5a-0ff9-401b-84ae-cd70b190a25b/content,2026-08-06
MIT-2020-052,Richard,Richard,labmate,"""Friends in LEES...enlightening technical discussions""",5,5,https://dspace.mit.edu/server/api/core/bitstreams/c070cc5a-0ff9-401b-84ae-cd70b190a25b/content,2026-08-06
MIT-2020-052,Wardah,Wardah,labmate,"""Friends in LEES...enlightening technical discussions""",5,5,https://dspace.mit.edu/server/api/core/bitstreams/c070cc5a-0ff9-401b-84ae-cd70b190a25b/content,2026-08-06
MIT-2020-052,Sam,Sam,labmate,"""Friends in LEES...enlightening technical discussions""",5,5,https://dspace.mit.edu/server/api/core/bitstreams/c070cc5a-0ff9-401b-84ae-cd70b190a25b/content,2026-08-06
MIT-2020-052,Minjie,Minjie,labmate,"""Friends in LEES...enlightening technical discussions""",5,5,https://dspace.mit.edu/server/api/core/bitstreams/c070cc5a-0ff9-401b-84ae-cd70b190a25b/content,2026-08-06
MIT-2020-052,Matt,Matt,labmate,"""Friends in LEES...enlightening technical discussions""",5,5,https://dspace.mit.edu/server/api/core/bitstreams/c070cc5a-0ff9-401b-84ae-cd70b190a25b/content,2026-08-06
MIT-2020-052,Kendall,Kendall,labmate,"""Friends in LEES...enlightening technical discussions""",5,5,https://dspace.mit.edu/server/api/core/bitstreams/c070cc5a-0ff9-401b-84ae-cd70b190a25b/content,2026-08-06
MIT-2020-052,Alex J,Alex J,labmate,"""Friends in LEES...enlightening technical discussions""",5,5,https://dspace.mit.edu/server/api/core/bitstreams/c070cc5a-0ff9-401b-84ae-cd70b190a25b/content,2026-08-06
MIT-2020-052,Alex H,Alex H,labmate,"""Friends in LEES...enlightening technical discussions""",5,5,https://dspace.mit.edu/server/api/core/bitstreams/c070cc5a-0ff9-401b-84ae-cd70b190a25b/content,2026-08-06
MIT-2020-052,Jessica,Jessica,labmate,"""Friends in LEES...enlightening technical discussions""",5,5,https://dspace.mit.edu/server/api/core/bitstreams/c070cc5a-0ff9-401b-84ae-cd70b190a25b/content,2026-08-06
MIT-2020-052,Mike R,Mike R,labmate,"""Friends in LEES...enlightening technical discussions""",5,5,https://dspace.mit.edu/server/api/core/bitstreams/c070cc5a-0ff9-401b-84ae-cd70b190a25b/content,2026-08-06
MIT-2020-052,Haoquan,Haoquan,labmate,"""Friends in LEES...enlightening technical discussions""",5,5,https://dspace.mit.edu/server/api/core/bitstreams/c070cc5a-0ff9-401b-84ae-cd70b190a25b/content,2026-08-06
MIT-2020-052,Nathan,Nathan,labmate,"""Friends in LEES...enlightening technical discussions""",5,5,https://dspace.mit.edu/server/api/core/bitstreams/c070cc5a-0ff9-401b-84ae-cd70b190a25b/content,2026-08-06
MIT-2020-052,Anas,Anas,labmate,"""Friends in LEES...enlightening technical discussions""",5,5,https://dspace.mit.edu/server/api/core/bitstreams/c070cc5a-0ff9-401b-84ae-cd70b190a25b/content,2026-08-06
MIT-2020-052,Intae,Intae,labmate,"""Friends in LEES...enlightening technical discussions""",5,5,https://dspace.mit.edu/server/api/core/bitstreams/c070cc5a-0ff9-401b-84ae-cd70b190a25b/content,2026-08-06
MIT-2020-052,Essie,Essie,labmate,"""Friends in LEES...enlightening technical discussions""",5,5,https://dspace.mit.edu/server/api/core/bitstreams/c070cc5a-0ff9-401b-84ae-cd70b190a25b/content,2026-08-06
MIT-2020-052,Lukasz,Lukasz,labmate,"""Friends in LEES...enlightening technical discussions""",5,5,https://dspace.mit.edu/server/api/core/bitstreams/c070cc5a-0ff9-401b-84ae-cd70b190a25b/content,2026-08-06
MIT-2020-052,Mike H,Mike H,labmate,"""Friends in LEES...enlightening technical discussions""",5,5,https://dspace.mit.edu/server/api/core/bitstreams/c070cc5a-0ff9-401b-84ae-cd70b190a25b/content,2026-08-06
MIT-2020-052,Colm,Colm,labmate,"""Friends in LEES...enlightening technical discussions""",5,5,https://dspace.mit.edu/server/api/core/bitstreams/c070cc5a-0ff9-401b-84ae-cd70b190a25b/content,2026-08-06
MIT-2020-052,Nelson,Nelson,labmate,"""Friends in LEES...enlightening technical discussions""",5,5,https://dspace.mit.edu/server/api/core/bitstreams/c070cc5a-0ff9-401b-84ae-cd70b190a25b/content,2026-08-06
MIT-2020-052,Manuel,Manuel,labmate,"""Friends in LEES...enlightening technical discussions""",5,5,https://dspace.mit.edu/server/api/core/bitstreams/c070cc5a-0ff9-401b-84ae-cd70b190a25b/content,2026-08-06
MIT-2020-052,Rachel,Rachel,labmate,"""Friends in LEES...enlightening technical discussions""",5,5,https://dspace.mit.edu/server/api/core/bitstreams/c070cc5a-0ff9-401b-84ae-cd70b190a25b/content,2026-08-06
MIT-2020-052,Rod,Rod,labmate,"""Friends in LEES...enlightening technical discussions""",5,5,https://dspace.mit.edu/server/api/core/bitstreams/c070cc5a-0ff9-401b-84ae-cd70b190a25b/content,2026-08-06
MIT-2020-052,Mr. Otten,Otten,other,"""Special thanks to Mr. Otten""",5,5,https://dspace.mit.edu/server/api/core/bitstreams/c070cc5a-0ff9-401b-84ae-cd70b190a25b/content,2026-08-06
MIT-2020-052,Tommy,Tommy,unclear,"named right before text cuts off after ""MIT Bose Grant. Tommy"" with no further context",5,5,https://dspace.mit.edu/server/api/core/bitstreams/c070cc5a-0ff9-401b-84ae-cd70b190a25b/content,2026-08-06
MIT-2020-053,Erik Demaine,"Demaine, Erik",advisor,"""my advisor, Erik Demaine, who I've been working with since I was an undergraduate""",4,4,https://dspace.mit.edu/server/api/core/bitstreams/6ba11f88-d727-4686-86fb-52d04017e295/content,2026-08-06
MIT-2020-053,Zach Abel,"Abel, Zach",collaborator,"""provided mentorship, advice, or guidance while I've been a student""",4,4,https://dspace.mit.edu/server/api/core/bitstreams/6ba11f88-d727-4686-86fb-52d04017e295/content,2026-08-06
MIT-2020-053,Michael Bender,"Bender, Michael",collaborator,"""provided mentorship, advice, or guidance while I've been a student""",4,4,https://dspace.mit.edu/server/api/core/bitstreams/6ba11f88-d727-4686-86fb-52d04017e295/content,2026-08-06
MIT-2020-053,Marty Demaine,"Demaine, Marty",collaborator,"""provided mentorship, advice, or guidance while I've been a student""",4,4,https://dspace.mit.edu/server/api/core/bitstreams/6ba11f88-d727-4686-86fb-52d04017e295/content,2026-08-06
MIT-2020-053,Sarah Eisenstat,"Eisenstat, Sarah",collaborator,"""provided mentorship, advice, or guidance while I've been a student""",4,4,https://dspace.mit.edu/server/api/core/bitstreams/6ba11f88-d727-4686-86fb-52d04017e295/content,2026-08-06
MIT-2020-053,Erik Klopfer,"Klopfer, Erik",collaborator,"""provided mentorship, advice, or guidance while I've been a student""",4,4,https://dspace.mit.edu/server/api/core/bitstreams/6ba11f88-d727-4686-86fb-52d04017e295/content,2026-08-06
MIT-2020-053,Matias Korman,"Korman, Matias",collaborator,"""provided mentorship, advice, or guidance while I've been a student""",4,4,https://dspace.mit.edu/server/api/core/bitstreams/6ba11f88-d727-4686-86fb-52d04017e295/content,2026-08-06
MIT-2020-053,Ara Kooser,"Kooser, Ara",collaborator,"""provided mentorship, advice, or guidance while I've been a student""",4,4,https://dspace.mit.edu/server/api/core/bitstreams/6ba11f88-d727-4686-86fb-52d04017e295/content,2026-08-06
MIT-2020-053,Jason Ku,"Ku, Jason",collaborator,"""provided mentorship, advice, or guidance while I've been a student""",4,4,https://dspace.mit.edu/server/api/core/bitstreams/6ba11f88-d727-4686-86fb-52d04017e295/content,2026-08-06
MIT-2020-053,Tao B Schardl,"Schardl, Tao B",collaborator,"""provided mentorship, advice, or guidance while I've been a student""",4,4,https://dspace.mit.edu/server/api/core/bitstreams/6ba11f88-d727-4686-86fb-52d04017e295/content,2026-08-06
MIT-2020-053,Mark Smith,"Smith, Mark",collaborator,"""provided mentorship, advice, or guidance while I've been a student""",4,4,https://dspace.mit.edu/server/api/core/bitstreams/6ba11f88-d727-4686-86fb-52d04017e295/content,2026-08-06
MIT-2020-053,Virginia Vassilevska Williams,"Vassilevska Williams, Virginia",committee,"""thesis committee: Erik Demaine, Virginia Vassilevska Williams, and Ryan Williams""",4,4,https://dspace.mit.edu/server/api/core/bitstreams/6ba11f88-d727-4686-86fb-52d04017e295/content,2026-08-06
MIT-2020-053,Joshua Ani,"Ani, Joshua",collaborator,"""has contributed significantly to the more recent work on this topic""",4,4,https://dspace.mit.edu/server/api/core/bitstreams/6ba11f88-d727-4686-86fb-52d04017e295/content,2026-08-06
MIT-2020-053,Sualeh Asif,"Asif, Sualeh",collaborator,"""coauthors and collaborators whose ideas, work, and writing is represented in this thesis""",4,4,https://dspace.mit.edu/server/api/core/bitstreams/6ba11f88-d727-4686-86fb-52d04017e295/content,2026-08-06
MIT-2020-053,Jeffrey Bosboom,"Bosboom, Jeffrey",collaborator,"""coauthors and collaborators whose ideas, work, and writing is represented in this thesis""",4,4,https://dspace.mit.edu/server/api/core/bitstreams/6ba11f88-d727-4686-86fb-52d04017e295/content,2026-08-06
MIT-2020-053,Michael Coulombe,"Coulombe, Michael",collaborator,"""coauthors and collaborators whose ideas, work, and writing is represented in this thesis""",4,4,https://dspace.mit.edu/server/api/core/bitstreams/6ba11f88-d727-4686-86fb-52d04017e295/content,2026-08-06
MIT-2020-053,Yevhenii Diomidov,"Diomidov, Yevhenii",collaborator,"""coauthors and collaborators whose ideas, work, and writing is represented in this thesis""",4,4,https://dspace.mit.edu/server/api/core/bitstreams/6ba11f88-d727-4686-86fb-52d04017e295/content,2026-08-06
MIT-2020-053,Jonathan Gabor,"Gabor, Jonathan",collaborator,"""coauthors and collaborators whose ideas, work, and writing is represented in this thesis""",4,4,https://dspace.mit.edu/server/api/core/bitstreams/6ba11f88-d727-4686-86fb-52d04017e295/content,2026-08-06
MIT-2020-053,Isaac Grosof,"Grosof, Isaac",collaborator,"""without whom the motion planning with gadgets model would never have come about""",4,4,https://dspace.mit.edu/server/api/core/bitstreams/6ba11f88-d727-4686-86fb-52d04017e295/content,2026-08-06
MIT-2020-053,Dylan Hendrickson,"Hendrickson, Dylan",collaborator,"""contributed a huge amount of work to this project...primarily composed by Dylan""",4,4,https://dspace.mit.edu/server/api/core/bitstreams/6ba11f88-d727-4686-86fb-52d04017e295/content,2026-08-06
MIT-2020-053,Ama Koranteng,"Koranteng, Ama",collaborator,"""coauthors and collaborators whose ideas, work, and writing is represented in this thesis""",4,4,https://dspace.mit.edu/server/api/core/bitstreams/6ba11f88-d727-4686-86fb-52d04017e295/content,2026-08-06
MIT-2020-053,Lorenzo Najt,"Najt, Lorenzo",collaborator,"""coauthors and collaborators whose ideas, work, and writing is represented in this thesis""",4,4,https://dspace.mit.edu/server/api/core/bitstreams/6ba11f88-d727-4686-86fb-52d04017e295/content,2026-08-06
MIT-2020-053,Mikhail Rudoy,"Rudoy, Mikhail",collaborator,"""coauthors and collaborators whose ideas, work, and writing is represented in this thesis""",4,4,https://dspace.mit.edu/server/api/core/bitstreams/6ba11f88-d727-4686-86fb-52d04017e295/content,2026-08-06
MIT-2020-053,Sarah Scheffler,"Scheffler, Sarah",collaborator,"""coauthors and collaborators whose ideas, work, and writing is represented in this thesis""",4,4,https://dspace.mit.edu/server/api/core/bitstreams/6ba11f88-d727-4686-86fb-52d04017e295/content,2026-08-06
MIT-2020-053,Adam Suhl,"Suhl, Adam",collaborator,"""coauthors and collaborators whose ideas, work, and writing is represented in this thesis""",4,4,https://dspace.mit.edu/server/api/core/bitstreams/6ba11f88-d727-4686-86fb-52d04017e295/content,2026-08-06
MIT-2020-053,Ryan Williams,"Williams, Ryan",committee,"""thesis committee: Erik Demaine, Virginia Vassilevska Williams, and Ryan Williams""",4,4,https://dspace.mit.edu/server/api/core/bitstreams/6ba11f88-d727-4686-86fb-52d04017e295/content,2026-08-06
MIT-2020-053,Anita Lynch-Gallagher,"Lynch-Gallagher, Anita",parent,"""my family, especially my parents Anita Lynch-Gallagher, Erik Gallagher, Robert Lynch, and Le Anne Lynch""",4,4,https://dspace.mit.edu/server/api/core/bitstreams/6ba11f88-d727-4686-86fb-52d04017e295/content,2026-08-06
MIT-2020-053,Erik Gallagher,"Gallagher, Erik",parent,"""my family, especially my parents Anita Lynch-Gallagher, Erik Gallagher, Robert Lynch, and Le Anne Lynch""",4,4,https://dspace.mit.edu/server/api/core/bitstreams/6ba11f88-d727-4686-86fb-52d04017e295/content,2026-08-06
MIT-2020-053,Robert Lynch,"Lynch, Robert",parent,"""my family, especially my parents Anita Lynch-Gallagher, Erik Gallagher, Robert Lynch, and Le Anne Lynch""",4,4,https://dspace.mit.edu/server/api/core/bitstreams/6ba11f88-d727-4686-86fb-52d04017e295/content,2026-08-06
MIT-2020-053,Le Anne Lynch,"Lynch, Le Anne",parent,"""my family, especially my parents Anita Lynch-Gallagher, Erik Gallagher, Robert Lynch, and Le Anne Lynch""",4,4,https://dspace.mit.edu/server/api/core/bitstreams/6ba11f88-d727-4686-86fb-52d04017e295/content,2026-08-06
MIT-2020-053,Andrea Lincoln,"Lincoln, Andrea",friend,"""great friend and collaborator throughout my time as a graduate student""",4,4,https://dspace.mit.edu/server/api/core/bitstreams/6ba11f88-d727-4686-86fb-52d04017e295/content,2026-08-06
MIT-2020-053,Krue,Krue,friend,"""thank Krue for all their friendship and support""",4,4,https://dspace.mit.edu/server/api/core/bitstreams/6ba11f88-d727-4686-86fb-52d04017e295/content,2026-08-06
MIT-2020-054,Prof. Karl K. Berggren,"Berggren, Karl K.",advisor,"""my thesis advisor, Prof. Karl K. Berggren, for supporting my research ideas""",5,5,https://dspace.mit.edu/server/api/core/bitstreams/e372d30d-17c6-4d2f-ba25-49e978c8ff54/content,2026-08-06
MIT-2020-054,Prof. Vivek K. Goyal,"Goyal, Vivek K.",committee,"""committee members...enjoyed my collaboration with Vivek over the past three years""",5,5,https://dspace.mit.edu/server/api/core/bitstreams/e372d30d-17c6-4d2f-ba25-49e978c8ff54/content,2026-08-06
MIT-2020-054,Prof. Dirk R. Englund,"Englund, Dirk R.",committee,"""feedback and questions during committee meetings always pushed me to think""",5,5,https://dspace.mit.edu/server/api/core/bitstreams/e372d30d-17c6-4d2f-ba25-49e978c8ff54/content,2026-08-06
MIT-2020-054,Prof. James LeBeau,"LeBeau, James",collaborator,"""generously lent his expertise on electron microscopy...brainstorm new research ideas""",5,5,https://dspace.mit.edu/server/api/core/bitstreams/e372d30d-17c6-4d2f-ba25-49e978c8ff54/content,2026-08-06
MIT-2020-054,Dr. Chung-Soo Kim,"Kim, Chung-Soo",collaborator,"""my first mentors in grad school...taught me a lot about the conduct and communication of research""",5,5,https://dspace.mit.edu/server/api/core/bitstreams/e372d30d-17c6-4d2f-ba25-49e978c8ff54/content,2026-08-06
MIT-2020-054,Prof. Richard Hobbs,"Hobbs, Richard",collaborator,"""my first mentors in grad school...taught me a lot about the conduct and communication of research""",5,5,https://dspace.mit.edu/server/api/core/bitstreams/e372d30d-17c6-4d2f-ba25-49e978c8ff54/content,2026-08-06
MIT-2020-054,Prof. Dirk van Dyck,"van Dyck, Dirk",collaborator,"""welcomed me to his group in Belgium as a visiting scientist in 2016""",5,5,https://dspace.mit.edu/server/api/core/bitstreams/e372d30d-17c6-4d2f-ba25-49e978c8ff54/content,2026-08-06
MIT-2020-054,John Simonaitis,"Simonaitis, John",collaborator,"""research over the last couple years has also been strengthened by collaborations with""",5,5,https://dspace.mit.edu/server/api/core/bitstreams/e372d30d-17c6-4d2f-ba25-49e978c8ff54/content,2026-08-06
MIT-2020-054,Navid Abedzadeh,"Abedzadeh, Navid",collaborator,"""research over the last couple years has also been strengthened by collaborations with""",5,5,https://dspace.mit.edu/server/api/core/bitstreams/e372d30d-17c6-4d2f-ba25-49e978c8ff54/content,2026-08-06
MIT-2020-054,Yuri van Staaden,"van Staaden, Yuri",collaborator,"""research over the last couple years has also been strengthened by collaborations with""",5,5,https://dspace.mit.edu/server/api/core/bitstreams/e372d30d-17c6-4d2f-ba25-49e978c8ff54/content,2026-08-06
MIT-2020-055,Prof. David Perreault,"Perreault, David",advisor,"""my thesis advisor, Prof. David Perreault, for his constant invaluable advice""",7,7,https://dspace.mit.edu/server/api/core/bitstreams/6c55e665-02b9-48ab-a4dd-de2542b49ee0/content,2026-08-06
MIT-2020-055,Prof. John Kassakian,"Kassakian, John",committee,"""thesis committee members...also my academic advisor over many years""",7,7,https://dspace.mit.edu/server/api/core/bitstreams/6c55e665-02b9-48ab-a4dd-de2542b49ee0/content,2026-08-06
MIT-2020-055,Prof. Jeffrey Lang,"Lang, Jeffrey",committee,"""thesis committee members...taking the time to patiently read through my thesis""",7,7,https://dspace.mit.edu/server/api/core/bitstreams/6c55e665-02b9-48ab-a4dd-de2542b49ee0/content,2026-08-06
MIT-2020-055,Prof. Juan Rivas-Davila,"Rivas-Davila, Juan",committee,"""thesis committee members...taking the time to patiently read through my thesis""",7,7,https://dspace.mit.edu/server/api/core/bitstreams/6c55e665-02b9-48ab-a4dd-de2542b49ee0/content,2026-08-06
MIT-2020-055,Dr. Ayman Bassil,"Bassil, Ayman",other,"""constant support and for accommodating too many last-minute requests""",7,7,https://dspace.mit.edu/server/api/core/bitstreams/6c55e665-02b9-48ab-a4dd-de2542b49ee0/content,2026-08-06
MIT-2020-055,Maria Estacio,"Estacio, Maria",other,"""constant support and for accommodating too many last-minute requests""",7,7,https://dspace.mit.edu/server/api/core/bitstreams/6c55e665-02b9-48ab-a4dd-de2542b49ee0/content,2026-08-06
MIT-2020-056,Prof. Ronitt Rubinfeld,"Rubinfeld, Ronitt",advisor,"my advisor, Prof. Ronitt Rubinfeld; taught me the basics of research",5,5,https://dspace.mit.edu/server/api/core/bitstreams/86b401d5-e042-4fb4-a768-f876ab433235/content,2026-08-06
MIT-2020-056,Prof. Costis Daskalakis,"Daskalakis, Costis",committee,members of my thesis committee: Prof. Costis Daskalakis,5,5,https://dspace.mit.edu/server/api/core/bitstreams/86b401d5-e042-4fb4-a768-f876ab433235/content,2026-08-06
MIT-2020-056,Prof. Ilias Diakonikolas,"Diakonikolas, Ilias",committee,thesis committee...Ilias mentored me when I was a junior Ph.D. student,5,5,https://dspace.mit.edu/server/api/core/bitstreams/86b401d5-e042-4fb4-a768-f876ab433235/content,2026-08-06
MIT-2020-056,Prof. Piotr Indyk,"Indyk, Piotr",committee,thesis committee...Piotr offers help even before one asks him,5,5,https://dspace.mit.edu/server/api/core/bitstreams/86b401d5-e042-4fb4-a768-f876ab433235/content,2026-08-06
MIT-2020-056,Amartya Shankha Biswas,"Biswas, Amartya Shankha",collaborator,past and current collaborators,5,5,https://dspace.mit.edu/server/api/core/bitstreams/86b401d5-e042-4fb4-a768-f876ab433235/content,2026-08-06
MIT-2020-056,Eric Blais,"Blais, Eric",collaborator,past and current collaborators,5,5,https://dspace.mit.edu/server/api/core/bitstreams/86b401d5-e042-4fb4-a768-f876ab433235/content,2026-08-06
MIT-2020-056,Clement Canonne,"Canonne, Clement",collaborator,past and current collaborators,5,5,https://dspace.mit.edu/server/api/core/bitstreams/86b401d5-e042-4fb4-a768-f876ab433235/content,2026-08-06
MIT-2020-056,Themistoklis Gouleakis,"Gouleakis, Themistoklis",collaborator,past and current collaborators,5,5,https://dspace.mit.edu/server/api/core/bitstreams/86b401d5-e042-4fb4-a768-f876ab433235/content,2026-08-06
MIT-2020-056,Stefanie Jegelka,"Jegelka, Stefanie",collaborator,past and current collaborators,5,5,https://dspace.mit.edu/server/api/core/bitstreams/86b401d5-e042-4fb4-a768-f876ab433235/content,2026-08-06
MIT-2020-056,Daniel Kane,"Kane, Daniel",collaborator,past and current collaborators,5,5,https://dspace.mit.edu/server/api/core/bitstreams/86b401d5-e042-4fb4-a768-f876ab433235/content,2026-08-06
MIT-2020-056,Stephen Macke,"Macke, Stephen",collaborator,past and current collaborators,5,5,https://dspace.mit.edu/server/api/core/bitstreams/86b401d5-e042-4fb4-a768-f876ab433235/content,2026-08-06
MIT-2020-056,Aditya Parameswaran,"Parameswaran, Aditya",collaborator,past and current collaborators,5,5,https://dspace.mit.edu/server/api/core/bitstreams/86b401d5-e042-4fb4-a768-f876ab433235/content,2026-08-06
MIT-2020-056,John Peebles,"Peebles, John",collaborator,past and current collaborators,5,5,https://dspace.mit.edu/server/api/core/bitstreams/86b401d5-e042-4fb4-a768-f876ab433235/content,2026-08-06
MIT-2020-056,Sajjadur Rahman,"Rahman, Sajjadur",collaborator,past and current collaborators,5,5,https://dspace.mit.edu/server/api/core/bitstreams/86b401d5-e042-4fb4-a768-f876ab433235/content,2026-08-06
MIT-2020-056,Kavya Ravichandran,"Ravichandran, Kavya",collaborator,past and current collaborators,5,5,https://dspace.mit.edu/server/api/core/bitstreams/86b401d5-e042-4fb4-a768-f876ab433235/content,2026-08-06
MIT-2020-056,Sandeep Silwal,"Silwal, Sandeep",collaborator,past and current collaborators,5,5,https://dspace.mit.edu/server/api/core/bitstreams/86b401d5-e042-4fb4-a768-f876ab433235/content,2026-08-06
MIT-2020-056,Anak Yodpinyanee,"Yodpinyanee, Anak",collaborator,past and current collaborators,5,5,https://dspace.mit.edu/server/api/core/bitstreams/86b401d5-e042-4fb4-a768-f876ab433235/content,2026-08-06
MIT-2020-056,Manolis Zampetakis,"Zampetakis, Manolis",collaborator,past and current collaborators,5,5,https://dspace.mit.edu/server/api/core/bitstreams/86b401d5-e042-4fb4-a768-f876ab433235/content,2026-08-06
MIT-2020-056,Dr. Ravi Kumar,"Kumar, Ravi",collaborator,Working with Ravi was a turning point in my Ph.D.; he was a true mentor,5,5,https://dspace.mit.edu/server/api/core/bitstreams/86b401d5-e042-4fb4-a768-f876ab433235/content,2026-08-06
MIT-2020-056,Madalina Persu,"Persu, Madalina",friend,my friends in the theory group and at MIT,5,5,https://dspace.mit.edu/server/api/core/bitstreams/86b401d5-e042-4fb4-a768-f876ab433235/content,2026-08-06
MIT-2020-056,Adam Sealfon,"Sealfon, Adam",friend,my friends in the theory group and at MIT,5,5,https://dspace.mit.edu/server/api/core/bitstreams/86b401d5-e042-4fb4-a768-f876ab433235/content,2026-08-06
MIT-2020-056,Talya Eden,"Eden, Talya",friend,my friends in the theory group and at MIT,5,5,https://dspace.mit.edu/server/api/core/bitstreams/86b401d5-e042-4fb4-a768-f876ab433235/content,2026-08-06
MIT-2020-056,Slobodan Mitrovic,"Mitrovic, Slobodan",friend,my friends in the theory group and at MIT,5,5,https://dspace.mit.edu/server/api/core/bitstreams/86b401d5-e042-4fb4-a768-f876ab433235/content,2026-08-06
MIT-2020-056,Arsen Vasilyan,"Vasilyan, Arsen",friend,my friends in the theory group and at MIT,5,5,https://dspace.mit.edu/server/api/core/bitstreams/86b401d5-e042-4fb4-a768-f876ab433235/content,2026-08-06
MIT-2020-056,Saeed Mehraban,"Mehraban, Saeed",friend,my friends in the theory group and at MIT,5,5,https://dspace.mit.edu/server/api/core/bitstreams/86b401d5-e042-4fb4-a768-f876ab433235/content,2026-08-06
MIT-2020-056,Quanquan Liu,"Liu, Quanquan",friend,my friends in the theory group and at MIT,5,5,https://dspace.mit.edu/server/api/core/bitstreams/86b401d5-e042-4fb4-a768-f876ab433235/content,2026-08-06
MIT-2020-056,William Leiserson,"Leiserson, William",friend,my friends in the theory group and at MIT,5,5,https://dspace.mit.edu/server/api/core/bitstreams/86b401d5-e042-4fb4-a768-f876ab433235/content,2026-08-06
MIT-2020-056,Govind Ramnarayan,"Ramnarayan, Govind",friend,my friends in the theory group and at MIT,5,5,https://dspace.mit.edu/server/api/core/bitstreams/86b401d5-e042-4fb4-a768-f876ab433235/content,2026-08-06
MIT-2020-056,Siddhartha Jayanti,"Jayanti, Siddhartha",friend,my friends in the theory group and at MIT,5,5,https://dspace.mit.edu/server/api/core/bitstreams/86b401d5-e042-4fb4-a768-f876ab433235/content,2026-08-06
MIT-2020-056,Prashant Vasudevan,"Vasudevan, Prashant",friend,my friends in the theory group and at MIT,5,5,https://dspace.mit.edu/server/api/core/bitstreams/86b401d5-e042-4fb4-a768-f876ab433235/content,2026-08-06
MIT-2020-056,Pritish Kamath,"Kamath, Pritish",friend,my friends in the theory group and at MIT,5,5,https://dspace.mit.edu/server/api/core/bitstreams/86b401d5-e042-4fb4-a768-f876ab433235/content,2026-08-06
MIT-2020-056,Daniel Grier,"Grier, Daniel",friend,my friends in the theory group and at MIT,5,5,https://dspace.mit.edu/server/api/core/bitstreams/86b401d5-e042-4fb4-a768-f876ab433235/content,2026-08-06
MIT-2020-056,Luke Schaeffer,"Schaeffer, Luke",friend,my friends in the theory group and at MIT,5,5,https://dspace.mit.edu/server/api/core/bitstreams/86b401d5-e042-4fb4-a768-f876ab433235/content,2026-08-06
MIT-2020-056,Aikaterini Sotiraki,"Sotiraki, Aikaterini",friend,my friends in the theory group and at MIT,5,5,https://dspace.mit.edu/server/api/core/bitstreams/86b401d5-e042-4fb4-a768-f876ab433235/content,2026-08-06
MIT-2020-056,Nicole Wein,"Wein, Nicole",friend,my friends in the theory group and at MIT,5,5,https://dspace.mit.edu/server/api/core/bitstreams/86b401d5-e042-4fb4-a768-f876ab433235/content,2026-08-06
MIT-2020-056,Alireza Fallah,"Fallah, Alireza",friend,my friends in the theory group and at MIT,5,5,https://dspace.mit.edu/server/api/core/bitstreams/86b401d5-e042-4fb4-a768-f876ab433235/content,2026-08-06
MIT-2020-056,Mehrdad Khani,"Khani, Mehrdad",friend,my friends in the theory group and at MIT,5,5,https://dspace.mit.edu/server/api/core/bitstreams/86b401d5-e042-4fb4-a768-f876ab433235/content,2026-08-06
MIT-2020-056,Amir Tohidi,"Tohidi, Amir",friend,my friends in the theory group and at MIT,5,5,https://dspace.mit.edu/server/api/core/bitstreams/86b401d5-e042-4fb4-a768-f876ab433235/content,2026-08-06
MIT-2020-056,Sajjad Mohammadi,"Mohammadi, Sajjad",friend,my friends in the theory group and at MIT,5,5,https://dspace.mit.edu/server/api/core/bitstreams/86b401d5-e042-4fb4-a768-f876ab433235/content,2026-08-06
MIT-2020-056,Farnaz Jahanbakhsh,"Jahanbakhsh, Farnaz",friend,my friends in the theory group and at MIT,5,5,https://dspace.mit.edu/server/api/core/bitstreams/86b401d5-e042-4fb4-a768-f876ab433235/content,2026-08-06
MIT-2020-056,Sepideh Mahabadi,"Mahabadi, Sepideh",friend,my friends in the theory group and at MIT,5,5,https://dspace.mit.edu/server/api/core/bitstreams/86b401d5-e042-4fb4-a768-f876ab433235/content,2026-08-06
MIT-2020-056,Ali Vakilian,"Vakilian, Ali",friend,my friends in the theory group and at MIT,5,5,https://dspace.mit.edu/server/api/core/bitstreams/86b401d5-e042-4fb4-a768-f876ab433235/content,2026-08-06
MIT-2020-056,Mohammad Bavarian,"Bavarian, Mohammad",friend,my friends in the theory group and at MIT,5,5,https://dspace.mit.edu/server/api/core/bitstreams/86b401d5-e042-4fb4-a768-f876ab433235/content,2026-08-06
MIT-2020-056,Tiziana Smith,"Smith, Tiziana",friend,my friends in the theory group and at MIT,5,5,https://dspace.mit.edu/server/api/core/bitstreams/86b401d5-e042-4fb4-a768-f876ab433235/content,2026-08-06
MIT-2020-056,Jay Sircar,"Sircar, Jay",friend,my friends in the theory group and at MIT,5,5,https://dspace.mit.edu/server/api/core/bitstreams/86b401d5-e042-4fb4-a768-f876ab433235/content,2026-08-06
MIT-2020-056,Alessio Spantini,"Spantini, Alessio",friend,my friends in the theory group and at MIT,5,5,https://dspace.mit.edu/server/api/core/bitstreams/86b401d5-e042-4fb4-a768-f876ab433235/content,2026-08-06
MIT-2020-056,Luisa Reis de Castro,"Reis de Castro, Luisa",friend,my friends in the theory group and at MIT,5,5,https://dspace.mit.edu/server/api/core/bitstreams/86b401d5-e042-4fb4-a768-f876ab433235/content,2026-08-06
MIT-2020-056,Anjuli Jain Figueroa,"Jain Figueroa, Anjuli",friend,my friends in the theory group and at MIT,5,5,https://dspace.mit.edu/server/api/core/bitstreams/86b401d5-e042-4fb4-a768-f876ab433235/content,2026-08-06
MIT-2020-056,Minoo,Minoo,parent,"my parents, Minoo and Hassan, who have raised me with love",5,5,https://dspace.mit.edu/server/api/core/bitstreams/86b401d5-e042-4fb4-a768-f876ab433235/content,2026-08-06
MIT-2020-056,Hassan,Hassan,parent,"my parents, Minoo and Hassan, who have raised me with love",5,5,https://dspace.mit.edu/server/api/core/bitstreams/86b401d5-e042-4fb4-a768-f876ab433235/content,2026-08-06
MIT-2020-056,Mina,Mina,sibling,"my little sister, Mina, for being always there for me",5,5,https://dspace.mit.edu/server/api/core/bitstreams/86b401d5-e042-4fb4-a768-f876ab433235/content,2026-08-06
MIT-2020-057,Sandy Pentland,"Pentland, Sandy",advisor,"my advisor, Sandy Pentland...the freedom Sandy gave me",5,5,https://dspace.mit.edu/server/api/core/bitstreams/d41c1754-e4c1-4a9c-aedd-9f69e9305dc3/content,2026-08-06
MIT-2020-057,Alejandro Noriega-Campero,"Noriega-Campero, Alejandro",friend,endless whiteboard sessions with my good friend Alejandro Noriega-Campero,5,5,https://dspace.mit.edu/server/api/core/bitstreams/d41c1754-e4c1-4a9c-aedd-9f69e9305dc3/content,2026-08-06
MIT-2020-057,Oren Lederman,"Lederman, Oren",labmate,my office mates over the years...for all the fun we had in E15-384B,5,5,https://dspace.mit.edu/server/api/core/bitstreams/d41c1754-e4c1-4a9c-aedd-9f69e9305dc3/content,2026-08-06
MIT-2020-057,Jordan Reedie,"Reedie, Jordan",labmate,my office mates over the years...for all the fun we had in E15-384B,5,5,https://dspace.mit.edu/server/api/core/bitstreams/d41c1754-e4c1-4a9c-aedd-9f69e9305dc3/content,2026-08-06
MIT-2020-057,Yuan Yuan,"Yuan, Yuan",labmate,my office mates over the years...for all the fun we had in E15-384B,5,5,https://dspace.mit.edu/server/api/core/bitstreams/d41c1754-e4c1-4a9c-aedd-9f69e9305dc3/content,2026-08-06
MIT-2020-057,Tara Sowrirajan,"Sowrirajan, Tara",labmate,my office mates over the years...for all the fun we had in E15-384B,5,5,https://dspace.mit.edu/server/api/core/bitstreams/d41c1754-e4c1-4a9c-aedd-9f69e9305dc3/content,2026-08-06
MIT-2020-057,Abdullah Almaatouq,"Almaatouq, Abdullah",labmate,other friends and collaborators in the group and the Media Lab,5,5,https://dspace.mit.edu/server/api/core/bitstreams/d41c1754-e4c1-4a9c-aedd-9f69e9305dc3/content,2026-08-06
MIT-2020-057,Abdulrahman Alotaibi,"Alotaibi, Abdulrahman",labmate,other friends and collaborators in the group and the Media Lab,5,5,https://dspace.mit.edu/server/api/core/bitstreams/d41c1754-e4c1-4a9c-aedd-9f69e9305dc3/content,2026-08-06
MIT-2020-057,Abhimanyu Dubey,"Dubey, Abhimanyu",labmate,other friends and collaborators in the group and the Media Lab,5,5,https://dspace.mit.edu/server/api/core/bitstreams/d41c1754-e4c1-4a9c-aedd-9f69e9305dc3/content,2026-08-06
MIT-2020-057,Agnes Cameron,"Cameron, Agnes",labmate,other friends and collaborators in the group and the Media Lab,5,5,https://dspace.mit.edu/server/api/core/bitstreams/d41c1754-e4c1-4a9c-aedd-9f69e9305dc3/content,2026-08-06
MIT-2020-057,Alex Berke,"Berke, Alex",labmate,other friends and collaborators in the group and the Media Lab,5,5,https://dspace.mit.edu/server/api/core/bitstreams/d41c1754-e4c1-4a9c-aedd-9f69e9305dc3/content,2026-08-06
MIT-2020-057,Alfredo Morales,"Morales, Alfredo",labmate,other friends and collaborators in the group and the Media Lab,5,5,https://dspace.mit.edu/server/api/core/bitstreams/d41c1754-e4c1-4a9c-aedd-9f69e9305dc3/content,2026-08-06
MIT-2020-057,Bernardo Garcia-Bulle,"Garcia-Bulle, Bernardo",labmate,other friends and collaborators in the group and the Media Lab,5,5,https://dspace.mit.edu/server/api/core/bitstreams/d41c1754-e4c1-4a9c-aedd-9f69e9305dc3/content,2026-08-06
MIT-2020-057,Bjarke Felbo,"Felbo, Bjarke",labmate,other friends and collaborators in the group and the Media Lab,5,5,https://dspace.mit.edu/server/api/core/bitstreams/d41c1754-e4c1-4a9c-aedd-9f69e9305dc3/content,2026-08-06
MIT-2020-057,Dan Calacci,"Calacci, Dan",labmate,other friends and collaborators in the group and the Media Lab,5,5,https://dspace.mit.edu/server/api/core/bitstreams/d41c1754-e4c1-4a9c-aedd-9f69e9305dc3/content,2026-08-06
MIT-2020-057,Dhaval Adjodah,"Adjodah, Dhaval",labmate,other friends and collaborators in the group and the Media Lab,5,5,https://dspace.mit.edu/server/api/core/bitstreams/d41c1754-e4c1-4a9c-aedd-9f69e9305dc3/content,2026-08-06
MIT-2020-057,Eaman Jahani,"Jahani, Eaman",labmate,other friends and collaborators in the group and the Media Lab,5,5,https://dspace.mit.edu/server/api/core/bitstreams/d41c1754-e4c1-4a9c-aedd-9f69e9305dc3/content,2026-08-06
MIT-2020-057,Eddy Awad,"Awad, Eddy",labmate,other friends and collaborators in the group and the Media Lab,5,5,https://dspace.mit.edu/server/api/core/bitstreams/d41c1754-e4c1-4a9c-aedd-9f69e9305dc3/content,2026-08-06
MIT-2020-057,Esteban Moro,"Moro, Esteban",labmate,other friends and collaborators in the group and the Media Lab,5,5,https://dspace.mit.edu/server/api/core/bitstreams/d41c1754-e4c1-4a9c-aedd-9f69e9305dc3/content,2026-08-06
MIT-2020-057,Judy Shen,"Shen, Judy",labmate,other friends and collaborators in the group and the Media Lab,5,5,https://dspace.mit.edu/server/api/core/bitstreams/d41c1754-e4c1-4a9c-aedd-9f69e9305dc3/content,2026-08-06
MIT-2020-057,Matt Groh,"Groh, Matt",labmate,other friends and collaborators in the group and the Media Lab,5,5,https://dspace.mit.edu/server/api/core/bitstreams/d41c1754-e4c1-4a9c-aedd-9f69e9305dc3/content,2026-08-06
MIT-2020-057,Peter Krafft,"Krafft, Peter",labmate,other friends and collaborators in the group and the Media Lab,5,5,https://dspace.mit.edu/server/api/core/bitstreams/d41c1754-e4c1-4a9c-aedd-9f69e9305dc3/content,2026-08-06
MIT-2020-057,Shi Kai Chong,"Chong, Shi Kai",labmate,other friends and collaborators in the group and the Media Lab,5,5,https://dspace.mit.edu/server/api/core/bitstreams/d41c1754-e4c1-4a9c-aedd-9f69e9305dc3/content,2026-08-06
MIT-2020-057,Vik Parthiban,"Parthiban, Vik",labmate,other friends and collaborators in the group and the Media Lab,5,5,https://dspace.mit.edu/server/api/core/bitstreams/d41c1754-e4c1-4a9c-aedd-9f69e9305dc3/content,2026-08-06
MIT-2020-057,Xiaowen Dong,"Dong, Xiaowen",labmate,other friends and collaborators in the group and the Media Lab,5,5,https://dspace.mit.edu/server/api/core/bitstreams/d41c1754-e4c1-4a9c-aedd-9f69e9305dc3/content,2026-08-06
MIT-2020-057,Yan Leng,"Leng, Yan",labmate,other friends and collaborators in the group and the Media Lab,5,5,https://dspace.mit.edu/server/api/core/bitstreams/d41c1754-e4c1-4a9c-aedd-9f69e9305dc3/content,2026-08-06
MIT-2020-057,Ziv Epstein,"Epstein, Ziv",labmate,other friends and collaborators in the group and the Media Lab,5,5,https://dspace.mit.edu/server/api/core/bitstreams/d41c1754-e4c1-4a9c-aedd-9f69e9305dc3/content,2026-08-06
MIT-2020-057,Stephen Buckley,"Buckley, Stephen",other,for supporting the group in so many critical ways behind the scenes,5,5,https://dspace.mit.edu/server/api/core/bitstreams/d41c1754-e4c1-4a9c-aedd-9f69e9305dc3/content,2026-08-06
MIT-2020-057,Teri Hagen,"Hagen, Teri",other,for supporting the group in so many critical ways behind the scenes,5,5,https://dspace.mit.edu/server/api/core/bitstreams/d41c1754-e4c1-4a9c-aedd-9f69e9305dc3/content,2026-08-06
MIT-2020-057,Julie Hall,"Hall, Julie",other,for supporting the group in so many critical ways behind the scenes,5,5,https://dspace.mit.edu/server/api/core/bitstreams/d41c1754-e4c1-4a9c-aedd-9f69e9305dc3/content,2026-08-06
MIT-2020-057,Kevin Hu,"Hu, Kevin",friend,Special thanks also to Kevin Hu for being a great friend and collaborator,5,5,https://dspace.mit.edu/server/api/core/bitstreams/d41c1754-e4c1-4a9c-aedd-9f69e9305dc3/content,2026-08-06
MIT-2020-058,John Guttag,"Guttag, John",advisor,"my advisor, John Guttag...extremely supportive and kind",5,5,https://dspace.mit.edu/server/api/core/bitstreams/bdca6b9a-6244-4103-8080-71faa116be1a/content,2026-08-06
MIT-2020-058,Divya Shanmugam,"Shanmugam, Divya",collaborator,particularly like to thank Divya Shanmugam...for managing to put up with me,5,5,https://dspace.mit.edu/server/api/core/bitstreams/bdca6b9a-6244-4103-8080-71faa116be1a/content,2026-08-06
MIT-2020-058,Jose Javier Gonzalez Ortiz,"Gonzalez Ortiz, Jose Javier",collaborator,and Jose Javier Gonzalez Ortiz for managing to put up with me over multiple research projects,5,5,https://dspace.mit.edu/server/api/core/bitstreams/bdca6b9a-6244-4103-8080-71faa116be1a/content,2026-08-06
MIT-2020-058,Anima,Anima,labmate,"indebted to my collaborators and labmates...for their friendship, feedback, and ideas",5,5,https://dspace.mit.edu/server/api/core/bitstreams/bdca6b9a-6244-4103-8080-71faa116be1a/content,2026-08-06
MIT-2020-058,Yun,Yun,labmate,"indebted to my collaborators and labmates...for their friendship, feedback, and ideas",5,5,https://dspace.mit.edu/server/api/core/bitstreams/bdca6b9a-6244-4103-8080-71faa116be1a/content,2026-08-06
MIT-2020-058,Guha,Guha,labmate,"indebted to my collaborators and labmates...for their friendship, feedback, and ideas",5,5,https://dspace.mit.edu/server/api/core/bitstreams/bdca6b9a-6244-4103-8080-71faa116be1a/content,2026-08-06
MIT-2020-058,Joel,Joel,labmate,"indebted to my collaborators and labmates...for their friendship, feedback, and ideas",5,5,https://dspace.mit.edu/server/api/core/bitstreams/bdca6b9a-6244-4103-8080-71faa116be1a/content,2026-08-06
MIT-2020-058,Jen,Jen,labmate,"indebted to my collaborators and labmates...for their friendship, feedback, and ideas",5,5,https://dspace.mit.edu/server/api/core/bitstreams/bdca6b9a-6244-4103-8080-71faa116be1a/content,2026-08-06
MIT-2020-058,Amy,Amy,labmate,"indebted to my collaborators and labmates...for their friendship, feedback, and ideas",5,5,https://dspace.mit.edu/server/api/core/bitstreams/bdca6b9a-6244-4103-8080-71faa116be1a/content,2026-08-06
MIT-2020-058,Maggie,Maggie,labmate,"indebted to my collaborators and labmates...for their friendship, feedback, and ideas",5,5,https://dspace.mit.edu/server/api/core/bitstreams/bdca6b9a-6244-4103-8080-71faa116be1a/content,2026-08-06
MIT-2020-058,Adrian,Adrian,labmate,"indebted to my collaborators and labmates...for their friendship, feedback, and ideas",5,5,https://dspace.mit.edu/server/api/core/bitstreams/bdca6b9a-6244-4103-8080-71faa116be1a/content,2026-08-06
MIT-2020-058,Tristan,Tristan,labmate,"indebted to my collaborators and labmates...for their friendship, feedback, and ideas",5,5,https://dspace.mit.edu/server/api/core/bitstreams/bdca6b9a-6244-4103-8080-71faa116be1a/content,2026-08-06
MIT-2020-058,Marzyeh,Marzyeh,labmate,"indebted to my collaborators and labmates...for their friendship, feedback, and ideas",5,5,https://dspace.mit.edu/server/api/core/bitstreams/bdca6b9a-6244-4103-8080-71faa116be1a/content,2026-08-06
MIT-2020-058,Tiam,Tiam,labmate,"indebted to my collaborators and labmates...for their friendship, feedback, and ideas",5,5,https://dspace.mit.edu/server/api/core/bitstreams/bdca6b9a-6244-4103-8080-71faa116be1a/content,2026-08-06
MIT-2020-058,Harini,Harini,labmate,"indebted to my collaborators and labmates...for their friendship, feedback, and ideas",5,5,https://dspace.mit.edu/server/api/core/bitstreams/bdca6b9a-6244-4103-8080-71faa116be1a/content,2026-08-06
MIT-2020-058,Katie,Katie,labmate,"indebted to my collaborators and labmates...for their friendship, feedback, and ideas",5,5,https://dspace.mit.edu/server/api/core/bitstreams/bdca6b9a-6244-4103-8080-71faa116be1a/content,2026-08-06
MIT-2020-058,Marianne,Marianne,labmate,"indebted to my collaborators and labmates...for their friendship, feedback, and ideas",5,5,https://dspace.mit.edu/server/api/core/bitstreams/bdca6b9a-6244-4103-8080-71faa116be1a/content,2026-08-06
MIT-2020-058,Emily,Emily,labmate,"indebted to my collaborators and labmates...for their friendship, feedback, and ideas",5,5,https://dspace.mit.edu/server/api/core/bitstreams/bdca6b9a-6244-4103-8080-71faa116be1a/content,2026-08-06
MIT-2020-058,Addie,Addie,labmate,"indebted to my collaborators and labmates...for their friendship, feedback, and ideas",5,5,https://dspace.mit.edu/server/api/core/bitstreams/bdca6b9a-6244-4103-8080-71faa116be1a/content,2026-08-06
MIT-2020-058,Wayne,Wayne,labmate,"indebted to my collaborators and labmates...for their friendship, feedback, and ideas",5,5,https://dspace.mit.edu/server/api/core/bitstreams/bdca6b9a-6244-4103-8080-71faa116be1a/content,2026-08-06
MIT-2020-058,Sra,Sra,labmate,"indebted to my collaborators and labmates...for their friendship, feedback, and ideas",5,5,https://dspace.mit.edu/server/api/core/bitstreams/bdca6b9a-6244-4103-8080-71faa116be1a/content,2026-08-06
MIT-2020-058,Matt,Matt,labmate,"indebted to my collaborators and labmates...for their friendship, feedback, and ideas",5,5,https://dspace.mit.edu/server/api/core/bitstreams/bdca6b9a-6244-4103-8080-71faa116be1a/content,2026-08-06
MIT-2020-058,Dina,Dina,labmate,"indebted to my collaborators and labmates...for their friendship, feedback, and ideas",5,5,https://dspace.mit.edu/server/api/core/bitstreams/bdca6b9a-6244-4103-8080-71faa116be1a/content,2026-08-06
MIT-2020-058,Maryann,Maryann,labmate,"indebted to my collaborators and labmates...for their friendship, feedback, and ideas",5,5,https://dspace.mit.edu/server/api/core/bitstreams/bdca6b9a-6244-4103-8080-71faa116be1a/content,2026-08-06
MIT-2020-058,Roshni,Roshni,labmate,"indebted to my collaborators and labmates...for their friendship, feedback, and ideas",5,5,https://dspace.mit.edu/server/api/core/bitstreams/bdca6b9a-6244-4103-8080-71faa116be1a/content,2026-08-06
MIT-2020-058,Aniruddh,Aniruddh,labmate,"indebted to my collaborators and labmates...for their friendship, feedback, and ideas",5,5,https://dspace.mit.edu/server/api/core/bitstreams/bdca6b9a-6244-4103-8080-71faa116be1a/content,2026-08-06
MIT-2020-058,Sam Madden,"Madden, Sam",committee,thank Sam Madden and Tamara Broderick for serving on my thesis committee,5,5,https://dspace.mit.edu/server/api/core/bitstreams/bdca6b9a-6244-4103-8080-71faa116be1a/content,2026-08-06
MIT-2020-058,Tamara Broderick,"Broderick, Tamara",committee,thank Sam Madden and Tamara Broderick for serving on my thesis committee,5,5,https://dspace.mit.edu/server/api/core/bitstreams/bdca6b9a-6244-4103-8080-71faa116be1a/content,2026-08-06
MIT-2020-058,John Lach,"Lach, John",other,mentors from before MIT...taking a chance on me when I was an undergrad,5,5,https://dspace.mit.edu/server/api/core/bitstreams/bdca6b9a-6244-4103-8080-71faa116be1a/content,2026-08-06
MIT-2020-058,Ben Boudaoud,"Boudaoud, Ben",other,mentors from before MIT...taking a chance on me when I was an undergrad,5,5,https://dspace.mit.edu/server/api/core/bitstreams/bdca6b9a-6244-4103-8080-71faa116be1a/content,2026-08-06
MIT-2020-058,Jeff,Jeff,other,the PocketSonics team for mentoring me throughout many years of internships,5,5,https://dspace.mit.edu/server/api/core/bitstreams/bdca6b9a-6244-4103-8080-71faa116be1a/content,2026-08-06
MIT-2020-058,Kevin,Kevin,other,the PocketSonics team for mentoring me throughout many years of internships,5,5,https://dspace.mit.edu/server/api/core/bitstreams/bdca6b9a-6244-4103-8080-71faa116be1a/content,2026-08-06
MIT-2020-058,Jermaine,Jermaine,other,the PocketSonics team for mentoring me throughout many years of internships,5,5,https://dspace.mit.edu/server/api/core/bitstreams/bdca6b9a-6244-4103-8080-71faa116be1a/content,2026-08-06
MIT-2020-058,Jim,Jim,other,the PocketSonics team for mentoring me throughout many years of internships,5,5,https://dspace.mit.edu/server/api/core/bitstreams/bdca6b9a-6244-4103-8080-71faa116be1a/content,2026-08-06
MIT-2020-058,Jake,Jake,other,the PocketSonics team for mentoring me throughout many years of internships,5,5,https://dspace.mit.edu/server/api/core/bitstreams/bdca6b9a-6244-4103-8080-71faa116be1a/content,2026-08-06
MIT-2020-058,Drake,Drake,other,the PocketSonics team for mentoring me throughout many years of internships,5,5,https://dspace.mit.edu/server/api/core/bitstreams/bdca6b9a-6244-4103-8080-71faa116be1a/content,2026-08-06
MIT-2020-059,Erik Demaine,"Demaine, Erik",advisor,"my advisor, Erik Demaine, for personal as well as academic support",5,5,https://dspace.mit.edu/server/api/core/bitstreams/ac443831-0bde-4555-8b53-6099941a22d2/content,2026-08-06
MIT-2020-059,Saman Amarasinghe,"Amarasinghe, Saman",advisor,"my previous advisor, Saman Amarasinghe, for teaching me how to do research",5,5,https://dspace.mit.edu/server/api/core/bitstreams/ac443831-0bde-4555-8b53-6099941a22d2/content,2026-08-06
MIT-2020-060,Pablo,"Jarillo-Herrero, Pablo",advisor,I thank Pablo for being an extremely supportive supervisor and a nice mentor,5,5,https://dspace.mit.edu/server/api/core/bitstreams/0f593a86-f943-4781-9051-89a3e210cf76/content,2026-08-06
MIT-2020-060,Jane,Jane,collaborator,"Thanks Jane for being extremely smart, nice, and productive...working with me",5,5,https://dspace.mit.edu/server/api/core/bitstreams/0f593a86-f943-4781-9051-89a3e210cf76/content,2026-08-06
MIT-2020-060,Javier,Javier,collaborator,Thanks Javier and Jason...first showed me how to do scientific research,5,5,https://dspace.mit.edu/server/api/core/bitstreams/0f593a86-f943-4781-9051-89a3e210cf76/content,2026-08-06
MIT-2020-060,Jason,Jason,collaborator,Thanks Javier and Jason...taught me the fabrication skills,5,5,https://dspace.mit.edu/server/api/core/bitstreams/0f593a86-f943-4781-9051-89a3e210cf76/content,2026-08-06
MIT-2020-060,Valla,Valla,collaborator,"Thanks for Valla, Dani, Oriol, and Mueed, it was so much fun working with you",5,5,https://dspace.mit.edu/server/api/core/bitstreams/0f593a86-f943-4781-9051-89a3e210cf76/content,2026-08-06
MIT-2020-060,Dani,Dani,collaborator,"Thanks for Valla, Dani, Oriol, and Mueed, it was so much fun working with you",5,5,https://dspace.mit.edu/server/api/core/bitstreams/0f593a86-f943-4781-9051-89a3e210cf76/content,2026-08-06
MIT-2020-060,Oriol,Oriol,collaborator,"Thanks for Valla, Dani, Oriol, and Mueed, it was so much fun working with you",5,5,https://dspace.mit.edu/server/api/core/bitstreams/0f593a86-f943-4781-9051-89a3e210cf76/content,2026-08-06
MIT-2020-060,Mueed,Mueed,collaborator,"Thanks for Valla, Dani, Oriol, and Mueed, it was so much fun working with you",5,5,https://dspace.mit.edu/server/api/core/bitstreams/0f593a86-f943-4781-9051-89a3e210cf76/content,2026-08-06
MIT-2020-060,Joel,Joel,labmate,Thank you Joel and David for being knowledgeable office mates,5,5,https://dspace.mit.edu/server/api/core/bitstreams/0f593a86-f943-4781-9051-89a3e210cf76/content,2026-08-06
MIT-2020-060,David,David,labmate,Thank you Joel and David for being knowledgeable office mates,5,5,https://dspace.mit.edu/server/api/core/bitstreams/0f593a86-f943-4781-9051-89a3e210cf76/content,2026-08-06
MIT-2020-060,Yafang,Yafang,friend,my closest Chinese friends in and out of the lab,5,5,https://dspace.mit.edu/server/api/core/bitstreams/0f593a86-f943-4781-9051-89a3e210cf76/content,2026-08-06
MIT-2020-060,Yaqing,Yaqing,friend,my closest Chinese friends in and out of the lab,5,5,https://dspace.mit.edu/server/api/core/bitstreams/0f593a86-f943-4781-9051-89a3e210cf76/content,2026-08-06
MIT-2020-060,Qiong,Qiong,friend,my closest Chinese friends in and out of the lab,5,5,https://dspace.mit.edu/server/api/core/bitstreams/0f593a86-f943-4781-9051-89a3e210cf76/content,2026-08-06
MIT-2020-060,Cosmi,Cosmi,friend,my closest Chinese friends in and out of the lab,5,5,https://dspace.mit.edu/server/api/core/bitstreams/0f593a86-f943-4781-9051-89a3e210cf76/content,2026-08-06
MIT-2020-060,Sanfeng,Sanfeng,friend,my closest Chinese friends in and out of the lab,5,5,https://dspace.mit.edu/server/api/core/bitstreams/0f593a86-f943-4781-9051-89a3e210cf76/content,2026-08-06
MIT-2020-060,Suyang,Suyang,friend,my closest Chinese friends in and out of the lab,5,5,https://dspace.mit.edu/server/api/core/bitstreams/0f593a86-f943-4781-9051-89a3e210cf76/content,2026-08-06
MIT-2020-060,Monica,Monica,other,must also thank Monica for her extremely hard work as an assistant,5,5,https://dspace.mit.edu/server/api/core/bitstreams/0f593a86-f943-4781-9051-89a3e210cf76/content,2026-08-06
MIT-2020-060,Leonid,Leonid,labmate,for help in the lab and/or helpful discussions,5,5,https://dspace.mit.edu/server/api/core/bitstreams/0f593a86-f943-4781-9051-89a3e210cf76/content,2026-08-06
MIT-2020-060,Liang,Liang,labmate,for help in the lab and/or helpful discussions,5,5,https://dspace.mit.edu/server/api/core/bitstreams/0f593a86-f943-4781-9051-89a3e210cf76/content,2026-08-06
MIT-2020-060,Senthil,Senthil,labmate,for help in the lab and/or helpful discussions,5,5,https://dspace.mit.edu/server/api/core/bitstreams/0f593a86-f943-4781-9051-89a3e210cf76/content,2026-08-06
MIT-2020-060,Ashvin,Ashvin,labmate,for help in the lab and/or helpful discussions,5,5,https://dspace.mit.edu/server/api/core/bitstreams/0f593a86-f943-4781-9051-89a3e210cf76/content,2026-08-06
MIT-2020-060,Kenji,Kenji,labmate,for help in the lab and/or helpful discussions,5,5,https://dspace.mit.edu/server/api/core/bitstreams/0f593a86-f943-4781-9051-89a3e210cf76/content,2026-08-06
MIT-2020-060,Denis,Denis,labmate,for help in the lab and/or helpful discussions,5,5,https://dspace.mit.edu/server/api/core/bitstreams/0f593a86-f943-4781-9051-89a3e210cf76/content,2026-08-06
MIT-2020-060,Mallika,Mallika,labmate,for help in the lab and/or helpful discussions,5,5,https://dspace.mit.edu/server/api/core/bitstreams/0f593a86-f943-4781-9051-89a3e210cf76/content,2026-08-06
MIT-2020-060,Sergio,Sergio,labmate,for help in the lab and/or helpful discussions,5,5,https://dspace.mit.edu/server/api/core/bitstreams/0f593a86-f943-4781-9051-89a3e210cf76/content,2026-08-06
MIT-2020-060,Clement,Clement,labmate,for help in the lab and/or helpful discussions,5,5,https://dspace.mit.edu/server/api/core/bitstreams/0f593a86-f943-4781-9051-89a3e210cf76/content,2026-08-06
MIT-2020-060,Isaac,Isaac,labmate,for help in the lab and/or helpful discussions,5,5,https://dspace.mit.edu/server/api/core/bitstreams/0f593a86-f943-4781-9051-89a3e210cf76/content,2026-08-06
MIT-2020-060,Xirui,Xirui,labmate,for help in the lab and/or helpful discussions,5,5,https://dspace.mit.edu/server/api/core/bitstreams/0f593a86-f943-4781-9051-89a3e210cf76/content,2026-08-06
MIT-2020-060,Noah,Noah,labmate,for help in the lab and/or helpful discussions,5,5,https://dspace.mit.edu/server/api/core/bitstreams/0f593a86-f943-4781-9051-89a3e210cf76/content,2026-08-06
MIT-2020-060,Liujun,Liujun,labmate,for help in the lab and/or helpful discussions,5,5,https://dspace.mit.edu/server/api/core/bitstreams/0f593a86-f943-4781-9051-89a3e210cf76/content,2026-08-06
MIT-2020-060,Yahui,Yahui,labmate,for help in the lab and/or helpful discussions,5,5,https://dspace.mit.edu/server/api/core/bitstreams/0f593a86-f943-4781-9051-89a3e210cf76/content,2026-08-06
MIT-2020-060,Yifan,Yifan,labmate,for help in the lab and/or helpful discussions,5,5,https://dspace.mit.edu/server/api/core/bitstreams/0f593a86-f943-4781-9051-89a3e210cf76/content,2026-08-06
MIT-2020-060,Zhiyu,Zhiyu,labmate,for help in the lab and/or helpful discussions,5,5,https://dspace.mit.edu/server/api/core/bitstreams/0f593a86-f943-4781-9051-89a3e210cf76/content,2026-08-06
MIT-2020-060,Long,Long,labmate,for help in the lab and/or helpful discussions,5,5,https://dspace.mit.edu/server/api/core/bitstreams/0f593a86-f943-4781-9051-89a3e210cf76/content,2026-08-06
MIT-2020-061,Vikash Mansinghka,"Mansinghka, Vikash",advisor,"My primary thesis advisor, Vikash Mansinghka, planted the seeds for the research",5,5,https://dspace.mit.edu/server/api/core/bitstreams/9acb1d65-2afa-44c7-92a2-2d38143c00f2/content,2026-08-06
MIT-2020-061,Josh Tenenbaum,"Tenenbaum, Josh",advisor,Several other advisors and mentors...Josh Tenenbaum has inspired me...led me into probabilistic programming,5,5,https://dspace.mit.edu/server/api/core/bitstreams/9acb1d65-2afa-44c7-92a2-2d38143c00f2/content,2026-08-06
MIT-2020-061,Martin Rinard,"Rinard, Martin",committee,grateful to Martin Rinard and Michael Carbin for being on my thesis committee,5,5,https://dspace.mit.edu/server/api/core/bitstreams/9acb1d65-2afa-44c7-92a2-2d38143c00f2/content,2026-08-06
MIT-2020-061,Michael Carbin,"Carbin, Michael",committee,grateful to Martin Rinard and Michael Carbin for being on my thesis committee,5,5,https://dspace.mit.edu/server/api/core/bitstreams/9acb1d65-2afa-44c7-92a2-2d38143c00f2/content,2026-08-06
MIT-2020-061,Martin Vechev,"Vechev, Martin",collaborator,gave helpful mentorship and advice during our collaboration,5,5,https://dspace.mit.edu/server/api/core/bitstreams/9acb1d65-2afa-44c7-92a2-2d38143c00f2/content,2026-08-06
MIT-2020-061,Sam Gershman,"Gershman, Sam",other,thank Sam Gershman for his advice and mentorship and support as I started my graduate career,5,5,https://dspace.mit.edu/server/api/core/bitstreams/9acb1d65-2afa-44c7-92a2-2d38143c00f2/content,2026-08-06
MIT-2020-061,Sivan Bercovici,"Bercovici, Sivan",other,Sivan Bercovici for supporting my transition back into graduate school,5,5,https://dspace.mit.edu/server/api/core/bitstreams/9acb1d65-2afa-44c7-92a2-2d38143c00f2/content,2026-08-06
MIT-2020-061,Pieter Abbeel,"Abbeel, Pieter",other,Pieter Abbeel for providing my first exposure to computer science research,5,5,https://dspace.mit.edu/server/api/core/bitstreams/9acb1d65-2afa-44c7-92a2-2d38143c00f2/content,2026-08-06
MIT-2020-061,Feras Saad,"Saad, Feras",friend,Feras has been a good friend and ally during the ups and downs,5,5,https://dspace.mit.edu/server/api/core/bitstreams/9acb1d65-2afa-44c7-92a2-2d38143c00f2/content,2026-08-06
MIT-2020-061,Alex Lew,"Lew, Alex",friend,Alex has been a constant source of encouragement...late night white board discussions,5,5,https://dspace.mit.edu/server/api/core/bitstreams/9acb1d65-2afa-44c7-92a2-2d38143c00f2/content,2026-08-06
MIT-2020-061,Ulrich Schaechtle,"Schaechtle, Ulrich",collaborator,Ulrich Schaechtle and Feras Saad devised the algorithm used in the Gaussian process application,5,5,https://dspace.mit.edu/server/api/core/bitstreams/9acb1d65-2afa-44c7-92a2-2d38143c00f2/content,2026-08-06
MIT-2020-061,Alexey Radul,"Radul, Alexey",collaborator,"current and former affiliates of the MIT Probabilistic Computing Project, including Alexey Radul",5,5,https://dspace.mit.edu/server/api/core/bitstreams/9acb1d65-2afa-44c7-92a2-2d38143c00f2/content,2026-08-06
MIT-2020-061,Anthony Lu,"Lu, Anthony",collaborator,current and former affiliates of the MIT Probabilistic Computing Project...and Anthony Lu,5,5,https://dspace.mit.edu/server/api/core/bitstreams/9acb1d65-2afa-44c7-92a2-2d38143c00f2/content,2026-08-06
MIT-2020-061,Amanda Brower,"Brower, Amanda",other,"with support from Amanda Brower, Rachel Paiste, and many others",5,5,https://dspace.mit.edu/server/api/core/bitstreams/9acb1d65-2afa-44c7-92a2-2d38143c00f2/content,2026-08-06
MIT-2020-061,Rachel Paiste,"Paiste, Rachel",other,"with support from Amanda Brower, Rachel Paiste, and many others",5,5,https://dspace.mit.edu/server/api/core/bitstreams/9acb1d65-2afa-44c7-92a2-2d38143c00f2/content,2026-08-06
MIT-2020-061,Ben Zinberg,"Zinberg, Ben",collaborator,"Ben Zinberg, Austin Garrett, and Javier Felip Leon contributed to the scene graph inference application",5,5,https://dspace.mit.edu/server/api/core/bitstreams/9acb1d65-2afa-44c7-92a2-2d38143c00f2/content,2026-08-06
MIT-2020-061,Austin Garrett,"Garrett, Austin",collaborator,"Ben Zinberg, Austin Garrett, and Javier Felip Leon contributed to the scene graph inference application",5,5,https://dspace.mit.edu/server/api/core/bitstreams/9acb1d65-2afa-44c7-92a2-2d38143c00f2/content,2026-08-06
MIT-2020-061,Javier Felip Leon,"Felip Leon, Javier",collaborator,"Ben Zinberg, Austin Garrett, and Javier Felip Leon contributed to the scene graph inference application",5,5,https://dspace.mit.edu/server/api/core/bitstreams/9acb1d65-2afa-44c7-92a2-2d38143c00f2/content,2026-08-06
MIT-2020-061,Tan Zhi-Xuan,"Zhi-Xuan, Tan",collaborator,"many people including...Tan Zhi-Xuan, George Matheos, and Sam Witty have helped to improve it",5,5,https://dspace.mit.edu/server/api/core/bitstreams/9acb1d65-2afa-44c7-92a2-2d38143c00f2/content,2026-08-06
MIT-2020-061,George Matheos,"Matheos, George",collaborator,"many people including...George Matheos, and Sam Witty have helped to improve it",5,5,https://dspace.mit.edu/server/api/core/bitstreams/9acb1d65-2afa-44c7-92a2-2d38143c00f2/content,2026-08-06
MIT-2020-061,Sam Witty,"Witty, Sam",collaborator,many people including...and Sam Witty have helped to improve it,5,5,https://dspace.mit.edu/server/api/core/bitstreams/9acb1d65-2afa-44c7-92a2-2d38143c00f2/content,2026-08-06
MIT-2020-061,Maria Cusumano,"Cusumano, Maria",parent,the support of my parents Maria Cusumano and Mark Towner,5,5,https://dspace.mit.edu/server/api/core/bitstreams/9acb1d65-2afa-44c7-92a2-2d38143c00f2/content,2026-08-06
MIT-2020-061,Mark Towner,"Towner, Mark",parent,the support of my parents Maria Cusumano and Mark Towner,5,5,https://dspace.mit.edu/server/api/core/bitstreams/9acb1d65-2afa-44c7-92a2-2d38143c00f2/content,2026-08-06
MIT-2020-061,Lisa Bashkirova,"Bashkirova, Lisa",unclear,"would not have embarked on this PhD journey without Lisa Bashkirova, a constant source of good advice; relationship type not stated",5,5,https://dspace.mit.edu/server/api/core/bitstreams/9acb1d65-2afa-44c7-92a2-2d38143c00f2/content,2026-08-06
MIT-2020-062,Jim Glass,"Glass, Jim",advisor,"my advisor, Jim Glass, for all of his encouragement",5,5,https://dspace.mit.edu/server/api/core/bitstreams/0e23afbd-afe4-46c4-9872-283814ae4e8f/content,2026-08-06
MIT-2020-062,Wade Shen,"Shen, Wade",other,"Human Language Technology Group and the Lincoln Scholars Program, especially...",5,5,https://dspace.mit.edu/server/api/core/bitstreams/0e23afbd-afe4-46c4-9872-283814ae4e8f/content,2026-08-06
MIT-2020-062,Joe Campbell,"Campbell, Joe",other,"Human Language Technology Group and the Lincoln Scholars Program, especially...",5,5,https://dspace.mit.edu/server/api/core/bitstreams/0e23afbd-afe4-46c4-9872-283814ae4e8f/content,2026-08-06
MIT-2020-062,Doug Reynolds,"Reynolds, Doug",other,"Human Language Technology Group and the Lincoln Scholars Program, especially...",5,5,https://dspace.mit.edu/server/api/core/bitstreams/0e23afbd-afe4-46c4-9872-283814ae4e8f/content,2026-08-06
MIT-2020-062,Cliff Weinstein,"Weinstein, Cliff",other,"Human Language Technology Group and the Lincoln Scholars Program, especially...",5,5,https://dspace.mit.edu/server/api/core/bitstreams/0e23afbd-afe4-46c4-9872-283814ae4e8f/content,2026-08-06
MIT-2020-062,Ken Estabrook,"Estabrook, Ken",other,"Human Language Technology Group and the Lincoln Scholars Program, especially...",5,5,https://dspace.mit.edu/server/api/core/bitstreams/0e23afbd-afe4-46c4-9872-283814ae4e8f/content,2026-08-06
MIT-2020-062,Stephen,Stephen,partner,"my husband, Stephen, for everything",5,5,https://dspace.mit.edu/server/api/core/bitstreams/0e23afbd-afe4-46c4-9872-283814ae4e8f/content,2026-08-06
MIT-2020-063,Jim Glass,"Glass, Jim",advisor,"my advisor, Jim Glass, for all of his encouragement",5,5,https://dspace.mit.edu/server/api/core/bitstreams/0e23afbd-afe4-46c4-9872-283814ae4e8f/content,2026-08-06
MIT-2020-063,Wade Shen,"Shen, Wade",other,"Human Language Technology Group and the Lincoln Scholars Program, especially...",5,5,https://dspace.mit.edu/server/api/core/bitstreams/0e23afbd-afe4-46c4-9872-283814ae4e8f/content,2026-08-06
MIT-2020-063,Joe Campbell,"Campbell, Joe",other,"Human Language Technology Group and the Lincoln Scholars Program, especially...",5,5,https://dspace.mit.edu/server/api/core/bitstreams/0e23afbd-afe4-46c4-9872-283814ae4e8f/content,2026-08-06
MIT-2020-063,Doug Reynolds,"Reynolds, Doug",other,"Human Language Technology Group and the Lincoln Scholars Program, especially...",5,5,https://dspace.mit.edu/server/api/core/bitstreams/0e23afbd-afe4-46c4-9872-283814ae4e8f/content,2026-08-06
MIT-2020-063,Cliff Weinstein,"Weinstein, Cliff",other,"Human Language Technology Group and the Lincoln Scholars Program, especially...",5,5,https://dspace.mit.edu/server/api/core/bitstreams/0e23afbd-afe4-46c4-9872-283814ae4e8f/content,2026-08-06
MIT-2020-063,Ken Estabrook,"Estabrook, Ken",other,"Human Language Technology Group and the Lincoln Scholars Program, especially...",5,5,https://dspace.mit.edu/server/api/core/bitstreams/0e23afbd-afe4-46c4-9872-283814ae4e8f/content,2026-08-06
MIT-2020-063,Stephen,Stephen,partner,"my husband, Stephen, for everything",5,5,https://dspace.mit.edu/server/api/core/bitstreams/0e23afbd-afe4-46c4-9872-283814ae4e8f/content,2026-08-06
MIT-2020-064,Professor Luqiao Liu,"Liu, Luqiao",advisor,thesis committee and research mentors: Professor Luqiao Liu (matches catalog advisor),4,4,https://dspace.mit.edu/server/api/core/bitstreams/efab117e-0d95-4318-9683-a3ac3ccabfc7/content,2026-08-06
MIT-2020-064,Professor Marc Baldo,"Baldo, Marc",advisor,thesis committee and research mentors: Professor Marc Baldo (matches catalog advisor),4,4,https://dspace.mit.edu/server/api/core/bitstreams/efab117e-0d95-4318-9683-a3ac3ccabfc7/content,2026-08-06
MIT-2020-064,Professor Caroline Ross,"Ross, Caroline",committee,thesis committee and research mentors: ...Professor Caroline Ross,4,4,https://dspace.mit.edu/server/api/core/bitstreams/efab117e-0d95-4318-9683-a3ac3ccabfc7/content,2026-08-06
MIT-2020-065,Gerald Jay Sussman,"Sussman, Gerald Jay",advisor,"indebted to my advisor, Gerald Jay Sussman, who taught me how to think slowly and clearly",5,5,https://dspace.mit.edu/server/api/core/bitstreams/b5f69484-b24f-4f5b-9448-d91d612eb7ff/content,2026-08-06
MIT-2020-065,Lalana Kagal,"Kagal, Lalana",advisor,the co-advisor of this thesis...Lalana provided the strategic ideas,5,5,https://dspace.mit.edu/server/api/core/bitstreams/b5f69484-b24f-4f5b-9448-d91d612eb7ff/content,2026-08-06
MIT-2020-065,Patrick H. Winston,"Winston, Patrick H.",other,taught me how to effectively communicate ideas...provided me with...the Genesis group,5,5,https://dspace.mit.edu/server/api/core/bitstreams/b5f69484-b24f-4f5b-9448-d91d612eb7ff/content,2026-08-06
MIT-2020-065,Jacob Andreas,"Andreas, Jacob",committee,were my dissertation committee members...supported an idea composed of many parts,5,5,https://dspace.mit.edu/server/api/core/bitstreams/b5f69484-b24f-4f5b-9448-d91d612eb7ff/content,2026-08-06
MIT-2020-065,Julie Shah,"Shah, Julie",committee,were my dissertation committee members,5,5,https://dspace.mit.edu/server/api/core/bitstreams/b5f69484-b24f-4f5b-9448-d91d612eb7ff/content,2026-08-06
MIT-2020-065,Howard Shrobe,"Shrobe, Howard",committee,were my dissertation committee members,5,5,https://dspace.mit.edu/server/api/core/bitstreams/b5f69484-b24f-4f5b-9448-d91d612eb7ff/content,2026-08-06
MIT-2020-065,Juan (Julia) Liu,"Liu, Juan (Julia)",other,"at PARC, where I learned from Juan (Julia) Liu, Johan de Kleer, and others",5,5,https://dspace.mit.edu/server/api/core/bitstreams/b5f69484-b24f-4f5b-9448-d91d612eb7ff/content,2026-08-06
MIT-2020-065,Johan de Kleer,"de Kleer, Johan",other,"at PARC, where I learned from...Johan de Kleer, and others",5,5,https://dspace.mit.edu/server/api/core/bitstreams/b5f69484-b24f-4f5b-9448-d91d612eb7ff/content,2026-08-06
MIT-2020-065,Karianne Bergen,"Bergen, Karianne",friend,from the Stanford ICME 2011 cohort are lifelong colleagues and friends,5,5,https://dspace.mit.edu/server/api/core/bitstreams/b5f69484-b24f-4f5b-9448-d91d612eb7ff/content,2026-08-06
MIT-2020-065,Qian Yang,"Yang, Qian",friend,from the Stanford ICME 2011 cohort are lifelong colleagues and friends,5,5,https://dspace.mit.edu/server/api/core/bitstreams/b5f69484-b24f-4f5b-9448-d91d612eb7ff/content,2026-08-06
MIT-2020-065,Julius Adebayo,"Adebayo, Julius",collaborator,worked closely with collaborators in IPRI...read and edited early versions of this thesis,5,5,https://dspace.mit.edu/server/api/core/bitstreams/b5f69484-b24f-4f5b-9448-d91d612eb7ff/content,2026-08-06
MIT-2020-065,Sam DeLaughter,"DeLaughter, Sam",collaborator,worked closely with collaborators in IPRI...read and edited early versions of this thesis,5,5,https://dspace.mit.edu/server/api/core/bitstreams/b5f69484-b24f-4f5b-9448-d91d612eb7ff/content,2026-08-06
MIT-2020-065,Natalie Lao,"Lao, Natalie",collaborator,worked closely with collaborators in IPRI...read and edited early versions of this thesis,5,5,https://dspace.mit.edu/server/api/core/bitstreams/b5f69484-b24f-4f5b-9448-d91d612eb7ff/content,2026-08-06
MIT-2020-065,Mike Specter,"Specter, Mike",collaborator,worked closely with collaborators in IPRI...read and edited early versions of this thesis,5,5,https://dspace.mit.edu/server/api/core/bitstreams/b5f69484-b24f-4f5b-9448-d91d612eb7ff/content,2026-08-06
MIT-2020-065,Jessica Van Brummelen,"Van Brummelen, Jessica",collaborator,worked closely with collaborators in IPRI...read and edited early versions of this thesis,5,5,https://dspace.mit.edu/server/api/core/bitstreams/b5f69484-b24f-4f5b-9448-d91d612eb7ff/content,2026-08-06
MIT-2020-065,Ben Z. Yuan,"Yuan, Ben Z.",other,"Ben Z. Yuan encouraged me to ""make almost anything""",5,5,https://dspace.mit.edu/server/api/core/bitstreams/b5f69484-b24f-4f5b-9448-d91d612eb7ff/content,2026-08-06
MIT-2020-065,Cecilia Testart,"Testart, Cecilia",labmate,"Cecilia Testart was my office mate, coau[thor] (text truncated)",5,5,https://dspace.mit.edu/server/api/core/bitstreams/b5f69484-b24f-4f5b-9448-d91d612eb7ff/content,2026-08-06
MIT-2020-066,Tommi,"Jaakkola, Tommi",advisor,"Tommi, I grew as a researcher every time you pushed me for something better",5,5,https://dspace.mit.edu/server/api/core/bitstreams/3526b24f-ba95-48d7-8efd-ba54d45c63d2/content,2026-08-06
MIT-2020-066,Stefanie Jegelka,"Jegelka, Stefanie",committee,"thesis committee members, Stefanie Jegelka and Costis Daskalakis",5,5,https://dspace.mit.edu/server/api/core/bitstreams/3526b24f-ba95-48d7-8efd-ba54d45c63d2/content,2026-08-06
MIT-2020-066,Costis Daskalakis,"Daskalakis, Costis",committee,"thesis committee members, Stefanie Jegelka and Costis Daskalakis",5,5,https://dspace.mit.edu/server/api/core/bitstreams/3526b24f-ba95-48d7-8efd-ba54d45c63d2/content,2026-08-06
MIT-2020-066,Dina Katabi,"Katabi, Dina",advisor,Dina's exceptionally kind mentoring as my academic advisor,5,5,https://dspace.mit.edu/server/api/core/bitstreams/3526b24f-ba95-48d7-8efd-ba54d45c63d2/content,2026-08-06
MIT-2020-066,Regiza Barzilay,"Barzilay, Regiza",other,looked up to Dina Katabi and Regiza Barzilay for their incredible passion to change the world,5,5,https://dspace.mit.edu/server/api/core/bitstreams/3526b24f-ba95-48d7-8efd-ba54d45c63d2/content,2026-08-06
MIT-2020-066,Guy Bresler,"Bresler, Guy",other,"enjoyed my time serving as Guy Bresler's TA, and interacting with him",5,5,https://dspace.mit.edu/server/api/core/bitstreams/3526b24f-ba95-48d7-8efd-ba54d45c63d2/content,2026-08-06
MIT-2020-066,Saman Amarasinghe,"Amarasinghe, Saman",other,owe gratitude to...Saman (Amarasinghe)...for sharing their wisdom about the academic life,5,5,https://dspace.mit.edu/server/api/core/bitstreams/3526b24f-ba95-48d7-8efd-ba54d45c63d2/content,2026-08-06
MIT-2020-066,Piotr Indyk,"Indyk, Piotr",other,owe gratitude to...Piotr (Indyk)...for sharing their wisdom about the academic life,5,5,https://dspace.mit.edu/server/api/core/bitstreams/3526b24f-ba95-48d7-8efd-ba54d45c63d2/content,2026-08-06
MIT-2020-066,Frédo Durand,"Durand, Frédo",other,owe gratitude to...Frédo (Durand)...for sharing their wisdom about the academic life,5,5,https://dspace.mit.edu/server/api/core/bitstreams/3526b24f-ba95-48d7-8efd-ba54d45c63d2/content,2026-08-06
MIT-2020-066,Leslie Kaelbling,"Kaelbling, Leslie",other,owe gratitude to...Leslie (Kaelbling) for sharing their wisdom about the academic life,5,5,https://dspace.mit.edu/server/api/core/bitstreams/3526b24f-ba95-48d7-8efd-ba54d45c63d2/content,2026-08-06
MIT-2020-066,David Karger,"Karger, David",other,David Karger's insights during his fabulous lectures on Randomized Algorithms,5,5,https://dspace.mit.edu/server/api/core/bitstreams/3526b24f-ba95-48d7-8efd-ba54d45c63d2/content,2026-08-06
MIT-2020-066,David Sontag,"Sontag, David",other,hallway conversations with David Sontag...were both fun and informative,5,5,https://dspace.mit.edu/server/api/core/bitstreams/3526b24f-ba95-48d7-8efd-ba54d45c63d2/content,2026-08-06
MIT-2020-066,Suvrit Sra,"Sra, Suvrit",other,hallway conversations with...Suvrit Sra...were both fun and informative,5,5,https://dspace.mit.edu/server/api/core/bitstreams/3526b24f-ba95-48d7-8efd-ba54d45c63d2/content,2026-08-06
MIT-2020-066,Leslie Kolodziejski,"Kolodziejski, Leslie",other,hallway conversations with...Leslie Kolodziejski...were both fun and informative,5,5,https://dspace.mit.edu/server/api/core/bitstreams/3526b24f-ba95-48d7-8efd-ba54d45c63d2/content,2026-08-06
MIT-2020-066,Tamara Broderick,"Broderick, Tamara",other,hallway conversations with...Tamara Broderick were both fun and informative,5,5,https://dspace.mit.edu/server/api/core/bitstreams/3526b24f-ba95-48d7-8efd-ba54d45c63d2/content,2026-08-06
MIT-2020-066,Cynthia Rudin,"Rudin, Cynthia",advisor,Cynthia Rudin co-advised me before her move to Duke,5,5,https://dspace.mit.edu/server/api/core/bitstreams/3526b24f-ba95-48d7-8efd-ba54d45c63d2/content,2026-08-06
MIT-2020-067,Charles E. Leiserson,"Leiserson, Charles E.",advisor,I thank my advisor Charles E. Leiserson.,5,5,https://dspace.mit.edu/server/api/core/bitstreams/6f115966-8891-4319-bf31-bd67e4a72de5/content,2026-08-06
MIT-2020-067,Tao B. Schardl,"Schardl, Tao B.",committee,for their service on my thesis committee,5,5,https://dspace.mit.edu/server/api/core/bitstreams/6f115966-8891-4319-bf31-bd67e4a72de5/content,2026-08-06
MIT-2020-067,Julian Shun,"Shun, Julian",committee,for their service on my thesis committee,5,5,https://dspace.mit.edu/server/api/core/bitstreams/6f115966-8891-4319-bf31-bd67e4a72de5/content,2026-08-06
MIT-2020-067,I-Ting Angelina Lee,"Lee, I-Ting Angelina",committee,for their service on my thesis committee,5,5,https://dspace.mit.edu/server/api/core/bitstreams/6f115966-8891-4319-bf31-bd67e4a72de5/content,2026-08-06
MIT-2020-067,Nir Shavit,"Shavit, Nir",collaborator,deserves thanks for his support...and contributions to the Connectomics and Alignment papers,5,5,https://dspace.mit.edu/server/api/core/bitstreams/6f115966-8891-4319-bf31-bd67e4a72de5/content,2026-08-06
MIT-2020-067,Alex Matveev,"Matveev, Alex",collaborator,members of the connectomics project...many fruitful and enriching discussions,5,5,https://dspace.mit.edu/server/api/core/bitstreams/6f115966-8891-4319-bf31-bd67e4a72de5/content,2026-08-06
MIT-2020-067,Yaron Meirovitch,"Meirovitch, Yaron",collaborator,members of the connectomics project...many fruitful and enriching discussions,5,5,https://dspace.mit.edu/server/api/core/bitstreams/6f115966-8891-4319-bf31-bd67e4a72de5/content,2026-08-06
MIT-2020-067,Daniel Berger,"Berger, Daniel",collaborator,my collaborators at Harvard including Daniel Berger...,5,5,https://dspace.mit.edu/server/api/core/bitstreams/6f115966-8891-4319-bf31-bd67e4a72de5/content,2026-08-06
MIT-2020-067,Adi (Suissa) Peleg,"Peleg, Adi (Suissa)",collaborator,my collaborators at Harvard including...Adi (Suissa) Peleg,5,5,https://dspace.mit.edu/server/api/core/bitstreams/6f115966-8891-4319-bf31-bd67e4a72de5/content,2026-08-06
MIT-2020-067,Thouis R. Jones,"Jones, Thouis R.",collaborator,my collaborators at Harvard including...Thouis R. Jones,5,5,https://dspace.mit.edu/server/api/core/bitstreams/6f115966-8891-4319-bf31-bd67e4a72de5/content,2026-08-06
MIT-2020-067,Hanspeter Pfister,"Pfister, Hanspeter",collaborator,my collaborators at Harvard including...Hanspeter Pfister,5,5,https://dspace.mit.edu/server/api/core/bitstreams/6f115966-8891-4319-bf31-bd67e4a72de5/content,2026-08-06
MIT-2020-067,Jeff Lichtman,"Lichtman, Jeff",collaborator,my collaborators at Harvard including...Jeff Lichtman,5,5,https://dspace.mit.edu/server/api/core/bitstreams/6f115966-8891-4319-bf31-bd67e4a72de5/content,2026-08-06
MIT-2020-067,Yuxiong He,"He, Yuxiong",collaborator,provided valuable mentorship during my time at Microsoft Research and contributed to the Reissue paper,5,5,https://dspace.mit.edu/server/api/core/bitstreams/6f115966-8891-4319-bf31-bd67e4a72de5/content,2026-08-06
MIT-2020-067,Sameh Elnikety,"Elnikety, Sameh",collaborator,provided valuable mentorship during my time at Microsoft Research and contributed to the Reissue paper,5,5,https://dspace.mit.edu/server/api/core/bitstreams/6f115966-8891-4319-bf31-bd67e4a72de5/content,2026-08-06
MIT-2020-067,Jie Chen,"Chen, Jie",collaborator,"my collaborators at IBM, especially Jie Chen...for hosting me during multiple visits",5,5,https://dspace.mit.edu/server/api/core/bitstreams/6f115966-8891-4319-bf31-bd67e4a72de5/content,2026-08-06
MIT-2020-067,Georgios Kollias,"Kollias, Georgios",collaborator,"my collaborators at IBM, especially...Georgios Kollias",5,5,https://dspace.mit.edu/server/api/core/bitstreams/6f115966-8891-4319-bf31-bd67e4a72de5/content,2026-08-06
MIT-2020-067,Mark Weber,"Weber, Mark",collaborator,"my collaborators at IBM, especially...Mark Weber",5,5,https://dspace.mit.edu/server/api/core/bitstreams/6f115966-8891-4319-bf31-bd67e4a72de5/content,2026-08-06
MIT-2020-067,William Kuszmaul,"Kuszmaul, William",collaborator,for his unique theoretical insights into approximation algorithms in the Cilkmem paper,5,5,https://dspace.mit.edu/server/api/core/bitstreams/6f115966-8891-4319-bf31-bd67e4a72de5/content,2026-08-06
MIT-2020-067,Daniele Vettorel,"Vettorel, Daniele",collaborator,"for his contributions to the Cilkmem paper, and for his advice and guidance",5,5,https://dspace.mit.edu/server/api/core/bitstreams/6f115966-8891-4319-bf31-bd67e4a72de5/content,2026-08-06
MIT-2020-067,William Hasenplaugh,"Hasenplaugh, William",collaborator,for his contributions to the Chromatic and Color papers,5,5,https://dspace.mit.edu/server/api/core/bitstreams/6f115966-8891-4319-bf31-bd67e4a72de5/content,2026-08-06
MIT-2020-067,Brian Wheatman,"Wheatman, Brian",collaborator,for their dedication and persistence as undergraduate researchers and M.Eng students,5,5,https://dspace.mit.edu/server/api/core/bitstreams/6f115966-8891-4319-bf31-bd67e4a72de5/content,2026-08-06
MIT-2020-067,Sarah Wooders,"Wooders, Sarah",collaborator,for their dedication and persistence as undergraduate researchers and M.Eng students,5,5,https://dspace.mit.edu/server/api/core/bitstreams/6f115966-8891-4319-bf31-bd67e4a72de5/content,2026-08-06
MIT-2020-067,Erik Demaine,"Demaine, Erik",collaborator,for their theoretical insights and contributions to the Retroactive paper,5,5,https://dspace.mit.edu/server/api/core/bitstreams/6f115966-8891-4319-bf31-bd67e4a72de5/content,2026-08-06
MIT-2020-067,Quanquan Liu,"Liu, Quanquan",collaborator,for their theoretical insights and contributions to the Retroactive paper,5,5,https://dspace.mit.edu/server/api/core/bitstreams/6f115966-8891-4319-bf31-bd67e4a72de5/content,2026-08-06
MIT-2020-067,Adam Yedidia,"Yedidia, Adam",collaborator,for their theoretical insights and contributions to the Retroactive paper,5,5,https://dspace.mit.edu/server/api/core/bitstreams/6f115966-8891-4319-bf31-bd67e4a72de5/content,2026-08-06
MIT-2020-067,Aaron Sidford,"Sidford, Aaron",collaborator,for their theoretical insights and contributions to the Retroactive paper,5,5,https://dspace.mit.edu/server/api/core/bitstreams/6f115966-8891-4319-bf31-bd67e4a72de5/content,2026-08-06
MIT-2020-067,Adam Belay,"Belay, Adam",other,"served on my RQE commmittee (qualifying exam committee, not thesis committee)",5,5,https://dspace.mit.edu/server/api/core/bitstreams/6f115966-8891-4319-bf31-bd67e4a72de5/content,2026-08-06
MIT-2020-068,Prof. Marija Ilic,"Ilic, Marija",advisor,deeply indebted to my advisor Prof. Marija Ilic,5,5,https://dspace.mit.edu/server/api/core/bitstreams/8ebaf811-6e84-4c3c-9b6d-0973a57bffdb/content,2026-08-06
MIT-2020-068,Prof. James Kirtley,"Kirtley, James",committee,fortunate to have Prof. James Kirtley...on my thesis committee,5,5,https://dspace.mit.edu/server/api/core/bitstreams/8ebaf811-6e84-4c3c-9b6d-0973a57bffdb/content,2026-08-06
MIT-2020-068,Prof. Perreault,Perreault,committee,fortunate to have...Prof. Perreault...on my thesis committee,5,5,https://dspace.mit.edu/server/api/core/bitstreams/8ebaf811-6e84-4c3c-9b6d-0973a57bffdb/content,2026-08-06
MIT-2020-068,Prof. Dahleh,Dahleh,committee,fortunate to have...Prof. Dahleh on my thesis committee,5,5,https://dspace.mit.edu/server/api/core/bitstreams/8ebaf811-6e84-4c3c-9b6d-0973a57bffdb/content,2026-08-06
MIT-2020-068,Dr. Sonja Glavaski,"Glavaski, Sonja",collaborator,collaborators from Pecan Street and the program managers Dr. Sonja Glavaski,5,5,https://dspace.mit.edu/server/api/core/bitstreams/8ebaf811-6e84-4c3c-9b6d-0973a57bffdb/content,2026-08-06
MIT-2020-068,Dr. Mirjana Marden,"Marden, Mirjana",collaborator,program managers...Dr. Mirjana Marden...instrumental in shaping our theoretical research ideas,5,5,https://dspace.mit.edu/server/api/core/bitstreams/8ebaf811-6e84-4c3c-9b6d-0973a57bffdb/content,2026-08-06
MIT-2020-068,Prof. Mario Garcia-Sanz,"Garcia-Sanz, Mario",collaborator,program managers...Prof. Mario Garcia-Sanz...instrumental in shaping our theoretical research ideas,5,5,https://dspace.mit.edu/server/api/core/bitstreams/8ebaf811-6e84-4c3c-9b6d-0973a57bffdb/content,2026-08-06
MIT-2020-068,Prof. Jeffrey Lang,"Lang, Jeffrey",collaborator,thankful to Prof. Jeffrey Lang...discuss research issues with me,5,5,https://dspace.mit.edu/server/api/core/bitstreams/8ebaf811-6e84-4c3c-9b6d-0973a57bffdb/content,2026-08-06
MIT-2020-068,Prof. Sanjoy Mitter,"Mitter, Sanjoy",collaborator,thankful to...Prof. Sanjoy Mitter...discuss research issues with me,5,5,https://dspace.mit.edu/server/api/core/bitstreams/8ebaf811-6e84-4c3c-9b6d-0973a57bffdb/content,2026-08-06
MIT-2020-068,Prof. Luca Daniel,"Daniel, Luca",collaborator,thankful to...Prof. Luca Daniel...discuss research issues with me,5,5,https://dspace.mit.edu/server/api/core/bitstreams/8ebaf811-6e84-4c3c-9b6d-0973a57bffdb/content,2026-08-06
MIT-2020-068,Dr. Audun Botterud,"Botterud, Audun",collaborator,thankful to...Dr. Audun Botterud...discuss research issues with me,5,5,https://dspace.mit.edu/server/api/core/bitstreams/8ebaf811-6e84-4c3c-9b6d-0973a57bffdb/content,2026-08-06
MIT-2020-068,Prof. Le Xie,"Xie, Le",collaborator,visiting researchers Prof. Le Xie...discuss research issues with me,5,5,https://dspace.mit.edu/server/api/core/bitstreams/8ebaf811-6e84-4c3c-9b6d-0973a57bffdb/content,2026-08-06
MIT-2020-068,Prof. Magnus Korpas,"Korpas, Magnus",collaborator,visiting researchers...Prof. Magnus Korpas...discuss research issues with me,5,5,https://dspace.mit.edu/server/api/core/bitstreams/8ebaf811-6e84-4c3c-9b6d-0973a57bffdb/content,2026-08-06
MIT-2020-068,Prof. John Tsitsilis,"Tsitsilis, John",collaborator,several insightful discussions that I had had with them,5,5,https://dspace.mit.edu/server/api/core/bitstreams/8ebaf811-6e84-4c3c-9b6d-0973a57bffdb/content,2026-08-06
MIT-2020-068,Prof. Leslie Kolodziejski,"Kolodziejski, Leslie",collaborator,several insightful discussions that I had had with them,5,5,https://dspace.mit.edu/server/api/core/bitstreams/8ebaf811-6e84-4c3c-9b6d-0973a57bffdb/content,2026-08-06
MIT-2020-068,Prof. George Verghese,"Verghese, George",collaborator,several insightful discussions that I had had with them,5,5,https://dspace.mit.edu/server/api/core/bitstreams/8ebaf811-6e84-4c3c-9b6d-0973a57bffdb/content,2026-08-06
MIT-2020-069,David Sontag,"Sontag, David",advisor,"To my graduate advisor, David Sontag, thank you for all the patience, wisdom and guidance",5,5,https://dspace.mit.edu/server/api/core/bitstreams/db402069-cb58-47b2-9985-fd0d2f2d7d28/content,2026-08-06
MIT-2020-069,Pete Szolovitz,"Szolovitz, Pete",committee,"members of my thesis committee...To Pete Szolovitz, I've enjoyed our conversations",5,5,https://dspace.mit.edu/server/api/core/bitstreams/db402069-cb58-47b2-9985-fd0d2f2d7d28/content,2026-08-06
MIT-2020-069,Matthew Hoffman,"Hoffman, Matthew",committee,"members of my thesis committee...To Matthew Hoffman, thank for showing me...",5,5,https://dspace.mit.edu/server/api/core/bitstreams/db402069-cb58-47b2-9985-fd0d2f2d7d28/content,2026-08-06
MIT-2020-069,Uri Shalit,"Shalit, Uri",committee,"members of my thesis committee...To Uri Shalit, thank you for being an excellent office mate",5,5,https://dspace.mit.edu/server/api/core/bitstreams/db402069-cb58-47b2-9985-fd0d2f2d7d28/content,2026-08-06
MIT-2020-069,Lydia Bourouiba,"Bourouiba, Lydia",collaborator,for introducing me to the world of epidemiological modelling,5,5,https://dspace.mit.edu/server/api/core/bitstreams/db402069-cb58-47b2-9985-fd0d2f2d7d28/content,2026-08-06
MIT-2020-069,Simone Cenci,"Cenci, Simone",collaborator,for introducing me to the world of epidemiological modelling,5,5,https://dspace.mit.edu/server/api/core/bitstreams/db402069-cb58-47b2-9985-fd0d2f2d7d28/content,2026-08-06
MIT-2020-069,Simone Lacoste Julien,"Julien, Simone Lacoste",collaborator,Thank you to...for sharing your knowledge with me,5,5,https://dspace.mit.edu/server/api/core/bitstreams/db402069-cb58-47b2-9985-fd0d2f2d7d28/content,2026-08-06
MIT-2020-069,Dawen Liang,"Liang, Dawen",collaborator,Thank you to...for sharing your knowledge with me,5,5,https://dspace.mit.edu/server/api/core/bitstreams/db402069-cb58-47b2-9985-fd0d2f2d7d28/content,2026-08-06
MIT-2020-069,Rajesh Ranganth,"Ranganth, Rajesh",collaborator,Thank you to...for sharing your knowledge with me,5,5,https://dspace.mit.edu/server/api/core/bitstreams/db402069-cb58-47b2-9985-fd0d2f2d7d28/content,2026-08-06
MIT-2020-069,Li-wei Lehman,"Lehman, Li-wei",collaborator,Thank you to...for sharing your knowledge with me,5,5,https://dspace.mit.edu/server/api/core/bitstreams/db402069-cb58-47b2-9985-fd0d2f2d7d28/content,2026-08-06
MIT-2020-069,Andrew Yee,"Yee, Andrew",collaborator,Thank you to...for sharing your knowledge with me,5,5,https://dspace.mit.edu/server/api/core/bitstreams/db402069-cb58-47b2-9985-fd0d2f2d7d28/content,2026-08-06
MIT-2020-069,Narges Razavian,"Razavian, Narges",collaborator,Thank you to...for sharing your knowledge with me,5,5,https://dspace.mit.edu/server/api/core/bitstreams/db402069-cb58-47b2-9985-fd0d2f2d7d28/content,2026-08-06
MIT-2020-069,Hendrik Strobelt,"Strobelt, Hendrik",collaborator,Thank you to...for sharing your knowledge with me,5,5,https://dspace.mit.edu/server/api/core/bitstreams/db402069-cb58-47b2-9985-fd0d2f2d7d28/content,2026-08-06
MIT-2020-069,Nicolo Fusi,"Fusi, Nicolo",collaborator,Thank you to...for sharing your knowledge with me,5,5,https://dspace.mit.edu/server/api/core/bitstreams/db402069-cb58-47b2-9985-fd0d2f2d7d28/content,2026-08-06
MIT-2020-069,Lester Mackey,"Mackey, Lester",collaborator,Thank you to...for sharing your knowledge with me,5,5,https://dspace.mit.edu/server/api/core/bitstreams/db402069-cb58-47b2-9985-fd0d2f2d7d28/content,2026-08-06
MIT-2020-069,Yoni Halpern,"Halpern, Yoni",labmate,all the members of the ClinicalML lab,5,5,https://dspace.mit.edu/server/api/core/bitstreams/db402069-cb58-47b2-9985-fd0d2f2d7d28/content,2026-08-06
MIT-2020-069,Yacine Jernite,"Jernite, Yacine",labmate,all the members of the ClinicalML lab,5,5,https://dspace.mit.edu/server/api/core/bitstreams/db402069-cb58-47b2-9985-fd0d2f2d7d28/content,2026-08-06
MIT-2020-069,Rachel Hodos,"Hodos, Rachel",labmate,all the members of the ClinicalML lab,5,5,https://dspace.mit.edu/server/api/core/bitstreams/db402069-cb58-47b2-9985-fd0d2f2d7d28/content,2026-08-06
MIT-2020-069,Fredrik Johansson,"Johansson, Fredrik",labmate,all the members of the ClinicalML lab,5,5,https://dspace.mit.edu/server/api/core/bitstreams/db402069-cb58-47b2-9985-fd0d2f2d7d28/content,2026-08-06
MIT-2020-069,Irene Chen,"Chen, Irene",labmate,all the members of the ClinicalML lab,5,5,https://dspace.mit.edu/server/api/core/bitstreams/db402069-cb58-47b2-9985-fd0d2f2d7d28/content,2026-08-06
MIT-2020-069,Michael Oberst,"Oberst, Michael",labmate,all the members of the ClinicalML lab,5,5,https://dspace.mit.edu/server/api/core/bitstreams/db402069-cb58-47b2-9985-fd0d2f2d7d28/content,2026-08-06
MIT-2020-069,Monica Agrawal,"Agrawal, Monica",labmate,all the members of the ClinicalML lab,5,5,https://dspace.mit.edu/server/api/core/bitstreams/db402069-cb58-47b2-9985-fd0d2f2d7d28/content,2026-08-06
MIT-2020-069,Zeshan Hussain,"Hussain, Zeshan",labmate,all the members of the ClinicalML lab,5,5,https://dspace.mit.edu/server/api/core/bitstreams/db402069-cb58-47b2-9985-fd0d2f2d7d28/content,2026-08-06
MIT-2020-069,Sanjat Kanjilal,"Kanjilal, Sanjat",labmate,all the members of the ClinicalML lab,5,5,https://dspace.mit.edu/server/api/core/bitstreams/db402069-cb58-47b2-9985-fd0d2f2d7d28/content,2026-08-06
MIT-2020-069,Arjun Khandelwal,"Khandelwal, Arjun",labmate,all the members of the ClinicalML lab,5,5,https://dspace.mit.edu/server/api/core/bitstreams/db402069-cb58-47b2-9985-fd0d2f2d7d28/content,2026-08-06
MIT-2020-069,Christina Ji,"Ji, Christina",labmate,all the members of the ClinicalML lab,5,5,https://dspace.mit.edu/server/api/core/bitstreams/db402069-cb58-47b2-9985-fd0d2f2d7d28/content,2026-08-06
MIT-2020-069,Rachel Gubow,"Gubow, Rachel",friend,"graduate students at NYU, thank you for being part of many adventures in NY",5,5,https://dspace.mit.edu/server/api/core/bitstreams/db402069-cb58-47b2-9985-fd0d2f2d7d28/content,2026-08-06
MIT-2020-069,Siddharth Krishna,"Krishna, Siddharth",friend,"graduate students at NYU, thank you for being part of many adventures in NY",5,5,https://dspace.mit.edu/server/api/core/bitstreams/db402069-cb58-47b2-9985-fd0d2f2d7d28/content,2026-08-06
MIT-2020-069,Shravas Rao,"Rao, Shravas",friend,"graduate students at NYU, thank you for being part of many adventures in NY",5,5,https://dspace.mit.edu/server/api/core/bitstreams/db402069-cb58-47b2-9985-fd0d2f2d7d28/content,2026-08-06
MIT-2020-069,Anthony Rossi,"Rossi, Anthony",friend,"graduate students at NYU, thank you for being part of many adventures in NY",5,5,https://dspace.mit.edu/server/api/core/bitstreams/db402069-cb58-47b2-9985-fd0d2f2d7d28/content,2026-08-06
MIT-2020-069,Alex Grote,"Grote, Alex",friend,"graduate students at NYU, thank you for being part of many adventures in NY",5,5,https://dspace.mit.edu/server/api/core/bitstreams/db402069-cb58-47b2-9985-fd0d2f2d7d28/content,2026-08-06
MIT-2020-069,Karthik Narasimhan,"Narasimhan, Karthik",friend,gave me a warm welcome when I first moved to Cambridge,5,5,https://dspace.mit.edu/server/api/core/bitstreams/db402069-cb58-47b2-9985-fd0d2f2d7d28/content,2026-08-06
MIT-2020-069,Ardavan Saeedi,"Saeedi, Ardavan",friend,gave me a warm welcome when I first moved to Cambridge,5,5,https://dspace.mit.edu/server/api/core/bitstreams/db402069-cb58-47b2-9985-fd0d2f2d7d28/content,2026-08-06
MIT-2020-069,Zoya Bylinksii,"Bylinksii, Zoya",friend,gave me a warm welcome when I first moved to Cambridge,5,5,https://dspace.mit.edu/server/api/core/bitstreams/db402069-cb58-47b2-9985-fd0d2f2d7d28/content,2026-08-06
MIT-2020-069,Marzyeh Ghassemi,"Ghassemi, Marzyeh",friend,gave me a warm welcome when I first moved to Cambridge,5,5,https://dspace.mit.edu/server/api/core/bitstreams/db402069-cb58-47b2-9985-fd0d2f2d7d28/content,2026-08-06
MIT-2020-069,Isabel Schwarz,"Schwarz, Isabel",friend,excellent sounding boards for talking through,5,5,https://dspace.mit.edu/server/api/core/bitstreams/db402069-cb58-47b2-9985-fd0d2f2d7d28/content,2026-08-06
MIT-2020-069,Jonathan Ng,"Ng, Jonathan",friend,excellent sounding boards for talking through,5,5,https://dspace.mit.edu/server/api/core/bitstreams/db402069-cb58-47b2-9985-fd0d2f2d7d28/content,2026-08-06
MIT-2020-069,Carmen Reilly,"Reilly, Carmen",friend,excellent sounding boards for talking through,5,5,https://dspace.mit.edu/server/api/core/bitstreams/db402069-cb58-47b2-9985-fd0d2f2d7d28/content,2026-08-06
MIT-2020-070,Prof. Leslie Kaelbling,"Kaelbling, Leslie",advisor,express my sincere gratitude to my advisor Prof. Leslie Kaelbling,5,5,https://dspace.mit.edu/server/api/core/bitstreams/725135e9-8448-4663-be6a-a3ccbf67ca36/content,2026-08-06
MIT-2020-070,Prof. Tomás Lozano-Pérez,"Lozano-Pérez, Tomás",other,want to thank him for co-advising my master thesis,5,5,https://dspace.mit.edu/server/api/core/bitstreams/725135e9-8448-4663-be6a-a3ccbf67ca36/content,2026-08-06
MIT-2020-070,Prof. Yoshua Bengio,"Bengio, Yoshua",committee,"both members of my thesis committee, Prof. Yoshua Bengio and Prof. Suvrit Sra",5,5,https://dspace.mit.edu/server/api/core/bitstreams/725135e9-8448-4663-be6a-a3ccbf67ca36/content,2026-08-06
MIT-2020-070,Prof. Suvrit Sra,"Sra, Suvrit",committee,"both members of my thesis committee, Prof. Yoshua Bengio and Prof. Suvrit Sra",5,5,https://dspace.mit.edu/server/api/core/bitstreams/725135e9-8448-4663-be6a-a3ccbf67ca36/content,2026-08-06
MIT-2020-070,Prof. Tomaso Poggio,"Poggio, Tomaso",collaborator,great fortune to interact and collaborate with Prof. Tomaso Poggio,5,5,https://dspace.mit.edu/server/api/core/bitstreams/725135e9-8448-4663-be6a-a3ccbf67ca36/content,2026-08-06
MIT-2020-070,Prof. George E. Karniadakis,"Karniadakis, George E.",collaborator,for guiding me through the projects on physics-informed neural networks,5,5,https://dspace.mit.edu/server/api/core/bitstreams/725135e9-8448-4663-be6a-a3ccbf67ca36/content,2026-08-06
MIT-2020-070,Prof. Le Song,"Song, Le",collaborator,"for all his advice, especially from when we had dinner at the 2016 NeurIPS conference",5,5,https://dspace.mit.edu/server/api/core/bitstreams/725135e9-8448-4663-be6a-a3ccbf67ca36/content,2026-08-06
MIT-2020-070,Dr. Remi Munos,"Munos, Remi",collaborator,for their thoughtful comments and suggestions for my work on Bayesian optimization and MDP,5,5,https://dspace.mit.edu/server/api/core/bitstreams/725135e9-8448-4663-be6a-a3ccbf67ca36/content,2026-08-06
MIT-2020-070,Prof. Michael Littman,"Littman, Michael",collaborator,for their thoughtful comments and suggestions for my work on Bayesian optimization and MDP,5,5,https://dspace.mit.edu/server/api/core/bitstreams/725135e9-8448-4663-be6a-a3ccbf67ca36/content,2026-08-06
MIT-2020-071,Leslie,"Kaelbling, Leslie Pack",advisor,"extremely grateful to my advisors, Leslie and Tomás, who have been just fantastic mentors",4,,https://dspace.mit.edu/server/api/core/bitstreams/60491b41-a8f0-441a-8d30-566c8b9a384c/content,2026-08-06
MIT-2020-071,Tomás,"Lozano-Pérez, Tomás",advisor,"extremely grateful to my advisors, Leslie and Tomás, who have been just fantastic mentors",4,,https://dspace.mit.edu/server/api/core/bitstreams/60491b41-a8f0-441a-8d30-566c8b9a384c/content,2026-08-06
MIT-2020-071,Caelan,Caelan,labmate,"grateful to my comrades, the LIS lab members...to Caelan, who was always there to have a discussion",4,,https://dspace.mit.edu/server/api/core/bitstreams/60491b41-a8f0-441a-8d30-566c8b9a384c/content,2026-08-06
MIT-2020-071,Rachel,Rachel,labmate,"to Rachel, for making me realize the importance of having a good presentation",4,,https://dspace.mit.edu/server/api/core/bitstreams/60491b41-a8f0-441a-8d30-566c8b9a384c/content,2026-08-06
MIT-2020-071,Rohan,Rohan,labmate,to Rohan and Tom for a collaboration filled with humor,4,,https://dspace.mit.edu/server/api/core/bitstreams/60491b41-a8f0-441a-8d30-566c8b9a384c/content,2026-08-06
MIT-2020-071,Tom,Tom,labmate,to Rohan and Tom for a collaboration filled with humor,4,,https://dspace.mit.edu/server/api/core/bitstreams/60491b41-a8f0-441a-8d30-566c8b9a384c/content,2026-08-06
MIT-2020-071,Ferran,Ferran,labmate,to Ferran for being a source of motivation,4,,https://dspace.mit.edu/server/api/core/bitstreams/60491b41-a8f0-441a-8d30-566c8b9a384c/content,2026-08-06
MIT-2020-071,Zi,Zi,labmate,to Zi and Zelda for making 414 so much fun to be in,4,,https://dspace.mit.edu/server/api/core/bitstreams/60491b41-a8f0-441a-8d30-566c8b9a384c/content,2026-08-06
MIT-2020-071,Zelda,Zelda,labmate,to Zi and Zelda for making 414 so much fun to be in,4,,https://dspace.mit.edu/server/api/core/bitstreams/60491b41-a8f0-441a-8d30-566c8b9a384c/content,2026-08-06
MIT-2020-071,Luke,Luke,labmate,to Luke for reminding me of the importance of get-things-done attitude,4,,https://dspace.mit.edu/server/api/core/bitstreams/60491b41-a8f0-441a-8d30-566c8b9a384c/content,2026-08-06
MIT-2020-071,Yoon,Yoon,labmate,to Yoon for pondering together about what an ideal lab and research advisor might be,4,,https://dspace.mit.edu/server/api/core/bitstreams/60491b41-a8f0-441a-8d30-566c8b9a384c/content,2026-08-06
MIT-2020-071,Moosun,Moosun,friend,"Outside of research, I am grateful to Moosun and Byongjun who have enriched my life",4,,https://dspace.mit.edu/server/api/core/bitstreams/60491b41-a8f0-441a-8d30-566c8b9a384c/content,2026-08-06
MIT-2020-071,Byongjun,Byongjun,friend,"Outside of research, I am grateful to Moosun and Byongjun who have enriched my life",4,,https://dspace.mit.edu/server/api/core/bitstreams/60491b41-a8f0-441a-8d30-566c8b9a384c/content,2026-08-06
MIT-2020-072,Virginia Vassilevska Williams,"Williams, Virginia Vassilevska",advisor,Virginia Vassilevska Williams has been an excellent advisor,5,5,https://dspace.mit.edu/server/api/core/bitstreams/b6f79c23-59e1-45fa-a313-130599a43f61/content,2026-08-06
MIT-2020-072,Vinod Vaikuntanathan,"Vaikuntanathan, Vinod",committee,"thank my thesis committee: Virginia Vassilevska Williams, Vinod Vaikuntanathan, and Ryan Williams",5,5,https://dspace.mit.edu/server/api/core/bitstreams/b6f79c23-59e1-45fa-a313-130599a43f61/content,2026-08-06
MIT-2020-072,Ryan Williams,"Williams, Ryan",committee,"thank my thesis committee: Virginia Vassilevska Williams, Vinod Vaikuntanathan, and Ryan Williams",5,5,https://dspace.mit.edu/server/api/core/bitstreams/b6f79c23-59e1-45fa-a313-130599a43f61/content,2026-08-06
MIT-2020-072,Rio LaVigne,"LaVigne, Rio",collaborator,thank my co-authors on the work in this thesis,5,5,https://dspace.mit.edu/server/api/core/bitstreams/b6f79c23-59e1-45fa-a313-130599a43f61/content,2026-08-06
MIT-2020-072,Josh R Wang,"Wang, Joshua R.",collaborator,thank my co-authors on the work in this thesis,5,5,https://dspace.mit.edu/server/api/core/bitstreams/b6f79c23-59e1-45fa-a313-130599a43f61/content,2026-08-06
MIT-2020-072,Adam Yedidia,"Yedidia, Adam",collaborator,thank my co-authors on the work in this thesis,5,5,https://dspace.mit.edu/server/api/core/bitstreams/b6f79c23-59e1-45fa-a313-130599a43f61/content,2026-08-06
MIT-2020-072,Michael Bender,"Bender, Michael",collaborator,thank my all of my excellent coauthors,5,5,https://dspace.mit.edu/server/api/core/bitstreams/b6f79c23-59e1-45fa-a313-130599a43f61/content,2026-08-06
MIT-2020-072,Giuseppe Bianchi,"Bianchi, Giuseppe",collaborator,thank my all of my excellent coauthors,5,5,https://dspace.mit.edu/server/api/core/bitstreams/b6f79c23-59e1-45fa-a313-130599a43f61/content,2026-08-06
MIT-2020-072,Lorenzo Bracciale,"Bracciale, Lorenzo",collaborator,thank my all of my excellent coauthors,5,5,https://dspace.mit.edu/server/api/core/bitstreams/b6f79c23-59e1-45fa-a313-130599a43f61/content,2026-08-06
MIT-2020-072,Keren Censor-Hillel,"Censor-Hillel, Keren",collaborator,thank my all of my excellent coauthors,5,5,https://dspace.mit.edu/server/api/core/bitstreams/b6f79c23-59e1-45fa-a313-130599a43f61/content,2026-08-06
MIT-2020-072,Erik D. Demaine,"Demaine, Erik D.",collaborator,thank my all of my excellent coauthors,5,5,https://dspace.mit.edu/server/api/core/bitstreams/b6f79c23-59e1-45fa-a313-130599a43f61/content,2026-08-06
MIT-2020-072,Martin L. Demaine,"Demaine, Martin L.",collaborator,thank my all of my excellent coauthors,5,5,https://dspace.mit.edu/server/api/core/bitstreams/b6f79c23-59e1-45fa-a313-130599a43f61/content,2026-08-06
MIT-2020-072,Roozbeh Ebrahimi,"Ebrahimi, Roozbeh",collaborator,thank my all of my excellent coauthors,5,5,https://dspace.mit.edu/server/api/core/bitstreams/b6f79c23-59e1-45fa-a313-130599a43f61/content,2026-08-06
MIT-2020-072,Sarah Eisenstat,"Eisenstat, Sarah",collaborator,thank my all of my excellent coauthors,5,5,https://dspace.mit.edu/server/api/core/bitstreams/b6f79c23-59e1-45fa-a313-130599a43f61/content,2026-08-06
MIT-2020-072,Jeremy T. Fineman,"Fineman, Jeremy T.",collaborator,thank my all of my excellent coauthors,5,5,https://dspace.mit.edu/server/api/core/bitstreams/b6f79c23-59e1-45fa-a313-130599a43f61/content,2026-08-06
MIT-2020-072,Monika Henzinger,"Henzinger, Monika",collaborator,thank my all of my excellent coauthors,5,5,https://dspace.mit.edu/server/api/core/bitstreams/b6f79c23-59e1-45fa-a313-130599a43f61/content,2026-08-06
MIT-2020-072,Adam Hesterberg,"Hesterberg, Adam",collaborator,thank my all of my excellent coauthors,5,5,https://dspace.mit.edu/server/api/core/bitstreams/b6f79c23-59e1-45fa-a313-130599a43f61/content,2026-08-06
MIT-2020-072,Rob Johnson,"Johnson, Rob",collaborator,Special thanks to Rob Johnson who hosted me at VMware and taught me a lot,5,5,https://dspace.mit.edu/server/api/core/bitstreams/b6f79c23-59e1-45fa-a313-130599a43f61/content,2026-08-06
MIT-2020-072,Ying Lin Wei,"Wei, Ying Lin",collaborator,thank my all of my excellent coauthors,5,5,https://dspace.mit.edu/server/api/core/bitstreams/b6f79c23-59e1-45fa-a313-130599a43f61/content,2026-08-06
MIT-2020-072,Quanquan C. Liu,"Liu, Quanquan C.",collaborator,thank my all of my excellent coauthors,5,5,https://dspace.mit.edu/server/api/core/bitstreams/b6f79c23-59e1-45fa-a313-130599a43f61/content,2026-08-06
MIT-2020-072,Jayson Lynch,"Lynch, Jayson",collaborator,thank my all of my excellent coauthors,5,5,https://dspace.mit.edu/server/api/core/bitstreams/b6f79c23-59e1-45fa-a313-130599a43f61/content,2026-08-06
MIT-2020-072,Samuel McCauley,"McCauley, Samuel",collaborator,thank my all of my excellent coauthors,5,5,https://dspace.mit.edu/server/api/core/bitstreams/b6f79c23-59e1-45fa-a313-130599a43f61/content,2026-08-06
MIT-2020-072,Muriel Médard,"Médard, Muriel",collaborator,thank my all of my excellent coauthors,5,5,https://dspace.mit.edu/server/api/core/bitstreams/b6f79c23-59e1-45fa-a313-130599a43f61/content,2026-08-06
MIT-2020-072,Stefan Neumann,"Neumann, Stefan",collaborator,thank my all of my excellent coauthors,5,5,https://dspace.mit.edu/server/api/core/bitstreams/b6f79c23-59e1-45fa-a313-130599a43f61/content,2026-08-06
MIT-2020-072,Adam Polak,"Polak, Adam",collaborator,thank my all of my excellent coauthors,5,5,https://dspace.mit.edu/server/api/core/bitstreams/b6f79c23-59e1-45fa-a313-130599a43f61/content,2026-08-06
MIT-2020-072,Nikhil Vyas,"Vyas, Nikhil",collaborator,thank my all of my excellent coauthors,5,5,https://dspace.mit.edu/server/api/core/bitstreams/b6f79c23-59e1-45fa-a313-130599a43f61/content,2026-08-06
MIT-2020-072,Yun William Yu,"Yu, Yun William",collaborator,thank my all of my excellent coauthors,5,5,https://dspace.mit.edu/server/api/core/bitstreams/b6f79c23-59e1-45fa-a313-130599a43f61/content,2026-08-06
MIT-2020-072,Helen Xu,"Xu, Helen",collaborator,thank my all of my excellent coauthors,5,5,https://dspace.mit.edu/server/api/core/bitstreams/b6f79c23-59e1-45fa-a313-130599a43f61/content,2026-08-06
MIT-2020-072,Chris Brzuska,"Brzuska, Chris",collaborator,who gave many useful comments on the paper that became Chapter 6,5,5,https://dspace.mit.edu/server/api/core/bitstreams/b6f79c23-59e1-45fa-a313-130599a43f61/content,2026-08-06
MIT-2020-072,Greg Valiant,"Valiant, Greg",other,faculty at Stanford who I rotated with: Greg Valiant,5,5,https://dspace.mit.edu/server/api/core/bitstreams/b6f79c23-59e1-45fa-a313-130599a43f61/content,2026-08-06
MIT-2020-073,David Gifford,"Gifford, David",advisor,thank my Ph.D. advisor David Gifford for his great mentorship and guidance,5,5,https://dspace.mit.edu/server/api/core/bitstreams/a6d4a6e6-faf6-46f9-91eb-7a4f5912ebab/content,2026-08-06
MIT-2020-073,Michael Birnbaum,"Birnbaum, Michael",committee,thesis committee members Michael Birnbaum and Tommi Jakkola for their constructive feedback,5,5,https://dspace.mit.edu/server/api/core/bitstreams/a6d4a6e6-faf6-46f9-91eb-7a4f5912ebab/content,2026-08-06
MIT-2020-073,Tommi Jakkola,"Jaakkola, Tommi",committee,thesis committee members Michael Birnbaum and Tommi Jakkola for their constructive feedback,5,5,https://dspace.mit.edu/server/api/core/bitstreams/a6d4a6e6-faf6-46f9-91eb-7a4f5912ebab/content,2026-08-06
MIT-2020-073,Manolis Kellis,"Kellis, Manolis",other,my academic advisor Manolis Kellis for providing insightful advice on my course selection and career development,5,5,https://dspace.mit.edu/server/api/core/bitstreams/a6d4a6e6-faf6-46f9-91eb-7a4f5912ebab/content,2026-08-06
MIT-2020-073,Haoyang Zeng,"Zeng, Haoyang",labmate,members of the Gifford lab...especially thank Haoyang Zeng for his help and guidance in my early PhD years,5,5,https://dspace.mit.edu/server/api/core/bitstreams/a6d4a6e6-faf6-46f9-91eb-7a4f5912ebab/content,2026-08-06
MIT-2020-073,Sid Jain,"Jain, Sid",collaborator,thank Sid Jain for being such a great collaborator and for offering helpful advises,5,5,https://dspace.mit.edu/server/api/core/bitstreams/a6d4a6e6-faf6-46f9-91eb-7a4f5912ebab/content,2026-08-06
MIT-2020-073,Jonas Mueller,"Mueller, Jonas",labmate,for the insightful discussions and productive collaborations,5,5,https://dspace.mit.edu/server/api/core/bitstreams/a6d4a6e6-faf6-46f9-91eb-7a4f5912ebab/content,2026-08-06
MIT-2020-073,Brandon Carter,"Carter, Brandon",labmate,for the insightful discussions and productive collaborations,5,5,https://dspace.mit.edu/server/api/core/bitstreams/a6d4a6e6-faf6-46f9-91eb-7a4f5912ebab/content,2026-08-06
MIT-2020-073,Ziheng Wang,"Wang, Ziheng",labmate,for the insightful discussions and productive collaborations,5,5,https://dspace.mit.edu/server/api/core/bitstreams/a6d4a6e6-faf6-46f9-91eb-7a4f5912ebab/content,2026-08-06
MIT-2020-073,Grace Yeo,"Yeo, Grace",labmate,Grace Yeo for the hard work maintaining lab clusters,5,5,https://dspace.mit.edu/server/api/core/bitstreams/a6d4a6e6-faf6-46f9-91eb-7a4f5912ebab/content,2026-08-06
MIT-2020-073,Stefan Ewert,"Ewert, Stefan",collaborator,"collaborators at Novartis Biomedical Research, Stefan Ewert for offering the precious opportunity",5,5,https://dspace.mit.edu/server/api/core/bitstreams/a6d4a6e6-faf6-46f9-91eb-7a4f5912ebab/content,2026-08-06
MIT-2020-073,Jonas Schilz,"Schilz, Jonas",collaborator,Jonas Schilz and Geraldine Horny for the effort in conducting the wet lab experiments,5,5,https://dspace.mit.edu/server/api/core/bitstreams/a6d4a6e6-faf6-46f9-91eb-7a4f5912ebab/content,2026-08-06
MIT-2020-073,Geraldine Horny,"Horny, Geraldine",collaborator,Jonas Schilz and Geraldine Horny for the effort in conducting the wet lab experiments,5,5,https://dspace.mit.edu/server/api/core/bitstreams/a6d4a6e6-faf6-46f9-91eb-7a4f5912ebab/content,2026-08-06
MIT-2020-073,Richard Sherwood,"Sherwood, Richard",collaborator,thank Richard Sherwood for the helpful advises,5,5,https://dspace.mit.edu/server/api/core/bitstreams/a6d4a6e6-faf6-46f9-91eb-7a4f5912ebab/content,2026-08-06
MIT-2020-073,Brooke Huisman,"Huisman, Brooke",collaborator,Brooke Huisman for the insightful discussions,5,5,https://dspace.mit.edu/server/api/core/bitstreams/a6d4a6e6-faf6-46f9-91eb-7a4f5912ebab/content,2026-08-06
MIT-2020-074,Samuel Madden,"Madden, Samuel",advisor,extremely grateful to have a great advisor Samuel Madden,6,6,https://dspace.mit.edu/server/api/core/bitstreams/7067c471-c73b-4676-b5f3-1156b189117c/content,2026-08-06
MIT-2020-074,Tim Kraska,"Kraska, Tim",committee,"thesis committee: Tim Kraska and Robert Morris, who gave me invaluable comments",6,6,https://dspace.mit.edu/server/api/core/bitstreams/7067c471-c73b-4676-b5f3-1156b189117c/content,2026-08-06
MIT-2020-074,Robert Morris,"Morris, Robert",committee,"thesis committee: Tim Kraska and Robert Morris, who gave me invaluable comments",6,6,https://dspace.mit.edu/server/api/core/bitstreams/7067c471-c73b-4676-b5f3-1156b189117c/content,2026-08-06
MIT-2020-074,Lei Cao,"Cao, Lei",collaborator,research collaborators...with whom I've written and published many papers,6,6,https://dspace.mit.edu/server/api/core/bitstreams/7067c471-c73b-4676-b5f3-1156b189117c/content,2026-08-06
MIT-2020-074,Franz Franchetti,"Franchetti, Franz",collaborator,research collaborators...with whom I've written and published many papers,6,6,https://dspace.mit.edu/server/api/core/bitstreams/7067c471-c73b-4676-b5f3-1156b189117c/content,2026-08-06
MIT-2020-074,Alekh Jindal,"Jindal, Alekh",collaborator,research collaborators...with whom I've written and published many papers,6,6,https://dspace.mit.edu/server/api/core/bitstreams/7067c471-c73b-4676-b5f3-1156b189117c/content,2026-08-06
MIT-2020-074,Elke A. Rundensteiner,"Rundensteiner, Elke A.",collaborator,research collaborators...with whom I've written and published many papers,6,6,https://dspace.mit.edu/server/api/core/bitstreams/7067c471-c73b-4676-b5f3-1156b189117c/content,2026-08-06
MIT-2020-074,Anil Shanbhag,"Shanbhag, Anil",collaborator,research collaborators...with whom I've written and published many papers,6,6,https://dspace.mit.edu/server/api/core/bitstreams/7067c471-c73b-4676-b5f3-1156b189117c/content,2026-08-06
MIT-2020-074,Daniele G. Spampinato,"Spampinato, Daniele G.",collaborator,research collaborators...with whom I've written and published many papers,6,6,https://dspace.mit.edu/server/api/core/bitstreams/7067c471-c73b-4676-b5f3-1156b189117c/content,2026-08-06
MIT-2020-074,Yizhou Yan,"Yan, Yizhou",collaborator,research collaborators...with whom I've written and published many papers,6,6,https://dspace.mit.edu/server/api/core/bitstreams/7067c471-c73b-4676-b5f3-1156b189117c/content,2026-08-06
MIT-2020-074,Xiangyao Yu,"Yu, Xiangyao",collaborator,research collaborators...with whom I've written and published many papers,6,6,https://dspace.mit.edu/server/api/core/bitstreams/7067c471-c73b-4676-b5f3-1156b189117c/content,2026-08-06
MIT-2020-074,Jiyuan Zhang,"Zhang, Jiyuan",collaborator,research collaborators...with whom I've written and published many papers,6,6,https://dspace.mit.edu/server/api/core/bitstreams/7067c471-c73b-4676-b5f3-1156b189117c/content,2026-08-06
MIT-2020-074,Dorothy Curtis,"Curtis, Dorothy",other,who is always available to solve all technical issues,6,6,https://dspace.mit.edu/server/api/core/bitstreams/7067c471-c73b-4676-b5f3-1156b189117c/content,2026-08-06
MIT-2020-074,Sheila Marian,"Marian, Sheila",other,who takes care of everything beyond research,6,6,https://dspace.mit.edu/server/api/core/bitstreams/7067c471-c73b-4676-b5f3-1156b189117c/content,2026-08-06
MIT-2020-074,Sudipto Das,"Das, Sudipto",other,mentors Sudipto Das at Microsoft Research...during my summer internships,6,6,https://dspace.mit.edu/server/api/core/bitstreams/7067c471-c73b-4676-b5f3-1156b189117c/content,2026-08-06
MIT-2020-074,Wolfram Schulte,"Schulte, Wolfram",other,mentors...Wolfram Schulte at Facebook who I worked with during my summer internships,6,6,https://dspace.mit.edu/server/api/core/bitstreams/7067c471-c73b-4676-b5f3-1156b189117c/content,2026-08-06
MIT-2020-074,James Cheng,"Cheng, James",other,was my master thesis advisor at the Chinese University of Hong Kong,6,6,https://dspace.mit.edu/server/api/core/bitstreams/7067c471-c73b-4676-b5f3-1156b189117c/content,2026-08-06
MIT-2020-075,Professor Dirk Englund,"Englund, Dirk",advisor,"thank my advisor, Professor Dirk Englund, for his guidance, mentorship, and support",5,5,https://dspace.mit.edu/server/api/core/bitstreams/a5a2fcde-03db-433a-b4d1-1be10fe332f8/content,2026-08-06
MIT-2020-075,Professor Karl Berggren,"Berggren, Karl",committee,thank Professor Karl Berggren for being on my thesis committee,5,5,https://dspace.mit.edu/server/api/core/bitstreams/a5a2fcde-03db-433a-b4d1-1be10fe332f8/content,2026-08-06
MIT-2020-075,Professor Tomás Palacios,"Palacios, Tomás",committee,thank Professor Tomás Palacios for being a member of my thesis committee,5,5,https://dspace.mit.edu/server/api/core/bitstreams/a5a2fcde-03db-433a-b4d1-1be10fe332f8/content,2026-08-06
MIT-2020-075,Janice Balzer,"Balzer, Janice",other,for their administrative support that have made it possible for everything to progress smoothly,5,5,https://dspace.mit.edu/server/api/core/bitstreams/a5a2fcde-03db-433a-b4d1-1be10fe332f8/content,2026-08-06
MIT-2020-075,David Barnett,"Barnett, David",other,for their administrative support that have made it possible for everything to progress smoothly,5,5,https://dspace.mit.edu/server/api/core/bitstreams/a5a2fcde-03db-433a-b4d1-1be10fe332f8/content,2026-08-06
MIT-2020-075,Joseph Baylon,"Baylon, Joseph",other,for their administrative support that have made it possible for everything to progress smoothly,5,5,https://dspace.mit.edu/server/api/core/bitstreams/a5a2fcde-03db-433a-b4d1-1be10fe332f8/content,2026-08-06
MIT-2020-075,Lara Ranieri,"Ranieri, Lara",other,for their administrative support that have made it possible for everything to progress smoothly,5,5,https://dspace.mit.edu/server/api/core/bitstreams/a5a2fcde-03db-433a-b4d1-1be10fe332f8/content,2026-08-06
MIT-2020-075,Dorothy Fleischer,"Fleischer, Dorothy",other,for their administrative support that have made it possible for everything to progress smoothly,5,5,https://dspace.mit.edu/server/api/core/bitstreams/a5a2fcde-03db-433a-b4d1-1be10fe332f8/content,2026-08-06
MIT-2020-075,Jim Daley,"Daley, Jim",other,"for his help and expertise in fabrication, as well as his friendship",5,5,https://dspace.mit.edu/server/api/core/bitstreams/a5a2fcde-03db-433a-b4d1-1be10fe332f8/content,2026-08-06
MIT-2020-075,Eric Lim,"Lim, Eric",other,"thank Eric Lim, Dave Terry, Bob Bicchieri, and the rest of Microsystems Technology",5,5,https://dspace.mit.edu/server/api/core/bitstreams/a5a2fcde-03db-433a-b4d1-1be10fe332f8/content,2026-08-06
MIT-2020-075,Dave Terry,"Terry, Dave",other,"thank Eric Lim, Dave Terry, Bob Bicchieri, and the rest of Microsystems Technology",5,5,https://dspace.mit.edu/server/api/core/bitstreams/a5a2fcde-03db-433a-b4d1-1be10fe332f8/content,2026-08-06
MIT-2020-075,Bob Bicchieri,"Bicchieri, Bob",other,"thank Eric Lim, Dave Terry, Bob Bicchieri, and the rest of Microsystems Technology",5,5,https://dspace.mit.edu/server/api/core/bitstreams/a5a2fcde-03db-433a-b4d1-1be10fe332f8/content,2026-08-06
MIT-2020-076,Hal Abelson,"Abelson, Harold (Hal)",advisor,I've taken your classes and worked on research with you since my junior year of undergrad; matches advisor_catalog,5,5,https://dspace.mit.edu/server/api/core/bitstreams/20619a03-2f24-4140-b0a3-9a328aaf4557/content,2026-08-06
MIT-2020-076,Anantha Chandrakasan,"Chandrakasan, Anantha",committee,"thesis committee: Hal Abelson, Anantha Chandrakasan, and Eric Klopfer",5,5,https://dspace.mit.edu/server/api/core/bitstreams/20619a03-2f24-4140-b0a3-9a328aaf4557/content,2026-08-06
MIT-2020-076,Eric Klopfer,"Klopfer, Eric",committee,"thesis committee: Hal Abelson, Anantha Chandrakasan, and Eric Klopfer",5,5,https://dspace.mit.edu/server/api/core/bitstreams/20619a03-2f24-4140-b0a3-9a328aaf4557/content,2026-08-06
MIT-2020-076,Irene Lee,"Lee, Irene",other,helped make the Deep Learning Practicum course a wonderful experience,5,5,https://dspace.mit.edu/server/api/core/bitstreams/20619a03-2f24-4140-b0a3-9a328aaf4557/content,2026-08-06
MIT-2020-076,Danny Tang,"Tang, Danny",other,"Special shout-outs to Danny Tang...for helping create PIC and PAC, and running our high school workshops",5,5,https://dspace.mit.edu/server/api/core/bitstreams/20619a03-2f24-4140-b0a3-9a328aaf4557/content,2026-08-06
MIT-2020-076,Yuria Utsumi,"Utsumi, Yuria",other,Special shout-outs to...Yuria Utsumi...for helping create PIC and PAC,5,5,https://dspace.mit.edu/server/api/core/bitstreams/20619a03-2f24-4140-b0a3-9a328aaf4557/content,2026-08-06
MIT-2020-076,Nikhil Bhatia,"Bhatia, Nikhil",other,Special shout-outs to...Nikhil Bhatia...for helping create PIC and PAC,5,5,https://dspace.mit.edu/server/api/core/bitstreams/20619a03-2f24-4140-b0a3-9a328aaf4557/content,2026-08-06
MIT-2020-076,Evan Patton,"Patton, Evan",other,Special shout-outs to...Evan Patton...for helping create PIC and PAC,5,5,https://dspace.mit.edu/server/api/core/bitstreams/20619a03-2f24-4140-b0a3-9a328aaf4557/content,2026-08-06
MIT-2020-076,Jeff Schiller,"Schiller, Jeff",other,Special shout-outs to...Jeff Schiller...for helping create PIC and PAC,5,5,https://dspace.mit.edu/server/api/core/bitstreams/20619a03-2f24-4140-b0a3-9a328aaf4557/content,2026-08-06
MIT-2020-076,Karen Lang,"Lang, Karen",other,Special shout-outs to...Karen Lang...for helping create PIC and PAC,5,5,https://dspace.mit.edu/server/api/core/bitstreams/20619a03-2f24-4140-b0a3-9a328aaf4557/content,2026-08-06
MIT-2020-076,Selim Tezel,"Tezel, Selim",other,Special shout-outs to...Selim Tezel...for helping create PIC and PAC,5,5,https://dspace.mit.edu/server/api/core/bitstreams/20619a03-2f24-4140-b0a3-9a328aaf4557/content,2026-08-06
MIT-2020-076,Marisol Diaz,"Diaz, Marisol",other,Special shout-outs to...Marisol Diaz...for helping create PIC and PAC,5,5,https://dspace.mit.edu/server/api/core/bitstreams/20619a03-2f24-4140-b0a3-9a328aaf4557/content,2026-08-06
MIT-2020-076,Ingrid Roche,"Roche, Ingrid",other,big thank you to Ingrid Roche at the Boston Latin Academy for letting us run workshops in her classes,5,5,https://dspace.mit.edu/server/api/core/bitstreams/20619a03-2f24-4140-b0a3-9a328aaf4557/content,2026-08-06
MIT-2020-077,Russ Tedrake,"Tedrake, Russ",advisor,thank my advisor Russ Tedrake,5,5,https://dspace.mit.edu/server/api/core/bitstreams/0c66fd14-0c57-44b1-83f9-61a0fdc4e5f8/content,2026-08-06
MIT-2020-077,Alberto Rodriguez,"Rodriguez, Alberto",committee,"committee members, Professors Alberto Rodriguez and Phil Isola for giving great feedback",5,5,https://dspace.mit.edu/server/api/core/bitstreams/0c66fd14-0c57-44b1-83f9-61a0fdc4e5f8/content,2026-08-06
MIT-2020-077,Phil Isola,"Isola, Phil",committee,"committee members, Professors Alberto Rodriguez and Phil Isola for giving great feedback",5,5,https://dspace.mit.edu/server/api/core/bitstreams/0c66fd14-0c57-44b1-83f9-61a0fdc4e5f8/content,2026-08-06
MIT-2020-077,Tomás Lozano-Perez,"Lozano-Pérez, Tomás",other,other MIT faculty that I have interacted with through the years,5,5,https://dspace.mit.edu/server/api/core/bitstreams/0c66fd14-0c57-44b1-83f9-61a0fdc4e5f8/content,2026-08-06
MIT-2020-077,Leslie Kaelbling,"Kaelbling, Leslie",other,other MIT faculty that I have interacted with through the years,5,5,https://dspace.mit.edu/server/api/core/bitstreams/0c66fd14-0c57-44b1-83f9-61a0fdc4e5f8/content,2026-08-06
MIT-2020-077,Nicholas Roy,"Roy, Nicholas",other,other MIT faculty that I have interacted with through the years,5,5,https://dspace.mit.edu/server/api/core/bitstreams/0c66fd14-0c57-44b1-83f9-61a0fdc4e5f8/content,2026-08-06
MIT-2020-077,Neville Hogan,"Hogan, Neville",other,other MIT faculty that I have interacted with through the years,5,5,https://dspace.mit.edu/server/api/core/bitstreams/0c66fd14-0c57-44b1-83f9-61a0fdc4e5f8/content,2026-08-06
MIT-2020-077,John Leonard,"Leonard, John",other,other MIT faculty that I have interacted with through the years,5,5,https://dspace.mit.edu/server/api/core/bitstreams/0c66fd14-0c57-44b1-83f9-61a0fdc4e5f8/content,2026-08-06
MIT-2020-077,Rob Townsend,"Townsend, Rob",other,other MIT faculty that I have interacted with through the years,5,5,https://dspace.mit.edu/server/api/core/bitstreams/0c66fd14-0c57-44b1-83f9-61a0fdc4e5f8/content,2026-08-06
MIT-2020-077,Ivan Werning,"Werning, Ivan",other,other MIT faculty that I have interacted with through the years,5,5,https://dspace.mit.edu/server/api/core/bitstreams/0c66fd14-0c57-44b1-83f9-61a0fdc4e5f8/content,2026-08-06
MIT-2020-077,Matt Antone,"Antone, Matt",collaborator,my fellow DRC teammates,5,5,https://dspace.mit.edu/server/api/core/bitstreams/0c66fd14-0c57-44b1-83f9-61a0fdc4e5f8/content,2026-08-06
MIT-2020-077,Andrés Valenzuela,"Valenzuela, Andrés",collaborator,especially want to thank Pat Marion and Andres Valenzuela for spending countless hours explaining robotics,5,5,https://dspace.mit.edu/server/api/core/bitstreams/0c66fd14-0c57-44b1-83f9-61a0fdc4e5f8/content,2026-08-06
MIT-2020-077,Bryt Bradley,"Bradley, Bryt",collaborator,my fellow DRC teammates,5,5,https://dspace.mit.edu/server/api/core/bitstreams/0c66fd14-0c57-44b1-83f9-61a0fdc4e5f8/content,2026-08-06
MIT-2020-077,Claudia Perez D'Arpino,"D'Arpino, Claudia Perez",collaborator,my fellow DRC teammates,5,5,https://dspace.mit.edu/server/api/core/bitstreams/0c66fd14-0c57-44b1-83f9-61a0fdc4e5f8/content,2026-08-06
MIT-2020-077,Gregory Izatt,"Izatt, Gregory",collaborator,my fellow DRC teammates,5,5,https://dspace.mit.edu/server/api/core/bitstreams/0c66fd14-0c57-44b1-83f9-61a0fdc4e5f8/content,2026-08-06
MIT-2020-077,Hongkai Dai,"Dai, Hongkai",collaborator,my fellow DRC teammates,5,5,https://dspace.mit.edu/server/api/core/bitstreams/0c66fd14-0c57-44b1-83f9-61a0fdc4e5f8/content,2026-08-06
MIT-2020-077,John Carter,"Carter, John",collaborator,my fellow DRC teammates,5,5,https://dspace.mit.edu/server/api/core/bitstreams/0c66fd14-0c57-44b1-83f9-61a0fdc4e5f8/content,2026-08-06
MIT-2020-077,Robin Deits,"Deits, Robin",collaborator,my fellow DRC teammates,5,5,https://dspace.mit.edu/server/api/core/bitstreams/0c66fd14-0c57-44b1-83f9-61a0fdc4e5f8/content,2026-08-06
MIT-2020-077,Steve Proulx,"Proulx, Steve",collaborator,my fellow DRC teammates,5,5,https://dspace.mit.edu/server/api/core/bitstreams/0c66fd14-0c57-44b1-83f9-61a0fdc4e5f8/content,2026-08-06
MIT-2020-077,Toby Schneider,"Schneider, Toby",collaborator,my fellow DRC teammates,5,5,https://dspace.mit.edu/server/api/core/bitstreams/0c66fd14-0c57-44b1-83f9-61a0fdc4e5f8/content,2026-08-06
MIT-2020-077,Twan Koolen,"Koolen, Twan",collaborator,my fellow DRC teammates,5,5,https://dspace.mit.edu/server/api/core/bitstreams/0c66fd14-0c57-44b1-83f9-61a0fdc4e5f8/content,2026-08-06
MIT-2020-077,Scott Kuindersma,"Kuindersma, Scott",collaborator,my fellow DRC teammates,5,5,https://dspace.mit.edu/server/api/core/bitstreams/0c66fd14-0c57-44b1-83f9-61a0fdc4e5f8/content,2026-08-06
MIT-2020-077,Pat Marion,"Marion, Pat",collaborator,especially want to thank Pat Marion and Andres Valenzuela for spending countless hours explaining robotics,5,5,https://dspace.mit.edu/server/api/core/bitstreams/0c66fd14-0c57-44b1-83f9-61a0fdc4e5f8/content,2026-08-06
MIT-2020-077,Maurice Fallon,"Fallon, Maurice",collaborator,my fellow DRC teammates,5,5,https://dspace.mit.edu/server/api/core/bitstreams/0c66fd14-0c57-44b1-83f9-61a0fdc4e5f8/content,2026-08-06
MIT-2020-077,Pete Florence,"Florence, Pete",labmate,co-author and labmate Pete Florence. Pete has been a great co-author and friend,5,5,https://dspace.mit.edu/server/api/core/bitstreams/0c66fd14-0c57-44b1-83f9-61a0fdc4e5f8/content,2026-08-06
MIT-2020-078,Larry,"Wald, Lawrence L.",advisor,"thesis committee: Larry, for giving me the latitude to try unproven things in lab",5,5,https://dspace.mit.edu/server/api/core/bitstreams/8f8ea773-8f16-4e6c-9e58-3f306ad4d316/content,2026-08-06
MIT-2020-078,Elfar,Elfar,committee,"thesis committee: ... Elfar, for first teaching me about MRI ... supporting my Master's research",5,5,https://dspace.mit.edu/server/api/core/bitstreams/8f8ea773-8f16-4e6c-9e58-3f306ad4d316/content,2026-08-06
MIT-2020-078,Denny,Denny,committee,"thesis committee: ... Denny, for diving into the world of MRI",5,5,https://dspace.mit.edu/server/api/core/bitstreams/8f8ea773-8f16-4e6c-9e58-3f306ad4d316/content,2026-08-06
MIT-2020-078,Clarissa,Clarissa,committee,"thesis committee: ... Clarissa, for sharing your technical insights",5,5,https://dspace.mit.edu/server/api/core/bitstreams/8f8ea773-8f16-4e6c-9e58-3f306ad4d316/content,2026-08-06
MIT-2020-078,Thomas Witzel,"Witzel, Thomas",collaborator,"Thomas Witzel, for his endless knowledge of all things MRI and his willingness to share it",5,5,https://dspace.mit.edu/server/api/core/bitstreams/8f8ea773-8f16-4e6c-9e58-3f306ad4d316/content,2026-08-06
MIT-2020-078,Matt Rosen,"Rosen, Matt",collaborator,"Matt Rosen, for teaching me much about low-field systems, experimental protocols, and mechanical craft",5,5,https://dspace.mit.edu/server/api/core/bitstreams/8f8ea773-8f16-4e6c-9e58-3f306ad4d316/content,2026-08-06
MIT-2020-078,Jason Stockmann,"Stockmann, Jason",collaborator,"Jason Stockmann, for insights into sequences, systems, and electronics",5,5,https://dspace.mit.edu/server/api/core/bitstreams/8f8ea773-8f16-4e6c-9e58-3f306ad4d316/content,2026-08-06
MIT-2020-078,Krista,Krista,other,"Krista, for keeping the lab running",5,5,https://dspace.mit.edu/server/api/core/bitstreams/8f8ea773-8f16-4e6c-9e58-3f306ad4d316/content,2026-08-06
MIT-2020-078,Erica,Erica,labmate,"Erica, Eli, Melissa, and Monika for our many hours shared in lab",5,5,https://dspace.mit.edu/server/api/core/bitstreams/8f8ea773-8f16-4e6c-9e58-3f306ad4d316/content,2026-08-06
MIT-2020-078,Eli,Eli,labmate,"Erica, Eli, Melissa, and Monika for our many hours shared in lab",5,5,https://dspace.mit.edu/server/api/core/bitstreams/8f8ea773-8f16-4e6c-9e58-3f306ad4d316/content,2026-08-06
MIT-2020-078,Melissa,Melissa,labmate,"Erica, Eli, Melissa, and Monika for our many hours shared in lab",5,5,https://dspace.mit.edu/server/api/core/bitstreams/8f8ea773-8f16-4e6c-9e58-3f306ad4d316/content,2026-08-06
MIT-2020-078,Monika,Monika,labmate,"Erica, Eli, Melissa, and Monika for our many hours shared in lab",5,5,https://dspace.mit.edu/server/api/core/bitstreams/8f8ea773-8f16-4e6c-9e58-3f306ad4d316/content,2026-08-06
MIT-2020-078,Bragi Sveinsson,"Sveinsson, Bragi",labmate,"Bragi Sveinsson and Bo Zhao, for many hours of language instruction",5,5,https://dspace.mit.edu/server/api/core/bitstreams/8f8ea773-8f16-4e6c-9e58-3f306ad4d316/content,2026-08-06
MIT-2020-078,Bo Zhao,"Zhao, Bo",labmate,"Bragi Sveinsson and Bo Zhao, for many hours of language instruction",5,5,https://dspace.mit.edu/server/api/core/bitstreams/8f8ea773-8f16-4e6c-9e58-3f306ad4d316/content,2026-08-06
MIT-2020-078,Choukri Mekkaoui,"Mekkaoui, Choukri",labmate,"Choukri Mekkaoui, for always encouraging me to think beyond the walls of building 75",5,5,https://dspace.mit.edu/server/api/core/bitstreams/8f8ea773-8f16-4e6c-9e58-3f306ad4d316/content,2026-08-06
MIT-2020-078,Prof. Audrey Fan,"Fan, Audrey",other,"Prof. Audrey Fan, for mentoring me from the day I came across the acronym ""PROM""",5,5,https://dspace.mit.edu/server/api/core/bitstreams/8f8ea773-8f16-4e6c-9e58-3f306ad4d316/content,2026-08-06
MIT-2020-078,Jef Stout,"Stout, Jeff",friend,"Jef Stout, for being a friend and mentor through the entirety of my Ph.D",5,5,https://dspace.mit.edu/server/api/core/bitstreams/8f8ea773-8f16-4e6c-9e58-3f306ad4d316/content,2026-08-06
MIT-2020-078,Bekah,Bekah,friend,"Bekah, for asking thought-provoking questions about my research",5,5,https://dspace.mit.edu/server/api/core/bitstreams/8f8ea773-8f16-4e6c-9e58-3f306ad4d316/content,2026-08-06
MIT-2020-078,Mike G,Mike G,other,acquaintances outside of MRI: barkeep Mike G,5,5,https://dspace.mit.edu/server/api/core/bitstreams/8f8ea773-8f16-4e6c-9e58-3f306ad4d316/content,2026-08-06
MIT-2020-078,Joe,Joe,other,able seamen Joe and John,5,5,https://dspace.mit.edu/server/api/core/bitstreams/8f8ea773-8f16-4e6c-9e58-3f306ad4d316/content,2026-08-06
MIT-2020-078,John,John,other,able seamen Joe and John,5,5,https://dspace.mit.edu/server/api/core/bitstreams/8f8ea773-8f16-4e6c-9e58-3f306ad4d316/content,2026-08-06
MIT-2020-079,Mohammad Alizadeh,"Alizadeh, Mohammad",advisor,"immensely grateful to my advisor, Mohammad Alizadeh ... an ideal advisor",7,vii,https://dspace.mit.edu/server/api/core/bitstreams/27e2ab9a-2689-43f7-b3f3-7815290fec8a/content,2026-08-06
MIT-2020-079,Dina Katabi,"Katabi, Dina",other,"Dina Katabi and Fadel Adib, who advised my undergraduate intern research",7,vii,https://dspace.mit.edu/server/api/core/bitstreams/27e2ab9a-2689-43f7-b3f3-7815290fec8a/content,2026-08-06
MIT-2020-079,Fadel Adib,"Adib, Fadel",other,"Dina Katabi and Fadel Adib, who advised my undergraduate intern research",7,vii,https://dspace.mit.edu/server/api/core/bitstreams/27e2ab9a-2689-43f7-b3f3-7815290fec8a/content,2026-08-06
MIT-2020-080,Collin Stultz,"Stultz, Collin",advisor,"indebted to my thesis advisor, Collin Stultz, for his patience, encouragement, and guidance",5,5,https://dspace.mit.edu/server/api/core/bitstreams/2632c249-9a56-4b27-9a49-25f9b6f6cb9a/content,2026-08-06
MIT-2020-080,John Guttag,"Guttag, John",committee,thesis committee members John Guttag ... indispensable feedback throughout the years,5,5,https://dspace.mit.edu/server/api/core/bitstreams/2632c249-9a56-4b27-9a49-25f9b6f6cb9a/content,2026-08-06
MIT-2020-080,Peter Szolovits,"Szolovits, Peter",committee,Peter provided important input on the final drafts ... instrumental in preparing for the defense,5,5,https://dspace.mit.edu/server/api/core/bitstreams/2632c249-9a56-4b27-9a49-25f9b6f6cb9a/content,2026-08-06
MIT-2020-080,Wangzhi Dai,"Dai, Wangzhi",labmate,members of the Computational Cardiovascular Research Group ... for their fellowship and feedback,5,5,https://dspace.mit.edu/server/api/core/bitstreams/2632c249-9a56-4b27-9a49-25f9b6f6cb9a/content,2026-08-06
MIT-2020-080,Daphne Schlesinger,"Schlesinger, Daphne",labmate,members of the Computational Cardiovascular Research Group ... for their fellowship and feedback,5,5,https://dspace.mit.edu/server/api/core/bitstreams/2632c249-9a56-4b27-9a49-25f9b6f6cb9a/content,2026-08-06
MIT-2020-080,Aniruddh Raghu,"Raghu, Aniruddh",labmate,members of the Computational Cardiovascular Research Group ... for their fellowship and feedback,5,5,https://dspace.mit.edu/server/api/core/bitstreams/2632c249-9a56-4b27-9a49-25f9b6f6cb9a/content,2026-08-06
MIT-2020-080,Katherine Young,"Young, Katherine",labmate,members of the Computational Cardiovascular Research Group ... for their fellowship and feedback,5,5,https://dspace.mit.edu/server/api/core/bitstreams/2632c249-9a56-4b27-9a49-25f9b6f6cb9a/content,2026-08-06
MIT-2020-080,Erik Reinertsen,"Reinertsen, Erik",labmate,members of the Computational Cardiovascular Research Group ... for their fellowship and feedback,5,5,https://dspace.mit.edu/server/api/core/bitstreams/2632c249-9a56-4b27-9a49-25f9b6f6cb9a/content,2026-08-06
MIT-2020-080,Megumi Masuda-Loos,"Masuda-Loos, Megumi",labmate,members of the Computational Cardiovascular Research Group ... for their fellowship and feedback,5,5,https://dspace.mit.edu/server/api/core/bitstreams/2632c249-9a56-4b27-9a49-25f9b6f6cb9a/content,2026-08-06
MIT-2020-080,Arlene Wint,"Wint, Arlene",labmate,members of the Computational Cardiovascular Research Group ... for their fellowship and feedback,5,5,https://dspace.mit.edu/server/api/core/bitstreams/2632c249-9a56-4b27-9a49-25f9b6f6cb9a/content,2026-08-06
MIT-2020-080,Fr. John Downie,"Downie, John",other,would also like to thank Fr. John Downie and Presbytera Camelia for their kindness,5,5,https://dspace.mit.edu/server/api/core/bitstreams/2632c249-9a56-4b27-9a49-25f9b6f6cb9a/content,2026-08-06
MIT-2020-080,Presbytera Camelia,Camelia,other,Fr. John Downie and Presbytera Camelia for their kindness,5,5,https://dspace.mit.edu/server/api/core/bitstreams/2632c249-9a56-4b27-9a49-25f9b6f6cb9a/content,2026-08-06
MIT-2020-080,Harris Pitsillides,"Pitsillides, Harris",other,as well as Harris and Jessica Pitsillides ... never be able to thank them adequately,5,5,https://dspace.mit.edu/server/api/core/bitstreams/2632c249-9a56-4b27-9a49-25f9b6f6cb9a/content,2026-08-06
MIT-2020-080,Jessica Pitsillides,"Pitsillides, Jessica",other,as well as Harris and Jessica Pitsillides ... never be able to thank them adequately,5,5,https://dspace.mit.edu/server/api/core/bitstreams/2632c249-9a56-4b27-9a49-25f9b6f6cb9a/content,2026-08-06
MIT-2020-080,Fr. Asterios Gerostergios,"Gerostergios, Asterios",other,Thanks are also due to Fr. Asterios Gerostergios (+2019),5,5,https://dspace.mit.edu/server/api/core/bitstreams/2632c249-9a56-4b27-9a49-25f9b6f6cb9a/content,2026-08-06
MIT-2020-080,Venkat Arun,"Arun, Venkat",unclear,Thanks are also due to ... Venkat Arun,5,5,https://dspace.mit.edu/server/api/core/bitstreams/2632c249-9a56-4b27-9a49-25f9b6f6cb9a/content,2026-08-06
MIT-2020-082,Saman Amarasinghe,"Amarasinghe, Saman",advisor,"thank Saman Amarasinghe, my thesis supervisor and my mentor ... distilled in me the hunger for adventure",5,v,https://dspace.mit.edu/server/api/core/bitstreams/85f7ec07-31bd-49d7-80d9-e8f6b341e87e/content,2026-08-06
MIT-2020-082,Michael Carbin,"Carbin, Michael",committee,"thesis committee members, my advisor Saman, Michael Carbin and Armando Solar-Lezama",5,v,https://dspace.mit.edu/server/api/core/bitstreams/85f7ec07-31bd-49d7-80d9-e8f6b341e87e/content,2026-08-06
MIT-2020-082,Armando Solar-Lezama,"Solar-Lezama, Armando",committee,"thesis committee members, my advisor Saman, Michael Carbin and Armando Solar-Lezama",5,v,https://dspace.mit.edu/server/api/core/bitstreams/85f7ec07-31bd-49d7-80d9-e8f6b341e87e/content,2026-08-06
MIT-2020-082,Alex Renda,"Renda, Alex",collaborator,"thank all of the co-authors ... for all the contributions they made to the goSLP, Vemal and Ithemal projects",5,v,https://dspace.mit.edu/server/api/core/bitstreams/85f7ec07-31bd-49d7-80d9-e8f6b341e87e/content,2026-08-06
MIT-2020-082,Yishen Chen,"Chen, Yishen",collaborator,"thank all of the co-authors ... goSLP, Vemal and Ithemal projects",5,v,https://dspace.mit.edu/server/api/core/bitstreams/85f7ec07-31bd-49d7-80d9-e8f6b341e87e/content,2026-08-06
MIT-2020-082,Ajay Brahmakshatriya,"Brahmakshatriya, Ajay",collaborator,"thank all of the co-authors ... goSLP, Vemal and Ithemal projects",5,v,https://dspace.mit.edu/server/api/core/bitstreams/85f7ec07-31bd-49d7-80d9-e8f6b341e87e/content,2026-08-06
MIT-2020-082,Cambridge Yang,"Yang, Cambridge",collaborator,"thank all of the co-authors ... goSLP, Vemal and Ithemal projects",5,v,https://dspace.mit.edu/server/api/core/bitstreams/85f7ec07-31bd-49d7-80d9-e8f6b341e87e/content,2026-08-06
MIT-2020-082,Yewen Pu,"Pu, Yewen",collaborator,"thank all of the co-authors ... goSLP, Vemal and Ithemal projects",5,v,https://dspace.mit.edu/server/api/core/bitstreams/85f7ec07-31bd-49d7-80d9-e8f6b341e87e/content,2026-08-06
MIT-2020-082,Eric Atkinson,"Atkinson, Eric",collaborator,"thank all of the co-authors ... goSLP, Vemal and Ithemal projects",5,v,https://dspace.mit.edu/server/api/core/bitstreams/85f7ec07-31bd-49d7-80d9-e8f6b341e87e/content,2026-08-06
MIT-2020-082,Ondrej Sykora,"Sykora, Ondrej",collaborator,"thank all of the co-authors ... goSLP, Vemal and Ithemal projects",5,v,https://dspace.mit.edu/server/api/core/bitstreams/85f7ec07-31bd-49d7-80d9-e8f6b341e87e/content,2026-08-06
MIT-2020-082,Jeffrey Bosboom,"Bosboom, Jeffrey",collaborator,thank all collaborators and co-authors who were part of those projects,5,v,https://dspace.mit.edu/server/api/core/bitstreams/85f7ec07-31bd-49d7-80d9-e8f6b341e87e/content,2026-08-06
MIT-2020-082,Kevin Wu,"Wu, Kevin",collaborator,thank all collaborators and co-authors who were part of those projects,5,v,https://dspace.mit.edu/server/api/core/bitstreams/85f7ec07-31bd-49d7-80d9-e8f6b341e87e/content,2026-08-06
MIT-2020-082,Jonathan Ragan-Kelley,"Ragan-Kelley, Jonathan",collaborator,thank all collaborators and co-authors who were part of those projects,5,v,https://dspace.mit.edu/server/api/core/bitstreams/85f7ec07-31bd-49d7-80d9-e8f6b341e87e/content,2026-08-06
MIT-2020-082,Yunming Zhang,"Zhang, Yunming",collaborator,thank all collaborators and co-authors who were part of those projects,5,v,https://dspace.mit.edu/server/api/core/bitstreams/85f7ec07-31bd-49d7-80d9-e8f6b341e87e/content,2026-08-06
MIT-2020-082,Vladimir Kiriansky,"Kiriansky, Vladimir",collaborator,thank all collaborators and co-authors who were part of those projects,5,v,https://dspace.mit.edu/server/api/core/bitstreams/85f7ec07-31bd-49d7-80d9-e8f6b341e87e/content,2026-08-06
MIT-2020-082,Paras Jain,"Jain, Paras",collaborator,Paras Jain from UC Berkeley,5,v,https://dspace.mit.edu/server/api/core/bitstreams/85f7ec07-31bd-49d7-80d9-e8f6b341e87e/content,2026-08-06
MIT-2020-082,Saeed Maleki,"Maleki, Saeed",collaborator,"Saeed Maleki, Madan Musuvathi ... from Microsoft Research",5,v,https://dspace.mit.edu/server/api/core/bitstreams/85f7ec07-31bd-49d7-80d9-e8f6b341e87e/content,2026-08-06
MIT-2020-082,Madan Musuvathi,"Musuvathi, Madan",collaborator,"Saeed Maleki, Madan Musuvathi ... from Microsoft Research",5,v,https://dspace.mit.edu/server/api/core/bitstreams/85f7ec07-31bd-49d7-80d9-e8f6b341e87e/content,2026-08-06
MIT-2020-082,Todd Mytkowicz,"Mytkowicz, Todd",collaborator,"Todd Mytkowicz, Jasha Droppo, Geoffrey Zweig from Microsoft Research",5,v,https://dspace.mit.edu/server/api/core/bitstreams/85f7ec07-31bd-49d7-80d9-e8f6b341e87e/content,2026-08-06
MIT-2020-082,Jasha Droppo,"Droppo, Jasha",collaborator,"Todd Mytkowicz, Jasha Droppo, Geoffrey Zweig from Microsoft Research",5,v,https://dspace.mit.edu/server/api/core/bitstreams/85f7ec07-31bd-49d7-80d9-e8f6b341e87e/content,2026-08-06
MIT-2020-082,Geoffrey Zweig,"Zweig, Geoffrey",collaborator,"Todd Mytkowicz, Jasha Droppo, Geoffrey Zweig from Microsoft Research",5,v,https://dspace.mit.edu/server/api/core/bitstreams/85f7ec07-31bd-49d7-80d9-e8f6b341e87e/content,2026-08-06
MIT-2020-082,Matei Zaharia,"Zaharia, Matei",collaborator,Matei Zaharia from Stanford,5,v,https://dspace.mit.edu/server/api/core/bitstreams/85f7ec07-31bd-49d7-80d9-e8f6b341e87e/content,2026-08-06
MIT-2020-082,Sylvain Paris,"Paris, Sylvain",collaborator,"Sylvain Paris, Shoaib Kamil from Adobe",5,v,https://dspace.mit.edu/server/api/core/bitstreams/85f7ec07-31bd-49d7-80d9-e8f6b341e87e/content,2026-08-06
MIT-2020-082,Shoaib Kamil,"Kamil, Shoaib",collaborator,"Sylvain Paris, Shoaib Kamil from Adobe",5,v,https://dspace.mit.edu/server/api/core/bitstreams/85f7ec07-31bd-49d7-80d9-e8f6b341e87e/content,2026-08-06
MIT-2020-082,Qin Zhao,"Zhao, Qin",collaborator,Qin Zhao from Google,5,v,https://dspace.mit.edu/server/api/core/bitstreams/85f7ec07-31bd-49d7-80d9-e8f6b341e87e/content,2026-08-06
MIT-2020-083,Professor Srini Devadas,"Devadas, Srinivas",advisor,"I thank my advisor, Professor Srini Devadas ... for their guidance and advice",5,5,https://dspace.mit.edu/server/api/core/bitstreams/8474e711-53d4-4e1e-a242-c6c6b5361b5c/content,2026-08-06
MIT-2020-083,Professor Vijay Janapa Reddi,"Reddi, Vijay Janapa",committee,"my thesis committee members, Professor Vijay Janapa Reddi and Professor Daniel Sanchez",5,5,https://dspace.mit.edu/server/api/core/bitstreams/8474e711-53d4-4e1e-a242-c6c6b5361b5c/content,2026-08-06
MIT-2020-083,Professor Daniel Sanchez,"Sanchez, Daniel",committee,"my thesis committee members, Professor Vijay Janapa Reddi and Professor Daniel Sanchez",5,5,https://dspace.mit.edu/server/api/core/bitstreams/8474e711-53d4-4e1e-a242-c6c6b5361b5c/content,2026-08-06
MIT-2020-083,Brian Plancher,"Plancher, Brian",collaborator,collaborators who contributed to the projects described in this work,5,5,https://dspace.mit.edu/server/api/core/bitstreams/8474e711-53d4-4e1e-a242-c6c6b5361b5c/content,2026-08-06
MIT-2020-083,Thomas Bourgeat,"Bourgeat, Thomas",collaborator,collaborators who contributed to the projects described in this work,5,5,https://dspace.mit.edu/server/api/core/bitstreams/8474e711-53d4-4e1e-a242-c6c6b5361b5c/content,2026-08-06
MIT-2020-083,Thierry Tambe,"Tambe, Thierry",collaborator,collaborators who contributed to the projects described in this work,5,5,https://dspace.mit.edu/server/api/core/bitstreams/8474e711-53d4-4e1e-a242-c6c6b5361b5c/content,2026-08-06
MIT-2020-083,Twan Koolen,"Koolen, Twan",collaborator,collaborators who contributed to the projects described in this work,5,5,https://dspace.mit.edu/server/api/core/bitstreams/8474e711-53d4-4e1e-a242-c6c6b5361b5c/content,2026-08-06
MIT-2020-083,Jules Drean,"Drean, Jules",collaborator,collaborators who contributed to the projects described in this work,5,5,https://dspace.mit.edu/server/api/core/bitstreams/8474e711-53d4-4e1e-a242-c6c6b5361b5c/content,2026-08-06
MIT-2020-083,Jason Miller,"Miller, Jason",collaborator,collaborators who contributed to the projects described in this work,5,5,https://dspace.mit.edu/server/api/core/bitstreams/8474e711-53d4-4e1e-a242-c6c6b5361b5c/content,2026-08-06
MIT-2020-083,Robin Deits,"Deits, Robin",collaborator,collaborators who contributed to the projects described in this work,5,5,https://dspace.mit.edu/server/api/core/bitstreams/8474e711-53d4-4e1e-a242-c6c6b5361b5c/content,2026-08-06
MIT-2020-083,Olivia Leitermann,"Leitermann, Olivia",unclear,Special thanks to Olivia Leitermann for her support,5,5,https://dspace.mit.edu/server/api/core/bitstreams/8474e711-53d4-4e1e-a242-c6c6b5361b5c/content,2026-08-06
MIT-2020-084,Polina Golland,"Golland, Polina",advisor,"would like to thank my advisor, Polina Golland ... true advocate for her students and a superb mentor",5,5,https://dspace.mit.edu/server/api/core/bitstreams/e212e8ee-c6ac-4af6-9700-caafb5f84f6d/content,2026-08-06
MIT-2020-084,Mehdi Hedjazi Moghari,"Moghari, Mehdi Hedjazi",collaborator,"the assistance of Mehdi Hedjazi Moghari, my longtime collaborator at Boston Children's Hospital",5,5,https://dspace.mit.edu/server/api/core/bitstreams/e212e8ee-c6ac-4af6-9700-caafb5f84f6d/content,2026-08-06
MIT-2020-084,Phillip Isola,"Isola, Phillip",committee,"other two members of my committee, Phillip Isola and Juan Eugenio Iglesias, provided excellent insights",5,5,https://dspace.mit.edu/server/api/core/bitstreams/e212e8ee-c6ac-4af6-9700-caafb5f84f6d/content,2026-08-06
MIT-2020-084,Juan Eugenio Iglesias,"Iglesias, Juan Eugenio",committee,"other two members of my committee, Phillip Isola and Juan Eugenio Iglesias, provided excellent insights",5,5,https://dspace.mit.edu/server/api/core/bitstreams/e212e8ee-c6ac-4af6-9700-caafb5f84f6d/content,2026-08-06
MIT-2020-085,Nick Roy,"Roy, Nicholas",advisor,not enough words to thank my advisor Nick Roy for providing me with a series of opportunities,5,5,https://dspace.mit.edu/server/api/core/bitstreams/4acf1f21-de0b-41ec-9f0a-beb3fc2d3151/content,2026-08-06
MIT-2020-085,Tomas Lozano-Perez,"Lozano-Perez, Tomas",committee,My committee members Tomas Lozano-Perez and Russ Tedrake ... invaluable resources in refining this thesis,5,5,https://dspace.mit.edu/server/api/core/bitstreams/4acf1f21-de0b-41ec-9f0a-beb3fc2d3151/content,2026-08-06
MIT-2020-085,Russ Tedrake,"Tedrake, Russ",committee,My committee members Tomas Lozano-Perez and Russ Tedrake ... invaluable resources in refining this thesis,5,5,https://dspace.mit.edu/server/api/core/bitstreams/4acf1f21-de0b-41ec-9f0a-beb3fc2d3151/content,2026-08-06
MIT-2020-085,Seth Teller,"Teller, Seth",other,"became interested in robotics research thanks to Nick Roy, Seth Teller, John Leonard, Una-May O'Reilly, and Daniela Rus",5,5,https://dspace.mit.edu/server/api/core/bitstreams/4acf1f21-de0b-41ec-9f0a-beb3fc2d3151/content,2026-08-06
MIT-2020-085,John Leonard,"Leonard, John",other,"became interested in robotics research thanks to Nick Roy, Seth Teller, John Leonard, Una-May O'Reilly, and Daniela Rus",5,5,https://dspace.mit.edu/server/api/core/bitstreams/4acf1f21-de0b-41ec-9f0a-beb3fc2d3151/content,2026-08-06
MIT-2020-085,Una-May O'Reilly,"O'Reilly, Una-May",other,"became interested in robotics research thanks to Nick Roy, Seth Teller, John Leonard, Una-May O'Reilly, and Daniela Rus",5,5,https://dspace.mit.edu/server/api/core/bitstreams/4acf1f21-de0b-41ec-9f0a-beb3fc2d3151/content,2026-08-06
MIT-2020-085,Daniela Rus,"Rus, Daniela",other,"became interested in robotics research thanks to Nick Roy, Seth Teller, John Leonard, Una-May O'Reilly, and Daniela Rus",5,5,https://dspace.mit.edu/server/api/core/bitstreams/4acf1f21-de0b-41ec-9f0a-beb3fc2d3151/content,2026-08-06
MIT-2020-085,Ruijie He,"He, Ruijie",collaborator,Nick Roy and Ruijie He had helicopters taking flight,5,5,https://dspace.mit.edu/server/api/core/bitstreams/4acf1f21-de0b-41ec-9f0a-beb3fc2d3151/content,2026-08-06
MIT-2020-085,Abe Bachrach,"Bachrach, Abe",collaborator,Abe Bachrach equipped them to fly without GPS,5,5,https://dspace.mit.edu/server/api/core/bitstreams/4acf1f21-de0b-41ec-9f0a-beb3fc2d3151/content,2026-08-06
MIT-2020-085,Daniel Gurdan,"Gurdan, Daniel",collaborator,"teamed up with Daniel Gurdan, Jan Stumpf, Michael Achtelik and Markus Achtelik from Ascending Technologies",5,5,https://dspace.mit.edu/server/api/core/bitstreams/4acf1f21-de0b-41ec-9f0a-beb3fc2d3151/content,2026-08-06
MIT-2020-085,Jan Stumpf,"Stumpf, Jan",collaborator,"teamed up with Daniel Gurdan, Jan Stumpf, Michael Achtelik and Markus Achtelik from Ascending Technologies",5,5,https://dspace.mit.edu/server/api/core/bitstreams/4acf1f21-de0b-41ec-9f0a-beb3fc2d3151/content,2026-08-06
MIT-2020-085,Michael Achtelik,"Achtelik, Michael",collaborator,"teamed up with Daniel Gurdan, Jan Stumpf, Michael Achtelik and Markus Achtelik from Ascending Technologies",5,5,https://dspace.mit.edu/server/api/core/bitstreams/4acf1f21-de0b-41ec-9f0a-beb3fc2d3151/content,2026-08-06
MIT-2020-085,Markus Achtelik,"Achtelik, Markus",collaborator,"teamed up with Daniel Gurdan, Jan Stumpf, Michael Achtelik and Markus Achtelik from Ascending Technologies",5,5,https://dspace.mit.edu/server/api/core/bitstreams/4acf1f21-de0b-41ec-9f0a-beb3fc2d3151/content,2026-08-06
MIT-2020-085,Alec Shkolnik,"Shkolnik, Alec",collaborator,"joined the Learning Locomotion project ... working with Alec Shkolnik, Katie Byl, and John Roberts",5,5,https://dspace.mit.edu/server/api/core/bitstreams/4acf1f21-de0b-41ec-9f0a-beb3fc2d3151/content,2026-08-06
MIT-2020-085,Katie Byl,"Byl, Katie",collaborator,"joined the Learning Locomotion project ... working with Alec Shkolnik, Katie Byl, and John Roberts",5,5,https://dspace.mit.edu/server/api/core/bitstreams/4acf1f21-de0b-41ec-9f0a-beb3fc2d3151/content,2026-08-06
MIT-2020-085,John Roberts,"Roberts, John",collaborator,"joined the Learning Locomotion project ... working with Alec Shkolnik, Katie Byl, and John Roberts",5,5,https://dspace.mit.edu/server/api/core/bitstreams/4acf1f21-de0b-41ec-9f0a-beb3fc2d3151/content,2026-08-06
MIT-2020-086,Muriel Médard,"Médard, Muriel",advisor,"deep gratitude to my research advisor Muriel Médard, for her patient guidance, enthusiastic support",5,5,https://dspace.mit.edu/server/api/core/bitstreams/ad07a5af-c5fe-4386-9866-a89be70fd388/content,2026-08-06
MIT-2020-086,Flavio Du Pin Calmon,"Calmon, Flavio Du Pin",committee,"grateful to the members of this committee: Flavio Du Pin Calmon, and Vinod Vaikuntanathan",5,5,https://dspace.mit.edu/server/api/core/bitstreams/ad07a5af-c5fe-4386-9866-a89be70fd388/content,2026-08-06
MIT-2020-086,Vinod Vaikuntanathan,"Vaikuntanathan, Vinod",committee,"grateful to the members of this committee: Flavio Du Pin Calmon, and Vinod Vaikuntanathan",5,5,https://dspace.mit.edu/server/api/core/bitstreams/ad07a5af-c5fe-4386-9866-a89be70fd388/content,2026-08-06
MIT-2020-086,Amit Solomon,"Solomon, Amit",labmate,"thankful to the many students and friends that fostered this environment, including Amit Solomon...",5,5,https://dspace.mit.edu/server/api/core/bitstreams/ad07a5af-c5fe-4386-9866-a89be70fd388/content,2026-08-06
MIT-2020-086,Litian Liu,"Liu, Litian",labmate,thankful to the many students and friends that fostered this environment ... NCRC group,5,5,https://dspace.mit.edu/server/api/core/bitstreams/ad07a5af-c5fe-4386-9866-a89be70fd388/content,2026-08-06
MIT-2020-086,Kathleen Yang,"Yang, Kathleen",labmate,thankful to the many students and friends that fostered this environment ... NCRC group,5,5,https://dspace.mit.edu/server/api/core/bitstreams/ad07a5af-c5fe-4386-9866-a89be70fd388/content,2026-08-06
MIT-2020-086,Diana González,"González, Diana",labmate,thankful to the many students and friends that fostered this environment ... NCRC group,5,5,https://dspace.mit.edu/server/api/core/bitstreams/ad07a5af-c5fe-4386-9866-a89be70fd388/content,2026-08-06
MIT-2020-086,Derya Malak,"Malak, Derya",labmate,thankful to the many students and friends that fostered this environment ... NCRC group,5,5,https://dspace.mit.edu/server/api/core/bitstreams/ad07a5af-c5fe-4386-9866-a89be70fd388/content,2026-08-06
MIT-2020-086,Ahmad Beirami,"Beirami, Ahmad",labmate,thankful to the many students and friends that fostered this environment ... NCRC group,5,5,https://dspace.mit.edu/server/api/core/bitstreams/ad07a5af-c5fe-4386-9866-a89be70fd388/content,2026-08-06
MIT-2020-086,Wasim Huleihel,"Huleihel, Wasim",labmate,thankful to the many students and friends that fostered this environment ... NCRC group,5,5,https://dspace.mit.edu/server/api/core/bitstreams/ad07a5af-c5fe-4386-9866-a89be70fd388/content,2026-08-06
MIT-2020-086,Alejandro Cohen,"Cohen, Alejandro",labmate,thankful to the many students and friends that fostered this environment ... NCRC group,5,5,https://dspace.mit.edu/server/api/core/bitstreams/ad07a5af-c5fe-4386-9866-a89be70fd388/content,2026-08-06
MIT-2020-086,Rafael D'Oliveira,"D'Oliveira, Rafael",labmate,thankful to the many students and friends that fostered this environment ... NCRC group,5,5,https://dspace.mit.edu/server/api/core/bitstreams/ad07a5af-c5fe-4386-9866-a89be70fd388/content,2026-08-06
MIT-2020-086,Weifei Zeng,"Zeng, Weifei",labmate,thankful to the many students and friends that fostered this environment ... NCRC group,5,5,https://dspace.mit.edu/server/api/core/bitstreams/ad07a5af-c5fe-4386-9866-a89be70fd388/content,2026-08-06
MIT-2020-086,Arman Rezaee,"Rezaee, Arman",labmate,particularly thankful ... to Arman Rezaee for making sure I never broke,5,5,https://dspace.mit.edu/server/api/core/bitstreams/ad07a5af-c5fe-4386-9866-a89be70fd388/content,2026-08-06
MIT-2020-086,Homa Esfahanizadeh,"Esfahanizadeh, Homa",labmate,thankful to the many students and friends that fostered this environment ... NCRC group,5,5,https://dspace.mit.edu/server/api/core/bitstreams/ad07a5af-c5fe-4386-9866-a89be70fd388/content,2026-08-06
MIT-2020-086,Georgios Angelopoulos,"Angelopoulos, Georgios",labmate,thankful to the many students and friends that fostered this environment ... NCRC group,5,5,https://dspace.mit.edu/server/api/core/bitstreams/ad07a5af-c5fe-4386-9866-a89be70fd388/content,2026-08-06
MIT-2020-086,Jason Cloud,"Cloud, Jason",labmate,thankful to the many students and friends that fostered this environment ... NCRC group,5,5,https://dspace.mit.edu/server/api/core/bitstreams/ad07a5af-c5fe-4386-9866-a89be70fd388/content,2026-08-06
MIT-2020-086,Soheil Feizi,"Feizi, Soheil",labmate,"particularly thankful to Soheil Feizi, for hosting me in his apartment when I first joined MIT",5,5,https://dspace.mit.edu/server/api/core/bitstreams/ad07a5af-c5fe-4386-9866-a89be70fd388/content,2026-08-06
MIT-2020-086,Jiange Li,"Li, Jiange",labmate,thankful to the many students and friends that fostered this environment ... NCRC group,5,5,https://dspace.mit.edu/server/api/core/bitstreams/ad07a5af-c5fe-4386-9866-a89be70fd388/content,2026-08-06
MIT-2020-086,Kerim Fouli,"Fouli, Kerim",labmate,thankful to the many students and friends that fostered this environment ... NCRC group,5,5,https://dspace.mit.edu/server/api/core/bitstreams/ad07a5af-c5fe-4386-9866-a89be70fd388/content,2026-08-06
MIT-2020-086,Vitaly Abdrashitov,"Abdrashitov, Vitaly",labmate,thankful to the many students and friends that fostered this environment ... NCRC group,5,5,https://dspace.mit.edu/server/api/core/bitstreams/ad07a5af-c5fe-4386-9866-a89be70fd388/content,2026-08-06
MIT-2020-086,Jinfeng Du,"Du, Jinfeng",labmate,thankful to the many students and friends that fostered this environment ... NCRC group,5,5,https://dspace.mit.edu/server/api/core/bitstreams/ad07a5af-c5fe-4386-9866-a89be70fd388/content,2026-08-06
MIT-2020-086,Ali Makhdoumi,"Makhdoumi, Ali",labmate,thankful to the many students and friends that fostered this environment ... NCRC group,5,5,https://dspace.mit.edu/server/api/core/bitstreams/ad07a5af-c5fe-4386-9866-a89be70fd388/content,2026-08-06
MIT-2020-087,Sam Madden,"Madden, Samuel R.",advisor,thank my advisor Sam Madden for his guidance and support throughout my graduate studies,5,5,https://dspace.mit.edu/server/api/core/bitstreams/4681ad87-99a3-48a5-b6f0-31b87bcdf87b/content,2026-08-06
MIT-2020-087,Xiangyao Yu,"Yu, Xiangyao",committee,rest of my committee members. I thank Xiangyao Yu for being a great collaborator and a good friend,5,5,https://dspace.mit.edu/server/api/core/bitstreams/4681ad87-99a3-48a5-b6f0-31b87bcdf87b/content,2026-08-06
MIT-2020-087,Tim Kraska,"Kraska, Tim",committee,Tim Kraska for his thought provoking discussions ... and additionally for serving on my committee,5,5,https://dspace.mit.edu/server/api/core/bitstreams/4681ad87-99a3-48a5-b6f0-31b87bcdf87b/content,2026-08-06
MIT-2020-087,Alekh Jindal,"Jindal, Alekh",collaborator,special thanks to my collaborators over the years ... Alekh Jindal for being a hands-on mentor,5,5,https://dspace.mit.edu/server/api/core/bitstreams/4681ad87-99a3-48a5-b6f0-31b87bcdf87b/content,2026-08-06
MIT-2020-087,Holger Pirk,"Pirk, Holger",collaborator,loved working with Holger Pirk who got me interested in in-memory databases,5,5,https://dspace.mit.edu/server/api/core/bitstreams/4681ad87-99a3-48a5-b6f0-31b87bcdf87b/content,2026-08-06
MIT-2020-087,Nesime Tatbul,"Tatbul, Nesime",collaborator,enjoyed collaborating with Nesime Tatbul ... showed me a different view of research from the industry side,5,5,https://dspace.mit.edu/server/api/core/bitstreams/4681ad87-99a3-48a5-b6f0-31b87bcdf87b/content,2026-08-06
MIT-2020-087,Favyen,Favyen,labmate,"amazing research group that I have been fortunate to be a part of: Favyen, Kapil, Oscar...",5,5,https://dspace.mit.edu/server/api/core/bitstreams/4681ad87-99a3-48a5-b6f0-31b87bcdf87b/content,2026-08-06
MIT-2020-087,Kapil,Kapil,labmate,amazing research group that I have been fortunate to be a part of,5,5,https://dspace.mit.edu/server/api/core/bitstreams/4681ad87-99a3-48a5-b6f0-31b87bcdf87b/content,2026-08-06
MIT-2020-087,Oscar,Oscar,labmate,amazing research group that I have been fortunate to be a part of,5,5,https://dspace.mit.edu/server/api/core/bitstreams/4681ad87-99a3-48a5-b6f0-31b87bcdf87b/content,2026-08-06
MIT-2020-087,Yi,Yi,labmate,amazing research group that I have been fortunate to be a part of,5,5,https://dspace.mit.edu/server/api/core/bitstreams/4681ad87-99a3-48a5-b6f0-31b87bcdf87b/content,2026-08-06
MIT-2020-087,Matt,Matt,labmate,amazing research group that I have been fortunate to be a part of,5,5,https://dspace.mit.edu/server/api/core/bitstreams/4681ad87-99a3-48a5-b6f0-31b87bcdf87b/content,2026-08-06
MIT-2020-087,Siva,Siva,labmate,amazing research group that I have been fortunate to be a part of,5,5,https://dspace.mit.edu/server/api/core/bitstreams/4681ad87-99a3-48a5-b6f0-31b87bcdf87b/content,2026-08-06
MIT-2020-087,Becca,Becca,labmate,amazing research group that I have been fortunate to be a part of,5,5,https://dspace.mit.edu/server/api/core/bitstreams/4681ad87-99a3-48a5-b6f0-31b87bcdf87b/content,2026-08-06
MIT-2020-087,Anant,Anant,labmate,amazing research group that I have been fortunate to be a part of,5,5,https://dspace.mit.edu/server/api/core/bitstreams/4681ad87-99a3-48a5-b6f0-31b87bcdf87b/content,2026-08-06
MIT-2020-087,Leilani,Leilani,labmate,amazing research group that I have been fortunate to be a part of,5,5,https://dspace.mit.edu/server/api/core/bitstreams/4681ad87-99a3-48a5-b6f0-31b87bcdf87b/content,2026-08-06
MIT-2020-087,Joana,Joana,labmate,amazing research group that I have been fortunate to be a part of,5,5,https://dspace.mit.edu/server/api/core/bitstreams/4681ad87-99a3-48a5-b6f0-31b87bcdf87b/content,2026-08-06
MIT-2020-087,Manasi,Manasi,labmate,amazing research group that I have been fortunate to be a part of,5,5,https://dspace.mit.edu/server/api/core/bitstreams/4681ad87-99a3-48a5-b6f0-31b87bcdf87b/content,2026-08-06
MIT-2020-087,Raul,Raul,labmate,amazing research group that I have been fortunate to be a part of,5,5,https://dspace.mit.edu/server/api/core/bitstreams/4681ad87-99a3-48a5-b6f0-31b87bcdf87b/content,2026-08-06
MIT-2020-087,Emanuel,Emanuel,labmate,amazing research group that I have been fortunate to be a part of,5,5,https://dspace.mit.edu/server/api/core/bitstreams/4681ad87-99a3-48a5-b6f0-31b87bcdf87b/content,2026-08-06
MIT-2020-087,Dong,Dong,labmate,amazing research group that I have been fortunate to be a part of,5,5,https://dspace.mit.edu/server/api/core/bitstreams/4681ad87-99a3-48a5-b6f0-31b87bcdf87b/content,2026-08-06
MIT-2020-087,Lei,Lei,labmate,amazing research group that I have been fortunate to be a part of,5,5,https://dspace.mit.edu/server/api/core/bitstreams/4681ad87-99a3-48a5-b6f0-31b87bcdf87b/content,2026-08-06
MIT-2020-087,Wenbo,Wenbo,labmate,amazing research group that I have been fortunate to be a part of,5,5,https://dspace.mit.edu/server/api/core/bitstreams/4681ad87-99a3-48a5-b6f0-31b87bcdf87b/content,2026-08-06
MIT-2020-087,Nishant,Nishant,friend,"Special thanks to Nishant, Anurag, and Tuhin who have shared this journey with me",5,5,https://dspace.mit.edu/server/api/core/bitstreams/4681ad87-99a3-48a5-b6f0-31b87bcdf87b/content,2026-08-06
MIT-2020-087,Anurag,Anurag,friend,"Special thanks to Nishant, Anurag, and Tuhin who have shared this journey with me",5,5,https://dspace.mit.edu/server/api/core/bitstreams/4681ad87-99a3-48a5-b6f0-31b87bcdf87b/content,2026-08-06
MIT-2020-087,Tuhin,Tuhin,friend,"Special thanks to Nishant, Anurag, and Tuhin who have shared this journey with me",5,5,https://dspace.mit.edu/server/api/core/bitstreams/4681ad87-99a3-48a5-b6f0-31b87bcdf87b/content,2026-08-06
MIT-2020-087,Srivatsa,Srivatsa,friend,"thank Srivatsa, Shelar, Prateesh, Shibani ... for making the past few years enjoyable",5,5,https://dspace.mit.edu/server/api/core/bitstreams/4681ad87-99a3-48a5-b6f0-31b87bcdf87b/content,2026-08-06
MIT-2020-087,Shelar,Shelar,friend,"thank Srivatsa, Shelar, Prateesh, Shibani ... for making the past few years enjoyable",5,5,https://dspace.mit.edu/server/api/core/bitstreams/4681ad87-99a3-48a5-b6f0-31b87bcdf87b/content,2026-08-06
MIT-2020-087,Prateesh,Prateesh,friend,"thank Srivatsa, Shelar, Prateesh, Shibani ... for making the past few years enjoyable",5,5,https://dspace.mit.edu/server/api/core/bitstreams/4681ad87-99a3-48a5-b6f0-31b87bcdf87b/content,2026-08-06
MIT-2020-087,Shibani,Shibani,friend,"thank Srivatsa, Shelar, Prateesh, Shibani ... for making the past few years enjoyable",5,5,https://dspace.mit.edu/server/api/core/bitstreams/4681ad87-99a3-48a5-b6f0-31b87bcdf87b/content,2026-08-06
MIT-2020-087,Srikanth Kandula,"Kandula, Srikanth",other,grateful to Srikanth Kandula who backed me when I was a research novice and inspired me to do a Ph.D.,5,5,https://dspace.mit.edu/server/api/core/bitstreams/4681ad87-99a3-48a5-b6f0-31b87bcdf87b/content,2026-08-06
MIT-2020-087,S. Sudarshan,"Sudarshan, S.",other,owe deep gratitude to S. Sudarshan who mentored my undergraduate thesis,5,5,https://dspace.mit.edu/server/api/core/bitstreams/4681ad87-99a3-48a5-b6f0-31b87bcdf87b/content,2026-08-06
MIT-2020-088,Devavrat,"Shah, Devavrat",advisor,"absolute honor and blessing to have been advised by Devavrat, who seems to never run out of energy or ideas",5,5,https://dspace.mit.edu/server/api/core/bitstreams/363010c4-87a5-4964-bd6d-8c5e66a06f6b/content,2026-08-06
MIT-2020-088,Anette Peko Hosoi,"Hosoi, Anette Peko",committee,"grateful to my committee members, Anette Peko Hosoi and Caroline Uhler, for their mentorship",5,5,https://dspace.mit.edu/server/api/core/bitstreams/363010c4-87a5-4964-bd6d-8c5e66a06f6b/content,2026-08-06
MIT-2020-088,Caroline Uhler,"Uhler, Caroline",committee,"grateful to my committee members, Anette Peko Hosoi and Caroline Uhler, for their mentorship",5,5,https://dspace.mit.edu/server/api/core/bitstreams/363010c4-87a5-4964-bd6d-8c5e66a06f6b/content,2026-08-06
MIT-2020-089,Professor Jing Kong,"Kong, Jing",advisor,"my thesis advisor, Professor Jing Kong, for her kind support and mentorship",4,4,https://dspace.mit.edu/server/api/core/bitstreams/b6dbc0e6-66c7-4a06-938b-5dac28521f53/content,2026-08-06
MIT-2020-089,Professor Jesús A. del Alamo,"del Alamo, Jesús A.",committee,"my thesis committee members, Professor Jesús A. del Alamo ... for their constructive feedback",4,4,https://dspace.mit.edu/server/api/core/bitstreams/b6dbc0e6-66c7-4a06-938b-5dac28521f53/content,2026-08-06
MIT-2020-089,Professor Tomás Palacios,"Palacios, Tomás",committee,thesis committee members... and Professor Tomás Palacios; also close collaborator,4,4,https://dspace.mit.edu/server/api/core/bitstreams/b6dbc0e6-66c7-4a06-938b-5dac28521f53/content,2026-08-06
MIT-2020-089,Cosmi Lin,"Lin, Cosmi",collaborator,"fruitful collaborations and results ... resulted from discussions with him and his students, Cosmi Lin",4,4,https://dspace.mit.edu/server/api/core/bitstreams/b6dbc0e6-66c7-4a06-938b-5dac28521f53/content,2026-08-06
MIT-2020-089,Nadim Chowdhury,"Chowdhury, Nadim",collaborator,"discussions with him and his students, Cosmi Lin and Nadim Chowdhury",4,4,https://dspace.mit.edu/server/api/core/bitstreams/b6dbc0e6-66c7-4a06-938b-5dac28521f53/content,2026-08-06
MIT-2020-089,Ang-Yu Lu,"Lu, Ang-Yu",labmate,"fellow group members and colleagues, Ang-Yu Lu...",4,4,https://dspace.mit.edu/server/api/core/bitstreams/b6dbc0e6-66c7-4a06-938b-5dac28521f53/content,2026-08-06
MIT-2020-089,Ji-Hoon Park,"Park, Ji-Hoon",labmate,fellow group members and colleagues... Ji-Hoon Park...,4,4,https://dspace.mit.edu/server/api/core/bitstreams/b6dbc0e6-66c7-4a06-938b-5dac28521f53/content,2026-08-06
MIT-2020-089,Yunfan Guo,"Guo, Yunfan",labmate,fellow group members and colleagues... Yunfan Guo...,4,4,https://dspace.mit.edu/server/api/core/bitstreams/b6dbc0e6-66c7-4a06-938b-5dac28521f53/content,2026-08-06
MIT-2020-089,Cong Su,"Su, Cong",labmate,fellow group members and colleagues... Cong Su...,4,4,https://dspace.mit.edu/server/api/core/bitstreams/b6dbc0e6-66c7-4a06-938b-5dac28521f53/content,2026-08-06
MIT-2020-089,Hao-Ling Tang,"Tang, Hao-Ling",labmate,fellow group members and colleagues... Hao-Ling Tang...,4,4,https://dspace.mit.edu/server/api/core/bitstreams/b6dbc0e6-66c7-4a06-938b-5dac28521f53/content,2026-08-06
MIT-2020-089,Ming-Hui Chiu,"Chiu, Ming-Hui",labmate,fellow group members and colleagues... Ming-Hui Chiu...,4,4,https://dspace.mit.edu/server/api/core/bitstreams/b6dbc0e6-66c7-4a06-938b-5dac28521f53/content,2026-08-06
MIT-2020-089,Dongsung Choi,"Choi, Dongsung",labmate,fellow group members and colleagues... Dongsung Choi...,4,4,https://dspace.mit.edu/server/api/core/bitstreams/b6dbc0e6-66c7-4a06-938b-5dac28521f53/content,2026-08-06
MIT-2020-089,Hyowon Moon,"Moon, Hyowon",labmate,fellow group members and colleagues... Hyowon Moon...,4,4,https://dspace.mit.edu/server/api/core/bitstreams/b6dbc0e6-66c7-4a06-938b-5dac28521f53/content,2026-08-06
MIT-2020-089,Christina McGahan,"McGahan, Christina",labmate,fellow group members and colleagues... Christina McGahan...,4,4,https://dspace.mit.edu/server/api/core/bitstreams/b6dbc0e6-66c7-4a06-938b-5dac28521f53/content,2026-08-06
MIT-2020-089,Joseph Varghese,"Varghese, Joseph",labmate,fellow group members and colleagues... Joseph Varghese...,4,4,https://dspace.mit.edu/server/api/core/bitstreams/b6dbc0e6-66c7-4a06-938b-5dac28521f53/content,2026-08-06
MIT-2020-089,Haozhe Wang,"Wang, Haozhe",labmate,fellow group members and colleagues... Haozhe Wang...,4,4,https://dspace.mit.edu/server/api/core/bitstreams/b6dbc0e6-66c7-4a06-938b-5dac28521f53/content,2026-08-06
MIT-2020-089,Xiang Ji,"Ji, Xiang",labmate,fellow group members and colleagues... Xiang Ji...,4,4,https://dspace.mit.edu/server/api/core/bitstreams/b6dbc0e6-66c7-4a06-938b-5dac28521f53/content,2026-08-06
MIT-2020-089,Lin Zhou,"Zhou, Lin",labmate,fellow group members and colleagues... Lin Zhou...,4,4,https://dspace.mit.edu/server/api/core/bitstreams/b6dbc0e6-66c7-4a06-938b-5dac28521f53/content,2026-08-06
MIT-2020-089,Xu Zhang,"Zhang, Xu",labmate,fellow group members and colleagues... Xu Zhang...,4,4,https://dspace.mit.edu/server/api/core/bitstreams/b6dbc0e6-66c7-4a06-938b-5dac28521f53/content,2026-08-06
MIT-2020-089,Wenjie Lu,"Lu, Wenjie",labmate,fellow group members and colleagues... Wenjie Lu...,4,4,https://dspace.mit.edu/server/api/core/bitstreams/b6dbc0e6-66c7-4a06-938b-5dac28521f53/content,2026-08-06
MIT-2020-089,Jiangtao Wang,"Wang, Jiangtao",labmate,fellow group members and colleagues... Jiangtao Wang...,4,4,https://dspace.mit.edu/server/api/core/bitstreams/b6dbc0e6-66c7-4a06-938b-5dac28521f53/content,2026-08-06
MIT-2020-089,Marek Hempel,"Hempel, Marek",labmate,fellow group members and colleagues... Marek Hempel...,4,4,https://dspace.mit.edu/server/api/core/bitstreams/b6dbc0e6-66c7-4a06-938b-5dac28521f53/content,2026-08-06
MIT-2020-089,Nannan Mao,"Mao, Nannan",labmate,fellow group members and colleagues... Nannan Mao...,4,4,https://dspace.mit.edu/server/api/core/bitstreams/b6dbc0e6-66c7-4a06-938b-5dac28521f53/content,2026-08-06
MIT-2020-089,Qingqing Ji,"Ji, Qingqing",labmate,fellow group members and colleagues... Qingqing Ji...,4,4,https://dspace.mit.edu/server/api/core/bitstreams/b6dbc0e6-66c7-4a06-938b-5dac28521f53/content,2026-08-06
MIT-2020-090,Michael Carbin,"Carbin, Michael",advisor,"my research advisor, Michael Carbin, who contributed to this dissertation in many ways",5,5,https://dspace.mit.edu/server/api/core/bitstreams/e5f0b25c-849e-4861-8c7e-3e6ad8cdbaf2/content,2026-08-06
MIT-2020-090,Jesse Michel,"Michel, Jesse",collaborator,"extremely grateful to Jesse Michel, who worked with me on the projects detailed in this dissertation",5,5,https://dspace.mit.edu/server/api/core/bitstreams/e5f0b25c-849e-4861-8c7e-3e6ad8cdbaf2/content,2026-08-06
MIT-2020-090,Adam Chlipala,"Chlipala, Adam",advisor,"Adam Chlipala, who co-advised me for the first half of my graduate program and served on my PhD thesis committee",5,5,https://dspace.mit.edu/server/api/core/bitstreams/e5f0b25c-849e-4861-8c7e-3e6ad8cdbaf2/content,2026-08-06
MIT-2020-090,Armando Solar-Lezama,"Solar-Lezama, Armando",committee,grateful to Armando Solar-Lezama for serving on my PhD thesis committee,5,5,https://dspace.mit.edu/server/api/core/bitstreams/e5f0b25c-849e-4861-8c7e-3e6ad8cdbaf2/content,2026-08-06
MIT-2020-091,Russ Tedrake,"Tedrake, Russ",advisor,deeply grateful to my advisor Russ Tedrake for his support and guidance,5,5,https://dspace.mit.edu/server/api/core/bitstreams/7a22e1fa-2be0-488e-84e8-d8d3c81e8144/content,2026-08-06
MIT-2020-091,Sasha Megretski,"Megretski, Sasha",committee,thesis committee: Sasha Megretski and Pablo Parrilo,5,5,https://dspace.mit.edu/server/api/core/bitstreams/7a22e1fa-2be0-488e-84e8-d8d3c81e8144/content,2026-08-06
MIT-2020-091,Pablo Parrilo,"Parrilo, Pablo",committee,thesis committee: Sasha Megretski and Pablo Parrilo,5,5,https://dspace.mit.edu/server/api/core/bitstreams/7a22e1fa-2be0-488e-84e8-d8d3c81e8144/content,2026-08-06
MIT-2020-091,Hongkai Dai,"Dai, Hongkai",labmate,"Robot Locomotions Group members... Hongkai Dai, Robin Deits, and Twan Koolen effectively guided me into the lab",5,5,https://dspace.mit.edu/server/api/core/bitstreams/7a22e1fa-2be0-488e-84e8-d8d3c81e8144/content,2026-08-06
MIT-2020-091,Robin Deits,"Deits, Robin",labmate,Robot Locomotions Group members... effectively guided me into the lab,5,5,https://dspace.mit.edu/server/api/core/bitstreams/7a22e1fa-2be0-488e-84e8-d8d3c81e8144/content,2026-08-06
MIT-2020-091,Twan Koolen,"Koolen, Twan",labmate,Robot Locomotions Group members... effectively guided me into the lab,5,5,https://dspace.mit.edu/server/api/core/bitstreams/7a22e1fa-2be0-488e-84e8-d8d3c81e8144/content,2026-08-06
MIT-2020-091,Sadra Sadradinni,"Sadradinni, Sadra",collaborator,thank Sadra Sadradinni for leading a collaboration on a verification paper,5,5,https://dspace.mit.edu/server/api/core/bitstreams/7a22e1fa-2be0-488e-84e8-d8d3c81e8144/content,2026-08-06
MIT-2020-091,Tobia Marcucci,"Marcucci, Tobia",collaborator,Tobia Marcucci and Jack Umenberger for many helpful control and optimization-oriented discussions,5,5,https://dspace.mit.edu/server/api/core/bitstreams/7a22e1fa-2be0-488e-84e8-d8d3c81e8144/content,2026-08-06
MIT-2020-091,Jack Umenberger,"Umenberger, Jack",collaborator,Tobia Marcucci and Jack Umenberger for many helpful control and optimization-oriented discussions,5,5,https://dspace.mit.edu/server/api/core/bitstreams/7a22e1fa-2be0-488e-84e8-d8d3c81e8144/content,2026-08-06
MIT-2020-091,Yunzhu Li,"Li, Yunzhu",collaborator,Yunzhu Li and Lucas Manuelli for many learning-related ones (discussions),5,5,https://dspace.mit.edu/server/api/core/bitstreams/7a22e1fa-2be0-488e-84e8-d8d3c81e8144/content,2026-08-06
MIT-2020-091,Lucas Manuelli,"Manuelli, Lucas",collaborator,Yunzhu Li and Lucas Manuelli for many learning-related ones (discussions),5,5,https://dspace.mit.edu/server/api/core/bitstreams/7a22e1fa-2be0-488e-84e8-d8d3c81e8144/content,2026-08-06
MIT-2020-091,Tao Pang,"Pang, Tao",unclear,"thank Tao Pang, Greg Izatt, and Wei Gao for keeping us [text cut off]",5,5,https://dspace.mit.edu/server/api/core/bitstreams/7a22e1fa-2be0-488e-84e8-d8d3c81e8144/content,2026-08-06
MIT-2020-091,Greg Izatt,"Izatt, Greg",unclear,"thank Tao Pang, Greg Izatt, and Wei Gao for keeping us [text cut off]",5,5,https://dspace.mit.edu/server/api/core/bitstreams/7a22e1fa-2be0-488e-84e8-d8d3c81e8144/content,2026-08-06
MIT-2020-091,Wei Gao,"Gao, Wei",unclear,"thank Tao Pang, Greg Izatt, and Wei Gao for keeping us [text cut off]",5,5,https://dspace.mit.edu/server/api/core/bitstreams/7a22e1fa-2be0-488e-84e8-d8d3c81e8144/content,2026-08-06
MIT-2020-092,Vinod Vaikuntanathan,"Vaikuntanathan, Vinod",advisor,particularly grateful to my advisor Vinod Vaikuntanathan,5,5,https://dspace.mit.edu/server/api/core/bitstreams/7c51a6cd-114a-428a-981e-f5c0a114f9ad/content,2026-08-06
MIT-2020-092,Alon Rosen,"Rosen, Alon",collaborator,"internship at IDC, Herzliya with Alon Rosen; also listed among 'all of my collaborators'",5,5,https://dspace.mit.edu/server/api/core/bitstreams/7c51a6cd-114a-428a-981e-f5c0a114f9ad/content,2026-08-06
MIT-2020-092,Esha Ghosh,"Ghosh, Esha",other,"help of the group at Microsoft Research, and especially my mentor Esha Ghosh",5,5,https://dspace.mit.edu/server/api/core/bitstreams/7c51a6cd-114a-428a-981e-f5c0a114f9ad/content,2026-08-06
MIT-2020-092,Manolis,Manolis,collaborator,"thank all of my collaborators: Manolis, Giorgos, Ron, Adam...",5,5,https://dspace.mit.edu/server/api/core/bitstreams/7c51a6cd-114a-428a-981e-f5c0a114f9ad/content,2026-08-06
MIT-2020-092,Giorgos,Giorgos,collaborator,"thank all of my collaborators: Manolis, Giorgos, Ron, Adam...",5,5,https://dspace.mit.edu/server/api/core/bitstreams/7c51a6cd-114a-428a-981e-f5c0a114f9ad/content,2026-08-06
MIT-2020-092,Adam,Adam,collaborator,"thank all of my collaborators: Manolis, Giorgos, Ron, Adam...",5,5,https://dspace.mit.edu/server/api/core/bitstreams/7c51a6cd-114a-428a-981e-f5c0a114f9ad/content,2026-08-06
MIT-2020-092,Hao,Hao,collaborator,"thank all of my collaborators: ... Hao, Pritish, Siyao...",5,5,https://dspace.mit.edu/server/api/core/bitstreams/7c51a6cd-114a-428a-981e-f5c0a114f9ad/content,2026-08-06
MIT-2020-092,Pritish,Pritish,collaborator,"thank all of my collaborators: ... Hao, Pritish, Siyao...",5,5,https://dspace.mit.edu/server/api/core/bitstreams/7c51a6cd-114a-428a-981e-f5c0a114f9ad/content,2026-08-06
MIT-2020-092,Siyao,Siyao,collaborator,"thank all of my collaborators: ... Hao, Pritish, Siyao...",5,5,https://dspace.mit.edu/server/api/core/bitstreams/7c51a6cd-114a-428a-981e-f5c0a114f9ad/content,2026-08-06
MIT-2020-092,Aris,Aris,collaborator,"thank all of my collaborators: ... Alon, Aris, Alexandros...",5,5,https://dspace.mit.edu/server/api/core/bitstreams/7c51a6cd-114a-428a-981e-f5c0a114f9ad/content,2026-08-06
MIT-2020-092,Alexandros,Alexandros,collaborator,"thank all of my collaborators: ... Aris, Alexandros, and Mika",5,5,https://dspace.mit.edu/server/api/core/bitstreams/7c51a6cd-114a-428a-981e-f5c0a114f9ad/content,2026-08-06
MIT-2020-092,Mika,Mika,collaborator,"thank all of my collaborators: ... Alexandros, and Mika",5,5,https://dspace.mit.edu/server/api/core/bitstreams/7c51a6cd-114a-428a-981e-f5c0a114f9ad/content,2026-08-06
MIT-2020-092,Ron Rivest,"Rivest, Ron",committee,thank Ron Rivest and Yael Kalai for serving in my committee. Ron was also my Master thesis supervisor,5,5,https://dspace.mit.edu/server/api/core/bitstreams/7c51a6cd-114a-428a-981e-f5c0a114f9ad/content,2026-08-06
MIT-2020-092,Yael Kalai,"Kalai, Yael",committee,thank Ron Rivest and Yael Kalai for serving in my committee,5,5,https://dspace.mit.edu/server/api/core/bitstreams/7c51a6cd-114a-428a-981e-f5c0a114f9ad/content,2026-08-06
MIT-2020-093,Piotr Indyk,"Indyk, Piotr",advisor,"To Piotr Indyk, my advisor, first and foremost",5,5,https://dspace.mit.edu/server/api/core/bitstreams/42dc04d3-8bd4-4112-b869-8f102d1bef08/content,2026-08-06
MIT-2020-093,Regina Barzilay,"Barzilay, Regina",other,"To Regina Barzilay, for her care and support throughout these years; hosted me for a summer",5,5,https://dspace.mit.edu/server/api/core/bitstreams/42dc04d3-8bd4-4112-b869-8f102d1bef08/content,2026-08-06
MIT-2020-093,Uri Feige,"Feige, Uri",other,"Uri Feige and Robi Krauthgamer gave me their guidance early on, and supported me through the transition to MIT",5,5,https://dspace.mit.edu/server/api/core/bitstreams/42dc04d3-8bd4-4112-b869-8f102d1bef08/content,2026-08-06
MIT-2020-093,Robi Krauthgamer,"Krauthgamer, Robi",other,Uri Feige and Robi Krauthgamer gave me their guidance; hosted me for visits,5,5,https://dspace.mit.edu/server/api/core/bitstreams/42dc04d3-8bd4-4112-b869-8f102d1bef08/content,2026-08-06
MIT-2020-093,Nir Ailon,"Ailon, Nir",other,"Nir Ailon, Robi and Ely Porat hosted me for visits in the Technion, Weizmann and Bar-Ilan",5,5,https://dspace.mit.edu/server/api/core/bitstreams/42dc04d3-8bd4-4112-b869-8f102d1bef08/content,2026-08-06
MIT-2020-093,Ely Porat,"Porat, Ely",other,"Nir Ailon, Robi and Ely Porat hosted me for visits",5,5,https://dspace.mit.edu/server/api/core/bitstreams/42dc04d3-8bd4-4112-b869-8f102d1bef08/content,2026-08-06
MIT-2020-093,Sudipto Guha,"Guha, Sudipto",other,"Sudipto Guha, Nina Mishra, Ilya Razenshteyn and Udi Wieder mentored me during summer internships",5,5,https://dspace.mit.edu/server/api/core/bitstreams/42dc04d3-8bd4-4112-b869-8f102d1bef08/content,2026-08-06
MIT-2020-093,Nina Mishra,"Mishra, Nina",other,mentored me during summer internships which were both enjoyable and productive,5,5,https://dspace.mit.edu/server/api/core/bitstreams/42dc04d3-8bd4-4112-b869-8f102d1bef08/content,2026-08-06
MIT-2020-093,Ilya Razenshteyn,"Razenshteyn, Ilya",friend,Ilya in particular has been a collaborator and friend since long before; my 'buddy' by the CSAIL Buddy Program,5,5,https://dspace.mit.edu/server/api/core/bitstreams/42dc04d3-8bd4-4112-b869-8f102d1bef08/content,2026-08-06
MIT-2020-093,Udi Wieder,"Wieder, Udi",other,mentored me during summer internships which were both enjoyable and productive,5,5,https://dspace.mit.edu/server/api/core/bitstreams/42dc04d3-8bd4-4112-b869-8f102d1bef08/content,2026-08-06
MIT-2020-093,Costis Daskalakis,"Daskalakis, Costis",committee,especially thank Costis Daskalakis and Ronitt Rubinfeld for serving on my thesis committee,5,5,https://dspace.mit.edu/server/api/core/bitstreams/42dc04d3-8bd4-4112-b869-8f102d1bef08/content,2026-08-06
MIT-2020-093,Ronitt Rubinfeld,"Rubinfeld, Ronitt",committee,thank Costis Daskalakis and Ronitt Rubinfeld for serving on my thesis committee,5,5,https://dspace.mit.edu/server/api/core/bitstreams/42dc04d3-8bd4-4112-b869-8f102d1bef08/content,2026-08-06
MIT-2020-093,Charles Leiserson,"Leiserson, Charles",committee,Charles Leiserson for serving with Ronitt on my RQE committee,5,5,https://dspace.mit.edu/server/api/core/bitstreams/42dc04d3-8bd4-4112-b869-8f102d1bef08/content,2026-08-06
MIT-2020-093,Nancy Lynch,"Lynch, Nancy",other,Nancy Lynch for serving as my academic advisor,5,5,https://dspace.mit.edu/server/api/core/bitstreams/42dc04d3-8bd4-4112-b869-8f102d1bef08/content,2026-08-06
MIT-2020-093,Janet Fischer,"Fischer, Janet",other,Janet Fischer and Rebecca Yadegar for expertly taking care of [text cut off],5,5,https://dspace.mit.edu/server/api/core/bitstreams/42dc04d3-8bd4-4112-b869-8f102d1bef08/content,2026-08-06
MIT-2020-093,Rebecca Yadegar,"Yadegar, Rebecca",other,Janet Fischer and Rebecca Yadegar for expertly taking care of [text cut off],5,5,https://dspace.mit.edu/server/api/core/bitstreams/42dc04d3-8bd4-4112-b869-8f102d1bef08/content,2026-08-06
MIT-2020-094,Celia,Celia,partner,"My significant other Celia, has been supporting and challenging me",5,5,https://dspace.mit.edu/server/api/core/bitstreams/4d5bf5c3-77fc-4208-b2e9-19265148b5a3/content,2026-08-06
MIT-2020-094,Prof. James Kirtley,"Kirtley, James",advisor,"Prof. James Kirtley, my thesis supervisor and life mentor",5,5,https://dspace.mit.edu/server/api/core/bitstreams/4d5bf5c3-77fc-4208-b2e9-19265148b5a3/content,2026-08-06
MIT-2020-094,Prof. Jeffrey Lang,"Lang, Jeffrey",other,"Prof. Jeffrey Lang, my academic advisor, always being patient and humble",5,5,https://dspace.mit.edu/server/api/core/bitstreams/4d5bf5c3-77fc-4208-b2e9-19265148b5a3/content,2026-08-06
MIT-2020-094,Dr. Robert Stoner,"Stoner, Robert",other,"Dr. Robert Stoner, thanks for your generous time providing directions from your busy schedule",5,5,https://dspace.mit.edu/server/api/core/bitstreams/4d5bf5c3-77fc-4208-b2e9-19265148b5a3/content,2026-08-06
MIT-2020-094,Professor Perreault,Perreault,other,"beloved LEES members ... groups of Professor Kirtley, Professor Perreault, Professor Kassakian...",5,5,https://dspace.mit.edu/server/api/core/bitstreams/4d5bf5c3-77fc-4208-b2e9-19265148b5a3/content,2026-08-06
MIT-2020-094,Professor Kassakian,Kassakian,other,"groups of Professor Kirtley, Professor Perreault, Professor Kassakian, Professor Lang and Professor Leeb",5,5,https://dspace.mit.edu/server/api/core/bitstreams/4d5bf5c3-77fc-4208-b2e9-19265148b5a3/content,2026-08-06
MIT-2020-094,Professor Leeb,Leeb,other,"groups of Professor Kirtley, Professor Perreault, Professor Kassakian, Professor Lang and Professor Leeb",5,5,https://dspace.mit.edu/server/api/core/bitstreams/4d5bf5c3-77fc-4208-b2e9-19265148b5a3/content,2026-08-06
MIT-2020-094,Chris,Chris,collaborator,"my collaborators Chris, Jamey, Sajjad, Jin",5,5,https://dspace.mit.edu/server/api/core/bitstreams/4d5bf5c3-77fc-4208-b2e9-19265148b5a3/content,2026-08-06
MIT-2020-094,Jamey,Jamey,collaborator,"my collaborators Chris, Jamey, Sajjad, Jin",5,5,https://dspace.mit.edu/server/api/core/bitstreams/4d5bf5c3-77fc-4208-b2e9-19265148b5a3/content,2026-08-06
MIT-2020-094,Sajjad,Sajjad,collaborator,"my collaborators Chris, Jamey, Sajjad, Jin",5,5,https://dspace.mit.edu/server/api/core/bitstreams/4d5bf5c3-77fc-4208-b2e9-19265148b5a3/content,2026-08-06
MIT-2020-094,Jin,Jin,collaborator,"my collaborators Chris, Jamey, Sajjad, Jin",5,5,https://dspace.mit.edu/server/api/core/bitstreams/4d5bf5c3-77fc-4208-b2e9-19265148b5a3/content,2026-08-06
MIT-2020-094,Henry,Henry,other,"my mentees through UROP Program, Henry on wireless power transfer system project",5,5,https://dspace.mit.edu/server/api/core/bitstreams/4d5bf5c3-77fc-4208-b2e9-19265148b5a3/content,2026-08-06
MIT-2020-094,PJ,PJ,other,"my mentees through UROP Program... PJ, and Jackson on battery management system project",5,5,https://dspace.mit.edu/server/api/core/bitstreams/4d5bf5c3-77fc-4208-b2e9-19265148b5a3/content,2026-08-06
MIT-2020-094,Jackson,Jackson,other,"my mentees ... PJ, and Jackson on battery management system project",5,5,https://dspace.mit.edu/server/api/core/bitstreams/4d5bf5c3-77fc-4208-b2e9-19265148b5a3/content,2026-08-06
MIT-2020-094,Wujie,Wujie,other,"Chinese basketball team members, Wujie, Yu, Xiangming...",5,5,https://dspace.mit.edu/server/api/core/bitstreams/4d5bf5c3-77fc-4208-b2e9-19265148b5a3/content,2026-08-06
MIT-2020-094,Yu,Yu,other,"Chinese basketball team members, Wujie, Yu, Xiangming...",5,5,https://dspace.mit.edu/server/api/core/bitstreams/4d5bf5c3-77fc-4208-b2e9-19265148b5a3/content,2026-08-06
MIT-2020-094,Xiangming,Xiangming,other,"Chinese basketball team members, Wujie, Yu, Xiangming, Yongbin...",5,5,https://dspace.mit.edu/server/api/core/bitstreams/4d5bf5c3-77fc-4208-b2e9-19265148b5a3/content,2026-08-06
MIT-2020-094,Yongbin,Yongbin,other,"basketball team members... Yongbin, Hongyu, Rong...",5,5,https://dspace.mit.edu/server/api/core/bitstreams/4d5bf5c3-77fc-4208-b2e9-19265148b5a3/content,2026-08-06
MIT-2020-094,Hongyu,Hongyu,other,"basketball team members... Yongbin, Hongyu, Rong...",5,5,https://dspace.mit.edu/server/api/core/bitstreams/4d5bf5c3-77fc-4208-b2e9-19265148b5a3/content,2026-08-06
MIT-2020-094,Rong,Rong,other,"basketball team members... Hongyu, Rong, Kaichao, Jiexi",5,5,https://dspace.mit.edu/server/api/core/bitstreams/4d5bf5c3-77fc-4208-b2e9-19265148b5a3/content,2026-08-06
MIT-2020-094,Kaichao,Kaichao,other,"basketball team members... Rong, Kaichao, Jiexi, the best championship team",5,5,https://dspace.mit.edu/server/api/core/bitstreams/4d5bf5c3-77fc-4208-b2e9-19265148b5a3/content,2026-08-06
MIT-2020-094,Jiexi,Jiexi,other,"basketball team members... Kaichao, Jiexi, the best championship team",5,5,https://dspace.mit.edu/server/api/core/bitstreams/4d5bf5c3-77fc-4208-b2e9-19265148b5a3/content,2026-08-06
MIT-2020-094,Mac McQuown,"McQuown, Mac",other,"project sponsors - MITEI, MIT Innovation Initiative, and Mac McQuown, owner of Stone Edge Farm",5,5,https://dspace.mit.edu/server/api/core/bitstreams/4d5bf5c3-77fc-4208-b2e9-19265148b5a3/content,2026-08-06
MIT-2020-095,Prof. Luca Daniel,"Daniel, Luca",advisor,"deeply indebted to my PhD advisor Prof. Luca Daniel for his endless patience, encouragement and mentoring",5,5,https://dspace.mit.edu/server/api/core/bitstreams/bb656f49-7648-4088-abe1-a47e91df1af3/content,2026-08-06
MIT-2020-095,Prof. Alexandre Megretski (Sasha),"Megretski, Alexandre",committee,"thesis committee members, Prof. Alexandre Megretski and Prof. Tommi Jaakkola",5,5,https://dspace.mit.edu/server/api/core/bitstreams/bb656f49-7648-4088-abe1-a47e91df1af3/content,2026-08-06
MIT-2020-095,Prof. Tommi Jaakkola,"Jaakkola, Tommi",committee,"thesis committee members ... and Prof. Tommi Jaakkola, who have provided extensive help and guidance",5,5,https://dspace.mit.edu/server/api/core/bitstreams/bb656f49-7648-4088-abe1-a47e91df1af3/content,2026-08-06
MIT-2020-095,Dr. Zheng Zhang,"Zhang, Zheng",collaborator,research collaborators (and mentors). Dr. Zheng Zhang introduced me into the field of Uncertainty Quantification,5,5,https://dspace.mit.edu/server/api/core/bitstreams/bb656f49-7648-4088-abe1-a47e91df1af3/content,2026-08-06
MIT-2020-095,Dr. Pin-Yu Chen,"Chen, Pin-Yu",collaborator,Dr. Pin-Yu Chen has been a long-term collaborator ever since our first MIT-IBM proposal,5,5,https://dspace.mit.edu/server/api/core/bitstreams/bb656f49-7648-4088-abe1-a47e91df1af3/content,2026-08-06
MIT-2020-095,Dr. Sijia Liu,"Liu, Sijia",collaborator,Dr. Sijia Liu has been a great collaborator at MIT-IBM lab,5,5,https://dspace.mit.edu/server/api/core/bitstreams/bb656f49-7648-4088-abe1-a47e91df1af3/content,2026-08-06
MIT-2020-095,Dr. Naoki Abe,"Abe, Naoki",other,Dr. Naoki Abe was my manager when I interned at IBM Research,5,5,https://dspace.mit.edu/server/api/core/bitstreams/bb656f49-7648-4088-abe1-a47e91df1af3/content,2026-08-06
MIT-2020-097,Gregory Wornell,"Wornell, Gregory",advisor,"thank Gregory Wornell, my research advisor, for his invaluable help, ideas",5,5,https://dspace.mit.edu/server/api/core/bitstreams/9172ffb5-7d5d-45a2-a7a2-5b330ce4c4eb/content,2026-08-06
MIT-2020-097,Bill Freeman,"Freeman, Bill",committee,"rest of my thesis committee, Bill Freeman and Frédo Durand... mentorship and generosity",5,5,https://dspace.mit.edu/server/api/core/bitstreams/9172ffb5-7d5d-45a2-a7a2-5b330ce4c4eb/content,2026-08-06
MIT-2020-097,Frédo Durand,"Durand, Frédo",committee,"rest of my thesis committee, Bill Freeman and Frédo Durand, who met with me regularly",5,5,https://dspace.mit.edu/server/api/core/bitstreams/9172ffb5-7d5d-45a2-a7a2-5b330ce4c4eb/content,2026-08-06
MIT-2020-097,Martin Rinard,"Rinard, Martin",advisor,"Martin Rinard, who co-advised me at the start of my PhD",5,5,https://dspace.mit.edu/server/api/core/bitstreams/9172ffb5-7d5d-45a2-a7a2-5b330ce4c4eb/content,2026-08-06
MIT-2020-097,Phillip Stanley-Marbell,"Stanley-Marbell, Phillip",other,"thank Phillip Stanley-Marbell, for taking me under his wing at the start of my PhD",5,5,https://dspace.mit.edu/server/api/core/bitstreams/9172ffb5-7d5d-45a2-a7a2-5b330ce4c4eb/content,2026-08-06
MIT-2020-097,Max Shulaker,"Shulaker, Max",other,He and Max Shulaker mentored me during my ill-fated foray into hardware design,5,5,https://dspace.mit.edu/server/api/core/bitstreams/9172ffb5-7d5d-45a2-a7a2-5b330ce4c4eb/content,2026-08-06
MIT-2020-097,Regina Barzilay,"Barzilay, Regina",other,"thank Regina Barzilay for introducing me into her group, and for the opportunities she gave me",5,5,https://dspace.mit.edu/server/api/core/bitstreams/9172ffb5-7d5d-45a2-a7a2-5b330ce4c4eb/content,2026-08-06
MIT-2020-097,Miika Aittala,"Aittala, Miika",collaborator,thank all my co-authors over the course of my PhD: Miika Aittala...,5,5,https://dspace.mit.edu/server/api/core/bitstreams/9172ffb5-7d5d-45a2-a7a2-5b330ce4c4eb/content,2026-08-06
MIT-2020-097,Ganesh Ajjanagadde,"Ajjanagadde, Ganesh",collaborator,"co-authors ... Ganesh Ajjanagadde, Manisha Bahl...",5,5,https://dspace.mit.edu/server/api/core/bitstreams/9172ffb5-7d5d-45a2-a7a2-5b330ce4c4eb/content,2026-08-06
MIT-2020-097,Manisha Bahl,"Bahl, Manisha",collaborator,"co-authors ... Manisha Bahl, Manel Baradad...",5,5,https://dspace.mit.edu/server/api/core/bitstreams/9172ffb5-7d5d-45a2-a7a2-5b330ce4c4eb/content,2026-08-06
MIT-2020-097,Manel Baradad,"Baradad, Manel",collaborator,"co-authors ... Manel Baradad, Regina Barzilay...",5,5,https://dspace.mit.edu/server/api/core/bitstreams/9172ffb5-7d5d-45a2-a7a2-5b330ce4c4eb/content,2026-08-06
MIT-2020-097,Katie Bouman,"Bouman, Katie",collaborator,"co-authors ... Katie Bouman, Richard Brent...",5,5,https://dspace.mit.edu/server/api/core/bitstreams/9172ffb5-7d5d-45a2-a7a2-5b330ce4c4eb/content,2026-08-06
MIT-2020-097,Richard Brent,"Brent, Richard",collaborator,"co-authors ... Richard Brent, Frédo Durand...",5,5,https://dspace.mit.edu/server/api/core/bitstreams/9172ffb5-7d5d-45a2-a7a2-5b330ce4c4eb/content,2026-08-06
MIT-2020-097,Connie Lehman,"Lehman, Connie",collaborator,"co-authors ... Connie Lehman, Andrea Lincoln...",5,5,https://dspace.mit.edu/server/api/core/bitstreams/9172ffb5-7d5d-45a2-a7a2-5b330ce4c4eb/content,2026-08-06
MIT-2020-097,Andrea Lincoln,"Lincoln, Andrea",collaborator,"co-authors ... Andrea Lincoln, Nick Locascio...",5,5,https://dspace.mit.edu/server/api/core/bitstreams/9172ffb5-7d5d-45a2-a7a2-5b330ce4c4eb/content,2026-08-06
MIT-2020-097,Nick Locascio,"Locascio, Nick",collaborator,"co-authors ... Nick Locascio, Lukas Murmann...",5,5,https://dspace.mit.edu/server/api/core/bitstreams/9172ffb5-7d5d-45a2-a7a2-5b330ce4c4eb/content,2026-08-06
MIT-2020-097,Lukas Murmann,"Murmann, Lukas",collaborator,"co-authors ... Lukas Murmann, Prafull Sharma...",5,5,https://dspace.mit.edu/server/api/core/bitstreams/9172ffb5-7d5d-45a2-a7a2-5b330ce4c4eb/content,2026-08-06
MIT-2020-097,Prafull Sharma,"Sharma, Prafull",collaborator,"co-authors ... Prafull Sharma, Christos Thrampoulidis...",5,5,https://dspace.mit.edu/server/api/core/bitstreams/9172ffb5-7d5d-45a2-a7a2-5b330ce4c4eb/content,2026-08-06
MIT-2020-097,Christos Thrampoulidis,"Thrampoulidis, Christos",collaborator,"co-authors ... Christos Thrampoulidis, Antonio Torralba...",5,5,https://dspace.mit.edu/server/api/core/bitstreams/9172ffb5-7d5d-45a2-a7a2-5b330ce4c4eb/content,2026-08-06
MIT-2020-097,Antonio Torralba,"Torralba, Antonio",collaborator,"co-authors ... Antonio Torralba, Greg Wornell...",5,5,https://dspace.mit.edu/server/api/core/bitstreams/9172ffb5-7d5d-45a2-a7a2-5b330ce4c4eb/content,2026-08-06
MIT-2020-097,Vickie Ye,"Ye, Vickie",collaborator,"co-authors ... Vickie Ye, and Lili Yu",5,5,https://dspace.mit.edu/server/api/core/bitstreams/9172ffb5-7d5d-45a2-a7a2-5b330ce4c4eb/content,2026-08-06
MIT-2020-097,Lili Yu,"Yu, Lili",collaborator,"co-authors ... Vickie Ye, and Lili Yu",5,5,https://dspace.mit.edu/server/api/core/bitstreams/9172ffb5-7d5d-45a2-a7a2-5b330ce4c4eb/content,2026-08-06
MIT-2020-098,Prof. Constantinos Daskalakis (Costis),"Daskalakis, Constantinos",advisor,fortunate to be advised by Prof. Constantinos Daskalakis. He is in many ways an ideal advisor,5,5,https://dspace.mit.edu/server/api/core/bitstreams/fba79b8f-1ae7-4a3c-8291-dc1ee942bd6b/content,2026-08-06
MIT-2020-098,Prof. Ankur Moitra,"Moitra, Ankur",committee,"members of my thesis committee: Prof. Ankur Moitra, Prof. Ronitt Rubinfield, and Prof. Suvrit Sra",5,5,https://dspace.mit.edu/server/api/core/bitstreams/fba79b8f-1ae7-4a3c-8291-dc1ee942bd6b/content,2026-08-06
MIT-2020-098,Prof. Ronitt Rubinfield,"Rubinfield, Ronitt",committee,thesis committee ... ongoing collaboration with Ronitt and I have learned a lot from her,5,5,https://dspace.mit.edu/server/api/core/bitstreams/fba79b8f-1ae7-4a3c-8291-dc1ee942bd6b/content,2026-08-06
MIT-2020-098,Prof. Suvrit Sra,"Sra, Suvrit",committee,Suvrit was in my qualification exam committee... very helpful in the preparation of my defense,5,5,https://dspace.mit.edu/server/api/core/bitstreams/fba79b8f-1ae7-4a3c-8291-dc1ee942bd6b/content,2026-08-06
MIT-2020-098,Dimitris,Dimitris,collaborator,"all of my collaborators all these years: Dimitris, Vasilis, Katerina...",5,5,https://dspace.mit.edu/server/api/core/bitstreams/fba79b8f-1ae7-4a3c-8291-dc1ee942bd6b/content,2026-08-06
MIT-2020-098,Vasilis,Vasilis,collaborator,"all of my collaborators all these years: Dimitris, Vasilis, Katerina...",5,5,https://dspace.mit.edu/server/api/core/bitstreams/fba79b8f-1ae7-4a3c-8291-dc1ee942bd6b/content,2026-08-06
MIT-2020-098,Katerina,Katerina,collaborator,"collaborators ... Dimitris, Vasilis, Katerina, Bálász...",5,5,https://dspace.mit.edu/server/api/core/bitstreams/fba79b8f-1ae7-4a3c-8291-dc1ee942bd6b/content,2026-08-06
MIT-2020-098,Bálász,Bálász,collaborator,"collaborators ... Katerina, Bálász, Robert...",5,5,https://dspace.mit.edu/server/api/core/bitstreams/fba79b8f-1ae7-4a3c-8291-dc1ee942bd6b/content,2026-08-06
MIT-2020-098,Robert,Robert,collaborator,"collaborators ... Bálász, Robert, Stratis...",5,5,https://dspace.mit.edu/server/api/core/bitstreams/fba79b8f-1ae7-4a3c-8291-dc1ee942bd6b/content,2026-08-06
MIT-2020-098,Stratis,Stratis,collaborator,"collaborators ... Robert, Stratis, Noah...",5,5,https://dspace.mit.edu/server/api/core/bitstreams/fba79b8f-1ae7-4a3c-8291-dc1ee942bd6b/content,2026-08-06
MIT-2020-098,Noah,Noah,collaborator,"collaborators ... Stratis, Noah, Christos...",5,5,https://dspace.mit.edu/server/api/core/bitstreams/fba79b8f-1ae7-4a3c-8291-dc1ee942bd6b/content,2026-08-06
MIT-2020-098,Christos,Christos,collaborator,"collaborators ... Noah, Christos, Pritish...",5,5,https://dspace.mit.edu/server/api/core/bitstreams/fba79b8f-1ae7-4a3c-8291-dc1ee942bd6b/content,2026-08-06
MIT-2020-098,Pritish,Pritish,collaborator,"collaborators ... Christos, Pritish, Alessandro...",5,5,https://dspace.mit.edu/server/api/core/bitstreams/fba79b8f-1ae7-4a3c-8291-dc1ee942bd6b/content,2026-08-06
MIT-2020-098,Alessandro,Alessandro,collaborator,"collaborators ... Pritish, Alessandro, Mohammad...",5,5,https://dspace.mit.edu/server/api/core/bitstreams/fba79b8f-1ae7-4a3c-8291-dc1ee942bd6b/content,2026-08-06
MIT-2020-098,Mohammad,Mohammad,collaborator,"collaborators ... Alessandro, Mohammad, Vasilis...",5,5,https://dspace.mit.edu/server/api/core/bitstreams/fba79b8f-1ae7-4a3c-8291-dc1ee942bd6b/content,2026-08-06
MIT-2020-098,Alexandros,Alexandros,collaborator,"collaborators ... Vasilis, Alexandros, Aris...",5,5,https://dspace.mit.edu/server/api/core/bitstreams/fba79b8f-1ae7-4a3c-8291-dc1ee942bd6b/content,2026-08-06
MIT-2020-098,Aris,Aris,collaborator,"collaborators ... Alexandros, Aris, Anna...",5,5,https://dspace.mit.edu/server/api/core/bitstreams/fba79b8f-1ae7-4a3c-8291-dc1ee942bd6b/content,2026-08-06
MIT-2020-098,Anna,Anna,collaborator,"collaborators ... Aris, Anna, Mika...",5,5,https://dspace.mit.edu/server/api/core/bitstreams/fba79b8f-1ae7-4a3c-8291-dc1ee942bd6b/content,2026-08-06
MIT-2020-098,Mika,Mika,collaborator,"collaborators ... Anna, Mika, Vahab...",5,5,https://dspace.mit.edu/server/api/core/bitstreams/fba79b8f-1ae7-4a3c-8291-dc1ee942bd6b/content,2026-08-06
MIT-2020-098,Vahab,Vahab,collaborator,"collaborators ... Mika, Vahab, Giorgos...",5,5,https://dspace.mit.edu/server/api/core/bitstreams/fba79b8f-1ae7-4a3c-8291-dc1ee942bd6b/content,2026-08-06
MIT-2020-098,Giorgos,Giorgos,collaborator,"collaborators ... Vahab, Giorgos, Ronitt, Costis, Maryam...",5,5,https://dspace.mit.edu/server/api/core/bitstreams/fba79b8f-1ae7-4a3c-8291-dc1ee942bd6b/content,2026-08-06
MIT-2020-098,Maryam,Maryam,collaborator,"collaborators ... Costis, Maryam, Dimitris, Gianis...",5,5,https://dspace.mit.edu/server/api/core/bitstreams/fba79b8f-1ae7-4a3c-8291-dc1ee942bd6b/content,2026-08-06
MIT-2020-098,Gianis,Gianis,collaborator,"collaborators ... Dimitris, Gianis, Andrew, Giorgos...",5,5,https://dspace.mit.edu/server/api/core/bitstreams/fba79b8f-1ae7-4a3c-8291-dc1ee942bd6b/content,2026-08-06
MIT-2020-098,Andrew,Andrew,collaborator,"collaborators ... Gianis, Andrew, Giorgos, Themis...",5,5,https://dspace.mit.edu/server/api/core/bitstreams/fba79b8f-1ae7-4a3c-8291-dc1ee942bd6b/content,2026-08-06
MIT-2020-098,Themis,Themis,collaborator,"collaborators ... Giorgos, Themis, Rui, Dhruv",5,5,https://dspace.mit.edu/server/api/core/bitstreams/fba79b8f-1ae7-4a3c-8291-dc1ee942bd6b/content,2026-08-06
MIT-2020-098,Rui,Rui,collaborator,"collaborators ... Themis, Rui, Dhruv",5,5,https://dspace.mit.edu/server/api/core/bitstreams/fba79b8f-1ae7-4a3c-8291-dc1ee942bd6b/content,2026-08-06
MIT-2020-098,Dhruv,Dhruv,collaborator,"collaborators ... Rui, Dhruv [text cut off]",5,5,https://dspace.mit.edu/server/api/core/bitstreams/fba79b8f-1ae7-4a3c-8291-dc1ee942bd6b/content,2026-08-06
MIT-2020-099,Professor Saman Amarasinghe,"Amarasinghe, Saman",advisor,thank Professor Saman Amarasinghe for his guidance over the years,5,5,https://dspace.mit.edu/server/api/core/bitstreams/a505e0c6-70cf-461f-a6c1-0bdfaa41a663/content,2026-08-06
MIT-2020-099,Professor Julian Shun,"Shun, Julian",collaborator,Professor Julian Shun for his significant help on the GraphIt project,5,5,https://dspace.mit.edu/server/api/core/bitstreams/a505e0c6-70cf-461f-a6c1-0bdfaa41a663/content,2026-08-06
MIT-2020-099,Shoaib Kamil,"Kamil, Shoaib",collaborator,Shoaib Kamil has also provided valuable feedback and countless comments on the GraphIt project,5,5,https://dspace.mit.edu/server/api/core/bitstreams/a505e0c6-70cf-461f-a6c1-0bdfaa41a663/content,2026-08-06
MIT-2020-099,Professor Matei Zaharia,"Zaharia, Matei",other,gratitude to Professor Matei Zaharia for his guidance in the early years of my PhD,5,5,https://dspace.mit.edu/server/api/core/bitstreams/a505e0c6-70cf-461f-a6c1-0bdfaa41a663/content,2026-08-06
MIT-2020-099,Professor Michael Carbin,"Carbin, Michael",committee,thank Professor Michael Carbin for his help and feedback with my defense and thesis,5,5,https://dspace.mit.edu/server/api/core/bitstreams/a505e0c6-70cf-461f-a6c1-0bdfaa41a663/content,2026-08-06
MIT-2020-099,Vladimir Kiriansky,"Kiriansky, Vladimir",collaborator,instrumental in the development of the cache optimizations and provided invaluable mentorship,5,5,https://dspace.mit.edu/server/api/core/bitstreams/a505e0c6-70cf-461f-a6c1-0bdfaa41a663/content,2026-08-06
MIT-2020-099,Mengjiao Yang,"Yang, Mengjiao",collaborator,"Mengjiao Yang, Ajay Brahmakshatriya, Xinyi Chen... have contributed significantly to GraphIt's optimizations",5,5,https://dspace.mit.edu/server/api/core/bitstreams/a505e0c6-70cf-461f-a6c1-0bdfaa41a663/content,2026-08-06
MIT-2020-099,Ajay Brahmakshatriya,"Brahmakshatriya, Ajay",collaborator,"Mengjiao Yang, Ajay Brahmakshatriya, Xinyi Chen... contributed significantly to GraphIt's optimizations",5,5,https://dspace.mit.edu/server/api/core/bitstreams/a505e0c6-70cf-461f-a6c1-0bdfaa41a663/content,2026-08-06
MIT-2020-099,Xinyi Chen,"Chen, Xinyi",collaborator,"Mengjiao Yang, Ajay Brahmakshatriya, Xinyi Chen, Laxman Dhulipala... contributed significantly",5,5,https://dspace.mit.edu/server/api/core/bitstreams/a505e0c6-70cf-461f-a6c1-0bdfaa41a663/content,2026-08-06
MIT-2020-099,Laxman Dhulipala,"Dhulipala, Laxman",collaborator,"Xinyi Chen, Laxman Dhulipala, and Riyadh Baghdadi have contributed significantly",5,5,https://dspace.mit.edu/server/api/core/bitstreams/a505e0c6-70cf-461f-a6c1-0bdfaa41a663/content,2026-08-06
MIT-2020-099,Riyadh Baghdadi,"Baghdadi, Riyadh",collaborator,"Laxman Dhulipala, and Riyadh Baghdadi have contributed significantly to GraphIt's optimizations",5,5,https://dspace.mit.edu/server/api/core/bitstreams/a505e0c6-70cf-461f-a6c1-0bdfaa41a663/content,2026-08-06
MIT-2020-099,Changwan Hong,"Hong, Changwan",collaborator,"Changwan Hong, Tugsbayasgalan Manlaibaatar, Claire Hsu... contributed significantly to various other features",5,5,https://dspace.mit.edu/server/api/core/bitstreams/a505e0c6-70cf-461f-a6c1-0bdfaa41a663/content,2026-08-06
MIT-2020-099,Tugsbayasgalan Manlaibaatar,"Manlaibaatar, Tugsbayasgalan",collaborator,"Changwan Hong, Tugsbayasgalan Manlaibaatar, Claire Hsu... contributed significantly",5,5,https://dspace.mit.edu/server/api/core/bitstreams/a505e0c6-70cf-461f-a6c1-0bdfaa41a663/content,2026-08-06
MIT-2020-099,Claire Hsu,"Hsu, Claire",collaborator,"Tugsbayasgalan Manlaibaatar, Claire Hsu, Charith Mendis, and Kenny Yang... contributed significantly",5,5,https://dspace.mit.edu/server/api/core/bitstreams/a505e0c6-70cf-461f-a6c1-0bdfaa41a663/content,2026-08-06
MIT-2020-099,Charith Mendis,"Mendis, Charith",collaborator,"Claire Hsu, Charith Mendis, and Kenny Yang have also contributed significantly",5,5,https://dspace.mit.edu/server/api/core/bitstreams/a505e0c6-70cf-461f-a6c1-0bdfaa41a663/content,2026-08-06
MIT-2020-099,Kenny Yang,"Yang, Kenny",collaborator,"Charith Mendis, and Kenny Yang have also contributed significantly to various other features",5,5,https://dspace.mit.edu/server/api/core/bitstreams/a505e0c6-70cf-461f-a6c1-0bdfaa41a663/content,2026-08-06
MIT-2020-099,Stephen Chou,"Chou, Stephen",collaborator,Stephen Chou provided valuable help in building the parser for GraphIt,5,5,https://dspace.mit.edu/server/api/core/bitstreams/a505e0c6-70cf-461f-a6c1-0bdfaa41a663/content,2026-08-06
MIT-2020-099,Hong Yun,"Yun, Hong",parent,"thank my parents, Hong Yun and Xianglin Zhang, for raising me",5,5,https://dspace.mit.edu/server/api/core/bitstreams/a505e0c6-70cf-461f-a6c1-0bdfaa41a663/content,2026-08-06
MIT-2020-099,Xianglin Zhang,"Zhang, Xianglin",parent,"thank my parents, Hong Yun and Xianglin Zhang, for raising me",5,5,https://dspace.mit.edu/server/api/core/bitstreams/a505e0c6-70cf-461f-a6c1-0bdfaa41a663/content,2026-08-06
MIT-2020-099,Mengcheng Wang,"Wang, Mengcheng",partner,"grateful to my dear wife, Mengcheng Wang, for her love and support throughout my PhD",5,5,https://dspace.mit.edu/server/api/core/bitstreams/a505e0c6-70cf-461f-a6c1-0bdfaa41a663/content,2026-08-06
MIT-2020-100,Professor Saman Amarasinghe,"Amarasinghe, Saman",advisor,thank Professor Saman Amarasinghe for his guidance over the years,5,5,https://dspace.mit.edu/server/api/core/bitstreams/a505e0c6-70cf-461f-a6c1-0bdfaa41a663/content,2026-08-06
MIT-2020-100,Professor Julian Shun,"Shun, Julian",collaborator,Professor Julian Shun for his significant help on the GraphIt project,5,5,https://dspace.mit.edu/server/api/core/bitstreams/a505e0c6-70cf-461f-a6c1-0bdfaa41a663/content,2026-08-06
MIT-2020-100,Shoaib Kamil,"Kamil, Shoaib",collaborator,Shoaib Kamil has also provided valuable feedback and countless comments on the GraphIt project,5,5,https://dspace.mit.edu/server/api/core/bitstreams/a505e0c6-70cf-461f-a6c1-0bdfaa41a663/content,2026-08-06
MIT-2020-100,Professor Matei Zaharia,"Zaharia, Matei",other,gratitude to Professor Matei Zaharia for his guidance in the early years of my PhD,5,5,https://dspace.mit.edu/server/api/core/bitstreams/a505e0c6-70cf-461f-a6c1-0bdfaa41a663/content,2026-08-06
MIT-2020-100,Professor Michael Carbin,"Carbin, Michael",committee,thank Professor Michael Carbin for his help and feedback with my defense and thesis,5,5,https://dspace.mit.edu/server/api/core/bitstreams/a505e0c6-70cf-461f-a6c1-0bdfaa41a663/content,2026-08-06
MIT-2020-100,Vladimir Kiriansky,"Kiriansky, Vladimir",collaborator,instrumental in the development of the cache optimizations and provided invaluable mentorship,5,5,https://dspace.mit.edu/server/api/core/bitstreams/a505e0c6-70cf-461f-a6c1-0bdfaa41a663/content,2026-08-06
MIT-2020-100,Mengjiao Yang,"Yang, Mengjiao",collaborator,"Mengjiao Yang, Ajay Brahmakshatriya, Xinyi Chen... have contributed significantly to GraphIt's optimizations",5,5,https://dspace.mit.edu/server/api/core/bitstreams/a505e0c6-70cf-461f-a6c1-0bdfaa41a663/content,2026-08-06
MIT-2020-100,Ajay Brahmakshatriya,"Brahmakshatriya, Ajay",collaborator,"Mengjiao Yang, Ajay Brahmakshatriya, Xinyi Chen... contributed significantly to GraphIt's optimizations",5,5,https://dspace.mit.edu/server/api/core/bitstreams/a505e0c6-70cf-461f-a6c1-0bdfaa41a663/content,2026-08-06
MIT-2020-100,Xinyi Chen,"Chen, Xinyi",collaborator,"Mengjiao Yang, Ajay Brahmakshatriya, Xinyi Chen, Laxman Dhulipala... contributed significantly",5,5,https://dspace.mit.edu/server/api/core/bitstreams/a505e0c6-70cf-461f-a6c1-0bdfaa41a663/content,2026-08-06
MIT-2020-100,Laxman Dhulipala,"Dhulipala, Laxman",collaborator,"Xinyi Chen, Laxman Dhulipala, and Riyadh Baghdadi have contributed significantly",5,5,https://dspace.mit.edu/server/api/core/bitstreams/a505e0c6-70cf-461f-a6c1-0bdfaa41a663/content,2026-08-06
MIT-2020-100,Riyadh Baghdadi,"Baghdadi, Riyadh",collaborator,"Laxman Dhulipala, and Riyadh Baghdadi have contributed significantly to GraphIt's optimizations",5,5,https://dspace.mit.edu/server/api/core/bitstreams/a505e0c6-70cf-461f-a6c1-0bdfaa41a663/content,2026-08-06
MIT-2020-100,Changwan Hong,"Hong, Changwan",collaborator,"Changwan Hong, Tugsbayasgalan Manlaibaatar, Claire Hsu... contributed significantly to various other features",5,5,https://dspace.mit.edu/server/api/core/bitstreams/a505e0c6-70cf-461f-a6c1-0bdfaa41a663/content,2026-08-06
MIT-2020-100,Tugsbayasgalan Manlaibaatar,"Manlaibaatar, Tugsbayasgalan",collaborator,"Changwan Hong, Tugsbayasgalan Manlaibaatar, Claire Hsu... contributed significantly",5,5,https://dspace.mit.edu/server/api/core/bitstreams/a505e0c6-70cf-461f-a6c1-0bdfaa41a663/content,2026-08-06
MIT-2020-100,Claire Hsu,"Hsu, Claire",collaborator,"Tugsbayasgalan Manlaibaatar, Claire Hsu, Charith Mendis, and Kenny Yang... contributed significantly",5,5,https://dspace.mit.edu/server/api/core/bitstreams/a505e0c6-70cf-461f-a6c1-0bdfaa41a663/content,2026-08-06
MIT-2020-100,Charith Mendis,"Mendis, Charith",collaborator,"Claire Hsu, Charith Mendis, and Kenny Yang have also contributed significantly",5,5,https://dspace.mit.edu/server/api/core/bitstreams/a505e0c6-70cf-461f-a6c1-0bdfaa41a663/content,2026-08-06
MIT-2020-100,Kenny Yang,"Yang, Kenny",collaborator,"Charith Mendis, and Kenny Yang have also contributed significantly to various other features",5,5,https://dspace.mit.edu/server/api/core/bitstreams/a505e0c6-70cf-461f-a6c1-0bdfaa41a663/content,2026-08-06
MIT-2020-100,Stephen Chou,"Chou, Stephen",collaborator,Stephen Chou provided valuable help in building the parser for GraphIt,5,5,https://dspace.mit.edu/server/api/core/bitstreams/a505e0c6-70cf-461f-a6c1-0bdfaa41a663/content,2026-08-06
MIT-2020-100,Hong Yun,"Yun, Hong",parent,"thank my parents, Hong Yun and Xianglin Zhang, for raising me",5,5,https://dspace.mit.edu/server/api/core/bitstreams/a505e0c6-70cf-461f-a6c1-0bdfaa41a663/content,2026-08-06
MIT-2020-100,Xianglin Zhang,"Zhang, Xianglin",parent,"thank my parents, Hong Yun and Xianglin Zhang, for raising me",5,5,https://dspace.mit.edu/server/api/core/bitstreams/a505e0c6-70cf-461f-a6c1-0bdfaa41a663/content,2026-08-06
MIT-2020-100,Mengcheng Wang,"Wang, Mengcheng",partner,"grateful to my dear wife, Mengcheng Wang, for her love and support throughout my PhD",5,5,https://dspace.mit.edu/server/api/core/bitstreams/a505e0c6-70cf-461f-a6c1-0bdfaa41a663/content,2026-08-06
MIT-2020-101,Prof. Jing Kong,"Kong, Jing",advisor,thank my research advisors Prof. Jing Kong and Prof. Tomás Palacios for their mentorship and support,5,5,https://dspace.mit.edu/server/api/core/bitstreams/2226a375-79d4-4ecf-b823-d2a632efe3d3/content,2026-08-06
MIT-2020-101,Prof. Tomás Palacios,"Palacios, Tomás",advisor,thank my research advisors Prof. Jing Kong and Prof. Tomás Palacios for their mentorship and support,5,5,https://dspace.mit.edu/server/api/core/bitstreams/2226a375-79d4-4ecf-b823-d2a632efe3d3/content,2026-08-06
MIT-2020-101,Prof. Michael Strano,"Strano, Michael",committee,my third committee member Prof. Michael Strano for his discussions and suggestions for my thesis,5,5,https://dspace.mit.edu/server/api/core/bitstreams/2226a375-79d4-4ecf-b823-d2a632efe3d3/content,2026-08-06
MIT-2020-101,Prof. Millie Dresselhaus,"Dresselhaus, Millie",other,gratitude to Prof. Millie Dresselhaus for discussions about my research and her guidance during the first years of my PhD,5,5,https://dspace.mit.edu/server/api/core/bitstreams/2226a375-79d4-4ecf-b823-d2a632efe3d3/content,2026-08-06
MIT-2020-101,Prof. Mario Hoffman,"Hoffman, Mario",collaborator,thank you to Prof. Mario Hoffman and Prof. Ya-Ping Hsieh for inviting me to their groups for a short research stay,5,5,https://dspace.mit.edu/server/api/core/bitstreams/2226a375-79d4-4ecf-b823-d2a632efe3d3/content,2026-08-06
MIT-2020-101,Prof. Ya-Ping Hsieh,"Hsieh, Ya-Ping",collaborator,thank you to Prof. Mario Hoffman and Prof. Ya-Ping Hsieh for inviting me to their groups for a short research stay,5,5,https://dspace.mit.edu/server/api/core/bitstreams/2226a375-79d4-4ecf-b823-d2a632efe3d3/content,2026-08-06
MIT-2020-101,Stanton Ashburn,"Ashburn, Stanton",other,my advisors Stanton Ashburn and Jens Lohse ... during my internship at the Richardson Fab of Texas Instruments,5,5,https://dspace.mit.edu/server/api/core/bitstreams/2226a375-79d4-4ecf-b823-d2a632efe3d3/content,2026-08-06
MIT-2020-101,Jens Lohse,"Lohse, Jens",other,my advisors Stanton Ashburn and Jens Lohse ... during my internship at the Richardson Fab of Texas Instruments,5,5,https://dspace.mit.edu/server/api/core/bitstreams/2226a375-79d4-4ecf-b823-d2a632efe3d3/content,2026-08-06
MIT-2020-101,Bernard Alamariu,"Alamariu, Bernard",other,want to thank ... who helped maintain these complex facilities and provided help for fabrication issues,5,5,https://dspace.mit.edu/server/api/core/bitstreams/2226a375-79d4-4ecf-b823-d2a632efe3d3/content,2026-08-06
MIT-2020-101,Bob Bicchieri,"Bicchieri, Bob",other,"facility staff thanked for tool trainings, trouble-shooting tools or discussing fabrication processes",5,5,https://dspace.mit.edu/server/api/core/bitstreams/2226a375-79d4-4ecf-b823-d2a632efe3d3/content,2026-08-06
MIT-2020-101,Daniel Adams,"Adams, Daniel",other,"facility staff thanked for tool trainings, trouble-shooting tools or discussing fabrication processes",5,5,https://dspace.mit.edu/server/api/core/bitstreams/2226a375-79d4-4ecf-b823-d2a632efe3d3/content,2026-08-06
MIT-2020-101,Dave Terry,"Terry, Dave",other,"facility staff thanked for tool trainings, trouble-shooting tools or discussing fabrication processes",5,5,https://dspace.mit.edu/server/api/core/bitstreams/2226a375-79d4-4ecf-b823-d2a632efe3d3/content,2026-08-06
MIT-2020-101,Dennis Ward,"Ward, Dennis",other,"facility staff thanked for tool trainings, trouble-shooting tools or discussing fabrication processes",5,5,https://dspace.mit.edu/server/api/core/bitstreams/2226a375-79d4-4ecf-b823-d2a632efe3d3/content,2026-08-06
MIT-2020-101,Donal Jamieson,"Jamieson, Donal",other,"facility staff thanked for tool trainings, trouble-shooting tools or discussing fabrication processes",5,5,https://dspace.mit.edu/server/api/core/bitstreams/2226a375-79d4-4ecf-b823-d2a632efe3d3/content,2026-08-06
MIT-2020-101,Eric Lim,"Lim, Eric",other,"facility staff thanked for tool trainings, trouble-shooting tools or discussing fabrication processes",5,5,https://dspace.mit.edu/server/api/core/bitstreams/2226a375-79d4-4ecf-b823-d2a632efe3d3/content,2026-08-06
MIT-2020-101,Gary Riggott,"Riggott, Gary",other,"facility staff thanked for tool trainings, trouble-shooting tools or discussing fabrication processes",5,5,https://dspace.mit.edu/server/api/core/bitstreams/2226a375-79d4-4ecf-b823-d2a632efe3d3/content,2026-08-06
MIT-2020-101,Jim Daley,"Daley, Jim",other,"facility staff thanked for tool trainings, trouble-shooting tools or discussing fabrication processes",5,5,https://dspace.mit.edu/server/api/core/bitstreams/2226a375-79d4-4ecf-b823-d2a632efe3d3/content,2026-08-06
MIT-2020-101,Jorg Scholvin,"Scholvin, Jorg",other,"facility staff thanked for tool trainings, trouble-shooting tools or discussing fabrication processes",5,5,https://dspace.mit.edu/server/api/core/bitstreams/2226a375-79d4-4ecf-b823-d2a632efe3d3/content,2026-08-06
MIT-2020-101,Kris Payer,"Payer, Kris",other,"facility staff thanked for tool trainings, trouble-shooting tools or discussing fabrication processes",5,5,https://dspace.mit.edu/server/api/core/bitstreams/2226a375-79d4-4ecf-b823-d2a632efe3d3/content,2026-08-06
MIT-2020-101,Kurt Broderick,"Broderick, Kurt",other,"facility staff thanked for tool trainings, trouble-shooting tools or discussing fabrication processes",5,5,https://dspace.mit.edu/server/api/core/bitstreams/2226a375-79d4-4ecf-b823-d2a632efe3d3/content,2026-08-06
MIT-2020-101,Mark Mondol,"Mondol, Mark",other,"facility staff thanked for tool trainings, trouble-shooting tools or discussing fabrication processes",5,5,https://dspace.mit.edu/server/api/core/bitstreams/2226a375-79d4-4ecf-b823-d2a632efe3d3/content,2026-08-06
MIT-2020-101,Paudely Zamora,"Zamora, Paudely",other,"facility staff thanked for tool trainings, trouble-shooting tools or discussing fabrication processes",5,5,https://dspace.mit.edu/server/api/core/bitstreams/2226a375-79d4-4ecf-b823-d2a632efe3d3/content,2026-08-06
MIT-2020-101,Paul Tierney,"Tierney, Paul",other,"facility staff thanked for tool trainings, trouble-shooting tools or discussing fabrication processes",5,5,https://dspace.mit.edu/server/api/core/bitstreams/2226a375-79d4-4ecf-b823-d2a632efe3d3/content,2026-08-06
MIT-2020-101,Paul McGrath,"McGrath, Paul",other,"facility staff thanked for tool trainings, trouble-shooting tools or discussing fabrication processes",5,5,https://dspace.mit.edu/server/api/core/bitstreams/2226a375-79d4-4ecf-b823-d2a632efe3d3/content,2026-08-06
MIT-2020-101,Ryan O'Keefe,"O'Keefe, Ryan",other,"facility staff thanked for tool trainings, trouble-shooting tools or discussing fabrication processes",5,5,https://dspace.mit.edu/server/api/core/bitstreams/2226a375-79d4-4ecf-b823-d2a632efe3d3/content,2026-08-06
MIT-2020-101,Scott Poesse,"Poesse, Scott",other,"facility staff thanked for tool trainings, trouble-shooting tools or discussing fabrication processes",5,5,https://dspace.mit.edu/server/api/core/bitstreams/2226a375-79d4-4ecf-b823-d2a632efe3d3/content,2026-08-06
MIT-2020-101,Tim Turner,"Turner, Tim",other,"facility staff thanked for tool trainings, trouble-shooting tools or discussing fabrication processes",5,5,https://dspace.mit.edu/server/api/core/bitstreams/2226a375-79d4-4ecf-b823-d2a632efe3d3/content,2026-08-06
MIT-2020-101,Vicky Diadiuk,"Diadiuk, Vicky",other,"facility staff thanked for tool trainings, trouble-shooting tools or discussing fabrication processes",5,5,https://dspace.mit.edu/server/api/core/bitstreams/2226a375-79d4-4ecf-b823-d2a632efe3d3/content,2026-08-06
MIT-2020-101,Whitney Hess,"Hess, Whitney",other,"facility staff thanked for tool trainings, trouble-shooting tools or discussing fabrication processes",5,5,https://dspace.mit.edu/server/api/core/bitstreams/2226a375-79d4-4ecf-b823-d2a632efe3d3/content,2026-08-06
MIT-2020-101,Joseph Baylon,"Baylon, Joseph",other,sincerely thank Joseph Baylon for his exceptional help in supporting my work in the Palacios group,5,5,https://dspace.mit.edu/server/api/core/bitstreams/2226a375-79d4-4ecf-b823-d2a632efe3d3/content,2026-08-06
MIT-2020-101,Mike Hobbs,"Hobbs, Mike",other,"acknowledge Mike Hobbs, Bill Maloney and Michael McIlrath for their help with computer issues and MTL's CAD services",5,5,https://dspace.mit.edu/server/api/core/bitstreams/2226a375-79d4-4ecf-b823-d2a632efe3d3/content,2026-08-06
MIT-2020-101,Bill Maloney,"Maloney, Bill",other,"acknowledge Mike Hobbs, Bill Maloney and Michael McIlrath for their help with computer issues and MTL's CAD services",5,5,https://dspace.mit.edu/server/api/core/bitstreams/2226a375-79d4-4ecf-b823-d2a632efe3d3/content,2026-08-06
MIT-2020-101,Michael McIlrath,"McIlrath, Michael",other,"acknowledge Mike Hobbs, Bill Maloney and Michael McIlrath for their help with computer issues and MTL's CAD services",5,5,https://dspace.mit.edu/server/api/core/bitstreams/2226a375-79d4-4ecf-b823-d2a632efe3d3/content,2026-08-06
MIT-2020-101,Debroah Hodges-Pabon,"Hodges-Pabon, Debroah",other,pleasure to interact with ... for various logistic tasks such as organizing MARC2015 and MTL cookie socials,5,5,https://dspace.mit.edu/server/api/core/bitstreams/2226a375-79d4-4ecf-b823-d2a632efe3d3/content,2026-08-06
MIT-2020-101,Elizabeth Kubicki,"Kubicki, Elizabeth",other,pleasure to interact with ... for various logistic tasks such as organizing MARC2015 and MTL cookie socials,5,5,https://dspace.mit.edu/server/api/core/bitstreams/2226a375-79d4-4ecf-b823-d2a632efe3d3/content,2026-08-06
MIT-2020-101,Jami Mitchell,"Mitchell, Jami",other,pleasure to interact with ... for various logistic tasks such as organizing MARC2015 and MTL cookie socials,5,5,https://dspace.mit.edu/server/api/core/bitstreams/2226a375-79d4-4ecf-b823-d2a632efe3d3/content,2026-08-06
MIT-2020-101,Katrina Mounlavongsy,"Mounlavongsy, Katrina",other,pleasure to interact with ... for various logistic tasks such as organizing MARC2015 and MTL cookie socials,5,5,https://dspace.mit.edu/server/api/core/bitstreams/2226a375-79d4-4ecf-b823-d2a632efe3d3/content,2026-08-06
MIT-2020-101,Luda Leopardi,"Leopardi, Luda",other,pleasure to interact with ... for various logistic tasks such as organizing MARC2015 and MTL cookie socials,5,5,https://dspace.mit.edu/server/api/core/bitstreams/2226a375-79d4-4ecf-b823-d2a632efe3d3/content,2026-08-06
MIT-2020-101,Mara Karapetian,"Karapetian, Mara",other,pleasure to interact with ... for various logistic tasks such as organizing MARC2015 and MTL cookie socials,5,5,https://dspace.mit.edu/server/api/core/bitstreams/2226a375-79d4-4ecf-b823-d2a632efe3d3/content,2026-08-06
MIT-2020-101,Mary O'Neil,"O'Neil, Mary",other,pleasure to interact with ... for various logistic tasks such as organizing MARC2015 and MTL cookie socials,5,5,https://dspace.mit.edu/server/api/core/bitstreams/2226a375-79d4-4ecf-b823-d2a632efe3d3/content,2026-08-06
MIT-2020-101,Sam Crooks,"Crooks, Sam",other,pleasure to interact with ... for various logistic tasks such as organizing MARC2015 and MTL cookie socials,5,5,https://dspace.mit.edu/server/api/core/bitstreams/2226a375-79d4-4ecf-b823-d2a632efe3d3/content,2026-08-06
MIT-2020-101,Shereece Beckford,"Beckford, Shereece",other,pleasure to interact with ... for various logistic tasks such as organizing MARC2015 and MTL cookie socials,5,5,https://dspace.mit.edu/server/api/core/bitstreams/2226a375-79d4-4ecf-b823-d2a632efe3d3/content,2026-08-06
MIT-2020-101,Stacy McDaid,"McDaid, Stacy",other,pleasure to interact with ... for various logistic tasks such as organizing MARC2015 and MTL cookie socials,5,5,https://dspace.mit.edu/server/api/core/bitstreams/2226a375-79d4-4ecf-b823-d2a632efe3d3/content,2026-08-06
MIT-2020-101,Steven O'Hearn,"O'Hearn, Steven",other,pleasure to interact with ... for various logistic tasks such as organizing MARC2015 and MTL cookie socials,5,5,https://dspace.mit.edu/server/api/core/bitstreams/2226a375-79d4-4ecf-b823-d2a632efe3d3/content,2026-08-06
MIT-2020-101,Valerie DiNardo,"DiNardo, Valerie",other,pleasure to interact with ... for various logistic tasks such as organizing MARC2015 and MTL cookie socials,5,5,https://dspace.mit.edu/server/api/core/bitstreams/2226a375-79d4-4ecf-b823-d2a632efe3d3/content,2026-08-06
MIT-2020-101,Yi Song,"Song, Yi",collaborator,"thank Yi Song, Wenjing Fan, Fei Hui and Ang-Yu Lu for helping me with the 2D material synthesis",5,5,https://dspace.mit.edu/server/api/core/bitstreams/2226a375-79d4-4ecf-b823-d2a632efe3d3/content,2026-08-06
MIT-2020-101,Wenjing Fan,"Fan, Wenjing",collaborator,"thank Yi Song, Wenjing Fan, Fei Hui and Ang-Yu Lu for helping me with the 2D material synthesis",5,5,https://dspace.mit.edu/server/api/core/bitstreams/2226a375-79d4-4ecf-b823-d2a632efe3d3/content,2026-08-06
MIT-2020-101,Fei Hui,"Hui, Fei",collaborator,"thank Yi Song, Wenjing Fan, Fei Hui and Ang-Yu Lu for helping me with the 2D material synthesis",5,5,https://dspace.mit.edu/server/api/core/bitstreams/2226a375-79d4-4ecf-b823-d2a632efe3d3/content,2026-08-06
MIT-2020-101,Ang-Yu Lu,"Lu, Ang-Yu",collaborator,"thank Yi Song, Wenjing Fan, Fei Hui and Ang-Yu Lu for helping me with the 2D material synthesis",5,5,https://dspace.mit.edu/server/api/core/bitstreams/2226a375-79d4-4ecf-b823-d2a632efe3d3/content,2026-08-06
MIT-2020-101,Mahdi Tavakoli,"Tavakoli, Mahdi",collaborator,Mahdi Tavakoli and Giovanni Azzellino for their help with the solar cell fabrication and characterization,5,5,https://dspace.mit.edu/server/api/core/bitstreams/2226a375-79d4-4ecf-b823-d2a632efe3d3/content,2026-08-06
MIT-2020-101,Giovanni Azzellino,"Azzellino, Giovanni",collaborator,Mahdi Tavakoli and Giovanni Azzellino for their help with the solar cell fabrication and characterization,5,5,https://dspace.mit.edu/server/api/core/bitstreams/2226a375-79d4-4ecf-b823-d2a632efe3d3/content,2026-08-06
MIT-2020-101,Libby Shaw,"Shaw, Libby",other,acknowledge Libby Shaw for her support with XPS measurements,5,5,https://dspace.mit.edu/server/api/core/bitstreams/2226a375-79d4-4ecf-b823-d2a632efe3d3/content,2026-08-06
MIT-2020-102,Prof. Dirk Englund,"Englund, Dirk",advisor,"express my sincere gratitude to my advisor, Prof. Dirk Englund, for his immense knowledge and continuous inspiration",5,5,https://dspace.mit.edu/server/api/core/bitstreams/09966a38-94a9-4c23-869d-9e0fab5cd1c8/content,2026-08-06
MIT-2020-102,Prof. Tomas Palacios,"Palacios, Tomas",committee,"members of my thesis and RQE committees - Prof. Tomas Palacios, Prof. Kevin O'Brien, and Prof. Jing Kong",5,5,https://dspace.mit.edu/server/api/core/bitstreams/09966a38-94a9-4c23-869d-9e0fab5cd1c8/content,2026-08-06
MIT-2020-102,Prof. Kevin O'Brien,"O'Brien, Kevin",committee,"members of my thesis and RQE committees - Prof. Tomas Palacios, Prof. Kevin O'Brien, and Prof. Jing Kong",5,5,https://dspace.mit.edu/server/api/core/bitstreams/09966a38-94a9-4c23-869d-9e0fab5cd1c8/content,2026-08-06
MIT-2020-102,Prof. Jing Kong,"Kong, Jing",committee,"members of my thesis and RQE committees - Prof. Tomas Palacios, Prof. Kevin O'Brien, and Prof. Jing Kong",5,5,https://dspace.mit.edu/server/api/core/bitstreams/09966a38-94a9-4c23-869d-9e0fab5cd1c8/content,2026-08-06
MIT-2020-102,Prof. Karl Berggren,"Berggren, Karl",advisor,"my academic advisor, Prof. Karl Berggren, who helped me stay on track in the program",5,5,https://dspace.mit.edu/server/api/core/bitstreams/09966a38-94a9-4c23-869d-9e0fab5cd1c8/content,2026-08-06
MIT-2020-102,Jim Daley,"Daley, Jim",other,thanks also go to Jim Daley and Mark Mondol of the NSL nanofabrication facility,5,5,https://dspace.mit.edu/server/api/core/bitstreams/09966a38-94a9-4c23-869d-9e0fab5cd1c8/content,2026-08-06
MIT-2020-102,Mark Mondol,"Mondol, Mark",other,thanks also go to Jim Daley and Mark Mondol of the NSL nanofabrication facility,5,5,https://dspace.mit.edu/server/api/core/bitstreams/09966a38-94a9-4c23-869d-9e0fab5cd1c8/content,2026-08-06
MIT-2020-102,Janice Balzer,"Balzer, Janice",other,"Janice Balzer, who helped me with every administrative issue with speed and patience",5,5,https://dspace.mit.edu/server/api/core/bitstreams/09966a38-94a9-4c23-869d-9e0fab5cd1c8/content,2026-08-06
MIT-2020-102,Dr. Ren-Jye Shiue,"Shiue, Ren-Jye",collaborator,"mentors and collaborators ... Dr. Ren-Jye Shiue, who taught me everything about graphene and opto-electronic experiments",5,5,https://dspace.mit.edu/server/api/core/bitstreams/09966a38-94a9-4c23-869d-9e0fab5cd1c8/content,2026-08-06
MIT-2020-102,Prof. Dmitri Efetov,"Efetov, Dmitri",collaborator,"Prof. Dmitri Efetov, who guided me bit by bit through my first major project",5,5,https://dspace.mit.edu/server/api/core/bitstreams/09966a38-94a9-4c23-869d-9e0fab5cd1c8/content,2026-08-06
MIT-2020-102,Dr. Ryan Hamerly,"Hamerly, Ryan",collaborator,"Dr. Ryan Hamerly, for his insightful theoretical guidance",5,5,https://dspace.mit.edu/server/api/core/bitstreams/09966a38-94a9-4c23-869d-9e0fab5cd1c8/content,2026-08-06
MIT-2020-102,Christopher Panuski,"Panuski, Christopher",friend,worked as the best team mate one could ask for ... support each other through a valuable friendship,5,5,https://dspace.mit.edu/server/api/core/bitstreams/09966a38-94a9-4c23-869d-9e0fab5cd1c8/content,2026-08-06
MIT-2020-102,Mihika Prabhu,"Prabhu, Mihika",friend,my friends both in and out of the lab ... Mihika Prabhu and Christopher Panuski whom I spent days and nights in the office with,5,5,https://dspace.mit.edu/server/api/core/bitstreams/09966a38-94a9-4c23-869d-9e0fab5cd1c8/content,2026-08-06
